red_id,Timestamp,datum,sesija_id,epizoda_id,Room_Occupancy_Count,skup
0,2017-12-22 10:49:41,2017-12-22,0,1,1,development
1,2017-12-22 10:50:12,2017-12-22,0,1,1,development
2,2017-12-22 10:50:42,2017-12-22,0,1,1,development
3,2017-12-22 10:51:13,2017-12-22,0,1,1,development
4,2017-12-22 10:51:44,2017-12-22,0,1,1,development
5,2017-12-22 10:52:14,2017-12-22,0,1,1,development
6,2017-12-22 10:52:45,2017-12-22,0,1,1,development
7,2017-12-22 10:53:15,2017-12-22,0,1,1,development
8,2017-12-22 10:53:46,2017-12-22,0,1,1,development
9,2017-12-22 10:54:17,2017-12-22,0,1,1,development
10,2017-12-22 10:54:47,2017-12-22,0,1,1,development
11,2017-12-22 10:55:18,2017-12-22,0,1,1,development
12,2017-12-22 10:55:49,2017-12-22,0,1,1,development
13,2017-12-22 10:56:19,2017-12-22,0,1,1,development
14,2017-12-22 10:56:50,2017-12-22,0,1,1,development
15,2017-12-22 10:57:21,2017-12-22,0,1,1,development
16,2017-12-22 10:57:51,2017-12-22,0,1,1,development
17,2017-12-22 10:58:22,2017-12-22,0,1,1,development
18,2017-12-22 10:58:52,2017-12-22,0,1,1,development
19,2017-12-22 10:59:23,2017-12-22,0,1,1,development
20,2017-12-22 10:59:54,2017-12-22,0,1,1,development
21,2017-12-22 11:00:24,2017-12-22,0,1,1,development
22,2017-12-22 11:00:55,2017-12-22,0,1,1,development
23,2017-12-22 11:01:26,2017-12-22,0,1,1,development
24,2017-12-22 11:01:56,2017-12-22,0,1,1,development
25,2017-12-22 11:02:27,2017-12-22,0,1,1,development
26,2017-12-22 11:02:58,2017-12-22,0,1,1,development
27,2017-12-22 11:03:28,2017-12-22,0,1,1,development
28,2017-12-22 11:03:59,2017-12-22,0,1,1,development
29,2017-12-22 11:04:29,2017-12-22,0,1,1,development
30,2017-12-22 11:05:00,2017-12-22,0,1,1,development
31,2017-12-22 11:05:31,2017-12-22,0,1,1,development
32,2017-12-22 11:06:01,2017-12-22,0,1,1,development
33,2017-12-22 11:06:32,2017-12-22,0,1,1,development
34,2017-12-22 11:07:03,2017-12-22,0,1,1,development
35,2017-12-22 11:07:33,2017-12-22,0,1,1,development
36,2017-12-22 11:08:04,2017-12-22,0,1,1,development
37,2017-12-22 11:08:35,2017-12-22,0,1,1,development
38,2017-12-22 11:09:05,2017-12-22,0,1,1,development
39,2017-12-22 11:09:36,2017-12-22,0,1,1,development
40,2017-12-22 11:10:06,2017-12-22,0,1,1,development
41,2017-12-22 11:10:37,2017-12-22,0,1,1,development
42,2017-12-22 11:11:08,2017-12-22,0,1,1,development
43,2017-12-22 11:11:38,2017-12-22,0,1,1,development
44,2017-12-22 11:12:09,2017-12-22,0,1,1,development
45,2017-12-22 11:12:40,2017-12-22,0,1,1,development
46,2017-12-22 11:13:10,2017-12-22,0,1,1,development
47,2017-12-22 11:13:41,2017-12-22,0,1,1,development
48,2017-12-22 11:14:12,2017-12-22,0,1,1,development
49,2017-12-22 11:14:42,2017-12-22,0,1,1,development
50,2017-12-22 11:15:13,2017-12-22,0,1,1,development
51,2017-12-22 11:15:43,2017-12-22,0,1,1,development
52,2017-12-22 11:16:14,2017-12-22,0,1,1,development
53,2017-12-22 11:16:45,2017-12-22,0,1,1,development
54,2017-12-22 11:17:15,2017-12-22,0,1,1,development
55,2017-12-22 11:17:46,2017-12-22,0,1,1,development
56,2017-12-22 11:18:17,2017-12-22,0,1,1,development
57,2017-12-22 11:18:47,2017-12-22,0,1,1,development
58,2017-12-22 11:19:18,2017-12-22,0,1,1,development
59,2017-12-22 11:19:49,2017-12-22,0,1,1,development
60,2017-12-22 11:20:19,2017-12-22,0,1,1,development
61,2017-12-22 11:20:50,2017-12-22,0,1,1,development
62,2017-12-22 11:21:20,2017-12-22,0,1,1,development
63,2017-12-22 11:21:51,2017-12-22,0,1,1,development
64,2017-12-22 11:22:22,2017-12-22,0,1,1,development
65,2017-12-22 11:22:52,2017-12-22,0,1,1,development
66,2017-12-22 11:23:23,2017-12-22,0,1,1,development
67,2017-12-22 11:23:54,2017-12-22,0,1,1,development
68,2017-12-22 11:24:24,2017-12-22,0,1,1,development
69,2017-12-22 11:24:55,2017-12-22,0,1,1,development
70,2017-12-22 11:25:25,2017-12-22,0,1,1,development
71,2017-12-22 11:25:56,2017-12-22,0,1,1,development
72,2017-12-22 11:26:27,2017-12-22,0,1,1,development
73,2017-12-22 11:27:28,2017-12-22,0,1,1,development
74,2017-12-22 11:27:59,2017-12-22,0,1,1,development
75,2017-12-22 11:28:29,2017-12-22,0,2,2,development
76,2017-12-22 11:29:00,2017-12-22,0,2,2,development
77,2017-12-22 11:29:31,2017-12-22,0,2,2,development
78,2017-12-22 11:30:01,2017-12-22,0,2,2,development
79,2017-12-22 11:30:32,2017-12-22,0,2,2,development
80,2017-12-22 11:31:02,2017-12-22,0,2,2,development
81,2017-12-22 11:31:33,2017-12-22,0,2,2,development
82,2017-12-22 11:32:04,2017-12-22,0,2,2,development
83,2017-12-22 11:32:34,2017-12-22,0,2,2,development
84,2017-12-22 11:33:05,2017-12-22,0,2,2,development
85,2017-12-22 11:33:36,2017-12-22,0,2,2,development
86,2017-12-22 11:34:06,2017-12-22,0,2,2,development
87,2017-12-22 11:34:37,2017-12-22,0,2,2,development
88,2017-12-22 11:35:08,2017-12-22,0,2,2,development
89,2017-12-22 11:35:38,2017-12-22,0,2,2,development
90,2017-12-22 11:36:09,2017-12-22,0,2,2,development
91,2017-12-22 11:36:39,2017-12-22,0,2,2,development
92,2017-12-22 11:39:13,2017-12-22,1,3,2,development
93,2017-12-22 11:39:43,2017-12-22,1,3,2,development
94,2017-12-22 11:40:14,2017-12-22,1,3,2,development
95,2017-12-22 11:40:45,2017-12-22,1,3,2,development
96,2017-12-22 11:41:15,2017-12-22,1,3,2,development
97,2017-12-22 11:41:46,2017-12-22,1,3,2,development
98,2017-12-22 11:42:16,2017-12-22,1,3,2,development
99,2017-12-22 11:42:47,2017-12-22,1,3,2,development
100,2017-12-22 11:43:18,2017-12-22,1,3,2,development
101,2017-12-22 11:43:48,2017-12-22,1,3,2,development
102,2017-12-22 11:44:19,2017-12-22,1,3,2,development
103,2017-12-22 11:44:50,2017-12-22,1,3,2,development
104,2017-12-22 11:45:20,2017-12-22,1,3,2,development
105,2017-12-22 11:45:51,2017-12-22,1,3,2,development
106,2017-12-22 11:46:22,2017-12-22,1,3,2,development
107,2017-12-22 11:46:52,2017-12-22,1,3,2,development
108,2017-12-22 11:47:23,2017-12-22,1,3,2,development
109,2017-12-22 11:47:53,2017-12-22,1,3,2,development
110,2017-12-22 11:48:24,2017-12-22,1,3,2,development
111,2017-12-22 11:48:55,2017-12-22,1,3,2,development
112,2017-12-22 11:49:25,2017-12-22,1,3,2,development
113,2017-12-22 11:49:56,2017-12-22,1,3,2,development
114,2017-12-22 11:50:27,2017-12-22,1,3,2,development
115,2017-12-22 11:50:57,2017-12-22,1,3,2,development
116,2017-12-22 11:51:28,2017-12-22,1,3,2,development
117,2017-12-22 11:51:59,2017-12-22,1,3,2,development
118,2017-12-22 11:52:29,2017-12-22,1,3,2,development
119,2017-12-22 11:53:00,2017-12-22,1,3,2,development
120,2017-12-22 11:53:30,2017-12-22,1,3,2,development
121,2017-12-22 11:54:01,2017-12-22,1,4,1,development
122,2017-12-22 11:54:32,2017-12-22,1,4,1,development
123,2017-12-22 11:55:02,2017-12-22,1,5,2,development
124,2017-12-22 11:55:33,2017-12-22,1,5,2,development
125,2017-12-22 11:56:04,2017-12-22,1,5,2,development
126,2017-12-22 11:56:34,2017-12-22,1,5,2,development
127,2017-12-22 11:57:05,2017-12-22,1,5,2,development
128,2017-12-22 11:57:36,2017-12-22,1,5,2,development
129,2017-12-22 11:58:06,2017-12-22,1,5,2,development
130,2017-12-22 11:58:37,2017-12-22,1,5,2,development
131,2017-12-22 11:59:07,2017-12-22,1,5,2,development
132,2017-12-22 11:59:38,2017-12-22,1,5,2,development
133,2017-12-22 12:00:09,2017-12-22,1,5,2,development
134,2017-12-22 12:00:39,2017-12-22,1,5,2,development
135,2017-12-22 12:01:10,2017-12-22,1,5,2,development
136,2017-12-22 12:01:41,2017-12-22,1,5,2,development
137,2017-12-22 12:02:11,2017-12-22,1,5,2,development
138,2017-12-22 12:02:42,2017-12-22,1,5,2,development
139,2017-12-22 12:03:12,2017-12-22,1,5,2,development
140,2017-12-22 12:03:43,2017-12-22,1,5,2,development
141,2017-12-22 12:04:14,2017-12-22,1,5,2,development
142,2017-12-22 12:04:44,2017-12-22,1,5,2,development
143,2017-12-22 12:05:15,2017-12-22,1,5,2,development
144,2017-12-22 12:05:46,2017-12-22,1,5,2,development
145,2017-12-22 12:06:16,2017-12-22,1,5,2,development
146,2017-12-22 12:06:47,2017-12-22,1,5,2,development
147,2017-12-22 12:07:18,2017-12-22,1,5,2,development
148,2017-12-22 12:07:48,2017-12-22,1,5,2,development
149,2017-12-22 12:08:19,2017-12-22,1,5,2,development
150,2017-12-22 12:08:49,2017-12-22,1,5,2,development
151,2017-12-22 12:09:20,2017-12-22,1,5,2,development
152,2017-12-22 12:09:51,2017-12-22,1,5,2,development
153,2017-12-22 12:10:21,2017-12-22,1,5,2,development
154,2017-12-22 12:10:52,2017-12-22,1,5,2,development
155,2017-12-22 12:11:23,2017-12-22,1,5,2,development
156,2017-12-22 12:11:53,2017-12-22,1,5,2,development
157,2017-12-22 12:12:24,2017-12-22,1,5,2,development
158,2017-12-22 12:12:55,2017-12-22,1,5,2,development
159,2017-12-22 12:13:25,2017-12-22,1,5,2,development
160,2017-12-22 12:13:56,2017-12-22,1,5,2,development
161,2017-12-22 12:14:26,2017-12-22,1,5,2,development
162,2017-12-22 12:14:57,2017-12-22,1,5,2,development
163,2017-12-22 12:15:28,2017-12-22,1,5,2,development
164,2017-12-22 12:15:58,2017-12-22,1,5,2,development
165,2017-12-22 12:16:29,2017-12-22,1,5,2,development
166,2017-12-22 12:17:00,2017-12-22,1,5,2,development
167,2017-12-22 12:17:30,2017-12-22,1,5,2,development
168,2017-12-22 12:18:01,2017-12-22,1,5,2,development
169,2017-12-22 12:18:32,2017-12-22,1,5,2,development
170,2017-12-22 12:19:02,2017-12-22,1,5,2,development
171,2017-12-22 12:19:33,2017-12-22,1,5,2,development
172,2017-12-22 12:20:03,2017-12-22,1,5,2,development
173,2017-12-22 12:20:34,2017-12-22,1,5,2,development
174,2017-12-22 12:21:05,2017-12-22,1,5,2,development
175,2017-12-22 12:21:35,2017-12-22,1,5,2,development
176,2017-12-22 12:22:06,2017-12-22,1,5,2,development
177,2017-12-22 12:22:37,2017-12-22,1,5,2,development
178,2017-12-22 12:23:38,2017-12-22,1,5,2,development
179,2017-12-22 12:24:09,2017-12-22,1,5,2,development
180,2017-12-22 12:24:39,2017-12-22,1,5,2,development
181,2017-12-22 12:25:10,2017-12-22,1,5,2,development
182,2017-12-22 12:25:40,2017-12-22,1,5,2,development
183,2017-12-22 12:26:11,2017-12-22,1,5,2,development
184,2017-12-22 12:26:42,2017-12-22,1,5,2,development
185,2017-12-22 12:27:12,2017-12-22,1,5,2,development
186,2017-12-22 12:27:43,2017-12-22,1,5,2,development
187,2017-12-22 12:28:14,2017-12-22,1,5,2,development
188,2017-12-22 12:28:44,2017-12-22,1,5,2,development
189,2017-12-22 12:29:15,2017-12-22,1,5,2,development
190,2017-12-22 12:29:46,2017-12-22,1,5,2,development
191,2017-12-22 12:30:16,2017-12-22,1,6,3,development
192,2017-12-22 12:30:47,2017-12-22,1,6,3,development
193,2017-12-22 12:31:17,2017-12-22,1,6,3,development
194,2017-12-22 12:31:48,2017-12-22,1,6,3,development
195,2017-12-22 12:32:19,2017-12-22,1,6,3,development
196,2017-12-22 12:32:49,2017-12-22,1,6,3,development
197,2017-12-22 12:33:20,2017-12-22,1,6,3,development
198,2017-12-22 12:33:51,2017-12-22,1,6,3,development
199,2017-12-22 12:34:21,2017-12-22,1,7,2,development
200,2017-12-22 12:34:52,2017-12-22,1,7,2,development
201,2017-12-22 12:35:22,2017-12-22,1,7,2,development
202,2017-12-22 12:35:53,2017-12-22,1,8,3,development
203,2017-12-22 12:36:24,2017-12-22,1,8,3,development
204,2017-12-22 12:36:54,2017-12-22,1,8,3,development
205,2017-12-22 12:37:25,2017-12-22,1,8,3,development
206,2017-12-22 12:37:56,2017-12-22,1,8,3,development
207,2017-12-22 12:38:26,2017-12-22,1,8,3,development
208,2017-12-22 12:38:57,2017-12-22,1,8,3,development
209,2017-12-22 12:39:28,2017-12-22,1,8,3,development
210,2017-12-22 12:39:58,2017-12-22,1,8,3,development
211,2017-12-22 12:40:29,2017-12-22,1,8,3,development
212,2017-12-22 12:40:59,2017-12-22,1,8,3,development
213,2017-12-22 12:41:30,2017-12-22,1,8,3,development
214,2017-12-22 12:42:01,2017-12-22,1,8,3,development
215,2017-12-22 12:42:31,2017-12-22,1,8,3,development
216,2017-12-22 13:08:03,2017-12-22,2,9,3,test
217,2017-12-22 13:08:34,2017-12-22,2,9,3,test
218,2017-12-22 13:09:04,2017-12-22,2,9,3,test
219,2017-12-22 13:09:35,2017-12-22,2,9,3,test
220,2017-12-22 13:10:06,2017-12-22,2,9,3,test
221,2017-12-22 13:10:36,2017-12-22,2,9,3,test
222,2017-12-22 13:11:07,2017-12-22,2,9,3,test
223,2017-12-22 13:11:38,2017-12-22,2,9,3,test
224,2017-12-22 13:12:08,2017-12-22,2,9,3,test
225,2017-12-22 13:12:39,2017-12-22,2,9,3,test
226,2017-12-22 13:13:09,2017-12-22,2,9,3,test
227,2017-12-22 13:13:40,2017-12-22,2,9,3,test
228,2017-12-22 13:14:11,2017-12-22,2,9,3,test
229,2017-12-22 13:14:41,2017-12-22,2,9,3,test
230,2017-12-22 13:15:12,2017-12-22,2,9,3,test
231,2017-12-22 13:15:43,2017-12-22,2,9,3,test
232,2017-12-22 13:16:13,2017-12-22,2,9,3,test
233,2017-12-22 13:16:44,2017-12-22,2,9,3,test
234,2017-12-22 13:17:15,2017-12-22,2,9,3,test
235,2017-12-22 13:17:45,2017-12-22,2,9,3,test
236,2017-12-22 13:18:16,2017-12-22,2,9,3,test
237,2017-12-22 13:19:17,2017-12-22,2,9,3,test
238,2017-12-22 13:19:48,2017-12-22,2,9,3,test
239,2017-12-22 13:20:18,2017-12-22,2,9,3,test
240,2017-12-22 13:20:49,2017-12-22,2,9,3,test
241,2017-12-22 13:21:20,2017-12-22,2,9,3,test
242,2017-12-22 13:21:50,2017-12-22,2,9,3,test
243,2017-12-22 13:22:21,2017-12-22,2,9,3,test
244,2017-12-22 13:22:52,2017-12-22,2,9,3,test
245,2017-12-22 13:23:22,2017-12-22,2,9,3,test
246,2017-12-22 13:23:53,2017-12-22,2,9,3,test
247,2017-12-22 13:24:23,2017-12-22,2,9,3,test
248,2017-12-22 13:24:54,2017-12-22,2,9,3,test
249,2017-12-22 13:25:25,2017-12-22,2,9,3,test
250,2017-12-22 13:25:55,2017-12-22,2,9,3,test
251,2017-12-22 13:26:26,2017-12-22,2,9,3,test
252,2017-12-22 13:26:57,2017-12-22,2,9,3,test
253,2017-12-22 13:27:27,2017-12-22,2,9,3,test
254,2017-12-22 13:27:58,2017-12-22,2,9,3,test
255,2017-12-22 13:28:28,2017-12-22,2,9,3,test
256,2017-12-22 13:28:59,2017-12-22,2,9,3,test
257,2017-12-22 13:29:30,2017-12-22,2,10,2,test
258,2017-12-22 13:30:00,2017-12-22,2,10,2,test
259,2017-12-22 13:30:31,2017-12-22,2,10,2,test
260,2017-12-22 13:31:02,2017-12-22,2,10,2,test
261,2017-12-22 13:32:03,2017-12-22,2,10,2,test
262,2017-12-22 13:32:34,2017-12-22,2,10,2,test
263,2017-12-22 13:33:04,2017-12-22,2,10,2,test
264,2017-12-22 13:33:35,2017-12-22,2,10,2,test
265,2017-12-22 13:34:05,2017-12-22,2,10,2,test
266,2017-12-22 13:34:36,2017-12-22,2,10,2,test
267,2017-12-22 13:35:07,2017-12-22,2,10,2,test
268,2017-12-22 13:35:37,2017-12-22,2,10,2,test
269,2017-12-22 13:36:08,2017-12-22,2,10,2,test
270,2017-12-22 13:36:39,2017-12-22,2,10,2,test
271,2017-12-22 13:37:09,2017-12-22,2,10,2,test
272,2017-12-22 13:37:40,2017-12-22,2,10,2,test
273,2017-12-22 13:38:11,2017-12-22,2,10,2,test
274,2017-12-22 13:38:41,2017-12-22,2,11,3,test
275,2017-12-22 13:39:12,2017-12-22,2,11,3,test
276,2017-12-22 13:39:42,2017-12-22,2,11,3,test
277,2017-12-22 13:40:13,2017-12-22,2,11,3,test
278,2017-12-22 13:40:44,2017-12-22,2,12,2,test
279,2017-12-22 13:41:14,2017-12-22,2,12,2,test
280,2017-12-22 13:41:45,2017-12-22,2,13,3,test
281,2017-12-22 13:42:16,2017-12-22,2,13,3,test
282,2017-12-22 13:42:46,2017-12-22,2,13,3,test
283,2017-12-22 13:43:17,2017-12-22,2,13,3,test
284,2017-12-22 13:43:48,2017-12-22,2,13,3,test
285,2017-12-22 13:44:18,2017-12-22,2,13,3,test
286,2017-12-22 13:44:49,2017-12-22,2,13,3,test
287,2017-12-22 13:45:19,2017-12-22,2,13,3,test
288,2017-12-22 13:45:50,2017-12-22,2,13,3,test
289,2017-12-22 13:46:21,2017-12-22,2,13,3,test
290,2017-12-22 13:46:51,2017-12-22,2,13,3,test
291,2017-12-22 13:47:22,2017-12-22,2,13,3,test
292,2017-12-22 13:47:53,2017-12-22,2,13,3,test
293,2017-12-22 13:48:23,2017-12-22,2,13,3,test
294,2017-12-22 13:48:54,2017-12-22,2,13,3,test
295,2017-12-22 13:49:25,2017-12-22,2,13,3,test
296,2017-12-22 13:49:55,2017-12-22,2,13,3,test
297,2017-12-22 13:50:26,2017-12-22,2,13,3,test
298,2017-12-22 13:50:56,2017-12-22,2,13,3,test
299,2017-12-22 13:51:27,2017-12-22,2,13,3,test
300,2017-12-22 13:51:58,2017-12-22,2,13,3,test
301,2017-12-22 13:52:28,2017-12-22,2,13,3,test
302,2017-12-22 13:52:59,2017-12-22,2,13,3,test
303,2017-12-22 13:53:30,2017-12-22,2,13,3,test
304,2017-12-22 13:54:00,2017-12-22,2,13,3,test
305,2017-12-22 13:54:31,2017-12-22,2,13,3,test
306,2017-12-22 13:55:02,2017-12-22,2,13,3,test
307,2017-12-22 13:55:32,2017-12-22,2,13,3,test
308,2017-12-22 13:56:03,2017-12-22,2,13,3,test
309,2017-12-22 13:56:33,2017-12-22,2,13,3,test
310,2017-12-22 13:57:04,2017-12-22,2,13,3,test
311,2017-12-22 13:57:35,2017-12-22,2,13,3,test
312,2017-12-22 13:58:05,2017-12-22,2,13,3,test
313,2017-12-22 13:58:36,2017-12-22,2,13,3,test
314,2017-12-22 13:59:07,2017-12-22,2,13,3,test
315,2017-12-22 13:59:37,2017-12-22,2,13,3,test
316,2017-12-22 14:00:08,2017-12-22,2,13,3,test
317,2017-12-22 14:00:38,2017-12-22,2,13,3,test
318,2017-12-22 14:01:09,2017-12-22,2,13,3,test
319,2017-12-22 14:01:40,2017-12-22,2,13,3,test
320,2017-12-22 14:02:10,2017-12-22,2,13,3,test
321,2017-12-22 14:02:41,2017-12-22,2,13,3,test
322,2017-12-22 14:03:12,2017-12-22,2,13,3,test
323,2017-12-22 14:03:42,2017-12-22,2,13,3,test
324,2017-12-22 14:04:13,2017-12-22,2,13,3,test
325,2017-12-22 14:04:44,2017-12-22,2,13,3,test
326,2017-12-22 14:05:14,2017-12-22,2,13,3,test
327,2017-12-22 14:05:45,2017-12-22,2,13,3,test
328,2017-12-22 14:06:15,2017-12-22,2,13,3,test
329,2017-12-22 14:06:46,2017-12-22,2,13,3,test
330,2017-12-22 14:07:17,2017-12-22,2,13,3,test
331,2017-12-22 14:07:47,2017-12-22,2,13,3,test
332,2017-12-22 14:08:18,2017-12-22,2,13,3,test
333,2017-12-22 14:08:49,2017-12-22,2,13,3,test
334,2017-12-22 14:09:19,2017-12-22,2,13,3,test
335,2017-12-22 14:09:50,2017-12-22,2,13,3,test
336,2017-12-22 14:10:21,2017-12-22,2,13,3,test
337,2017-12-22 14:10:51,2017-12-22,2,13,3,test
338,2017-12-22 14:11:22,2017-12-22,2,13,3,test
339,2017-12-22 14:11:52,2017-12-22,2,13,3,test
340,2017-12-22 14:12:23,2017-12-22,2,13,3,test
341,2017-12-22 14:12:54,2017-12-22,2,13,3,test
342,2017-12-22 14:13:55,2017-12-22,2,13,3,test
343,2017-12-22 14:14:26,2017-12-22,2,13,3,test
344,2017-12-22 14:14:56,2017-12-22,2,13,3,test
345,2017-12-22 14:15:27,2017-12-22,2,13,3,test
346,2017-12-22 14:15:58,2017-12-22,2,14,0,test
347,2017-12-22 14:16:28,2017-12-22,2,14,0,test
348,2017-12-22 14:16:59,2017-12-22,2,14,0,test
349,2017-12-22 14:17:29,2017-12-22,2,14,0,test
350,2017-12-22 14:18:00,2017-12-22,2,14,0,test
351,2017-12-22 14:18:31,2017-12-22,2,14,0,test
352,2017-12-22 14:19:01,2017-12-22,2,14,0,test
353,2017-12-22 14:19:32,2017-12-22,2,14,0,test
354,2017-12-22 14:20:03,2017-12-22,2,14,0,test
355,2017-12-22 14:20:33,2017-12-22,2,14,0,test
356,2017-12-22 14:21:04,2017-12-22,2,14,0,test
357,2017-12-22 14:21:35,2017-12-22,2,14,0,test
358,2017-12-22 14:22:05,2017-12-22,2,14,0,test
359,2017-12-22 14:22:36,2017-12-22,2,14,0,test
360,2017-12-22 14:23:06,2017-12-22,2,14,0,test
361,2017-12-22 14:23:37,2017-12-22,2,14,0,test
362,2017-12-22 14:24:08,2017-12-22,2,14,0,test
363,2017-12-22 14:24:38,2017-12-22,2,14,0,test
364,2017-12-22 14:25:09,2017-12-22,2,14,0,test
365,2017-12-22 14:25:40,2017-12-22,2,14,0,test
366,2017-12-22 14:26:10,2017-12-22,2,14,0,test
367,2017-12-22 14:26:41,2017-12-22,2,14,0,test
368,2017-12-22 14:27:12,2017-12-22,2,14,0,test
369,2017-12-22 14:27:42,2017-12-22,2,14,0,test
370,2017-12-22 14:28:13,2017-12-22,2,14,0,test
371,2017-12-22 14:28:43,2017-12-22,2,14,0,test
372,2017-12-22 14:29:14,2017-12-22,2,14,0,test
373,2017-12-22 14:29:45,2017-12-22,2,14,0,test
374,2017-12-22 14:30:15,2017-12-22,2,14,0,test
375,2017-12-22 14:30:46,2017-12-22,2,14,0,test
376,2017-12-22 14:31:17,2017-12-22,2,14,0,test
377,2017-12-22 14:31:47,2017-12-22,2,14,0,test
378,2017-12-22 14:32:18,2017-12-22,2,14,0,test
379,2017-12-22 14:32:48,2017-12-22,2,14,0,test
380,2017-12-22 14:33:19,2017-12-22,2,14,0,test
381,2017-12-22 14:33:50,2017-12-22,2,14,0,test
382,2017-12-22 14:34:20,2017-12-22,2,14,0,test
383,2017-12-22 14:34:51,2017-12-22,2,14,0,test
384,2017-12-22 14:35:22,2017-12-22,2,14,0,test
385,2017-12-22 14:35:52,2017-12-22,2,14,0,test
386,2017-12-22 14:36:23,2017-12-22,2,14,0,test
387,2017-12-22 14:36:54,2017-12-22,2,14,0,test
388,2017-12-22 14:37:24,2017-12-22,2,14,0,test
389,2017-12-22 14:37:55,2017-12-22,2,14,0,test
390,2017-12-22 14:38:25,2017-12-22,2,14,0,test
391,2017-12-22 14:38:56,2017-12-22,2,14,0,test
392,2017-12-22 14:39:27,2017-12-22,2,14,0,test
393,2017-12-22 14:39:57,2017-12-22,2,14,0,test
394,2017-12-22 14:40:28,2017-12-22,2,14,0,test
395,2017-12-22 14:40:59,2017-12-22,2,14,0,test
396,2017-12-22 14:41:29,2017-12-22,2,14,0,test
397,2017-12-22 14:42:00,2017-12-22,2,14,0,test
398,2017-12-22 14:42:31,2017-12-22,2,14,0,test
399,2017-12-22 14:43:01,2017-12-22,2,14,0,test
400,2017-12-22 14:43:32,2017-12-22,2,14,0,test
401,2017-12-22 14:44:02,2017-12-22,2,14,0,test
402,2017-12-22 14:44:33,2017-12-22,2,14,0,test
403,2017-12-22 14:45:04,2017-12-22,2,14,0,test
404,2017-12-22 14:45:34,2017-12-22,2,14,0,test
405,2017-12-22 14:46:05,2017-12-22,2,14,0,test
406,2017-12-22 14:46:36,2017-12-22,2,14,0,test
407,2017-12-22 14:47:06,2017-12-22,2,14,0,test
408,2017-12-22 14:47:37,2017-12-22,2,14,0,test
409,2017-12-22 14:48:08,2017-12-22,2,14,0,test
410,2017-12-22 14:48:38,2017-12-22,2,14,0,test
411,2017-12-22 14:49:09,2017-12-22,2,14,0,test
412,2017-12-22 14:49:39,2017-12-22,2,14,0,test
413,2017-12-22 14:50:10,2017-12-22,2,14,0,test
414,2017-12-22 14:50:41,2017-12-22,2,14,0,test
415,2017-12-22 14:51:11,2017-12-22,2,14,0,test
416,2017-12-22 14:51:42,2017-12-22,2,14,0,test
417,2017-12-22 14:52:13,2017-12-22,2,14,0,test
418,2017-12-22 14:52:43,2017-12-22,2,14,0,test
419,2017-12-22 14:53:14,2017-12-22,2,14,0,test
420,2017-12-22 14:53:45,2017-12-22,2,14,0,test
421,2017-12-22 14:54:15,2017-12-22,2,14,0,test
422,2017-12-22 14:54:46,2017-12-22,2,14,0,test
423,2017-12-22 14:55:16,2017-12-22,2,14,0,test
424,2017-12-22 14:55:47,2017-12-22,2,14,0,test
425,2017-12-22 14:56:18,2017-12-22,2,14,0,test
426,2017-12-22 14:56:48,2017-12-22,2,14,0,test
427,2017-12-22 14:57:19,2017-12-22,2,14,0,test
428,2017-12-22 14:57:50,2017-12-22,2,14,0,test
429,2017-12-22 14:58:20,2017-12-22,2,14,0,test
430,2017-12-22 14:58:51,2017-12-22,2,14,0,test
431,2017-12-22 14:59:22,2017-12-22,2,14,0,test
432,2017-12-22 14:59:52,2017-12-22,2,14,0,test
433,2017-12-22 15:00:23,2017-12-22,2,14,0,test
434,2017-12-22 15:00:53,2017-12-22,2,14,0,test
435,2017-12-22 15:01:24,2017-12-22,2,14,0,test
436,2017-12-22 15:01:55,2017-12-22,2,14,0,test
437,2017-12-22 15:02:25,2017-12-22,2,14,0,test
438,2017-12-22 15:02:56,2017-12-22,2,14,0,test
439,2017-12-22 15:03:27,2017-12-22,2,14,0,test
440,2017-12-22 15:03:57,2017-12-22,2,14,0,test
441,2017-12-22 15:04:28,2017-12-22,2,14,0,test
442,2017-12-22 15:04:58,2017-12-22,2,14,0,test
443,2017-12-22 15:05:29,2017-12-22,2,14,0,test
444,2017-12-22 15:06:00,2017-12-22,2,14,0,test
445,2017-12-22 15:06:30,2017-12-22,2,14,0,test
446,2017-12-22 15:07:01,2017-12-22,2,14,0,test
447,2017-12-22 15:07:32,2017-12-22,2,14,0,test
448,2017-12-22 15:08:02,2017-12-22,2,14,0,test
449,2017-12-22 15:08:33,2017-12-22,2,14,0,test
450,2017-12-22 15:09:04,2017-12-22,2,14,0,test
451,2017-12-22 15:10:05,2017-12-22,2,14,0,test
452,2017-12-22 15:10:35,2017-12-22,2,14,0,test
453,2017-12-22 15:11:06,2017-12-22,2,14,0,test
454,2017-12-22 15:11:37,2017-12-22,2,14,0,test
455,2017-12-22 15:12:07,2017-12-22,2,14,0,test
456,2017-12-22 15:12:38,2017-12-22,2,14,0,test
457,2017-12-22 15:13:09,2017-12-22,2,14,0,test
458,2017-12-22 15:13:39,2017-12-22,2,14,0,test
459,2017-12-22 15:14:10,2017-12-22,2,14,0,test
460,2017-12-22 15:14:41,2017-12-22,2,14,0,test
461,2017-12-22 15:15:11,2017-12-22,2,14,0,test
462,2017-12-22 15:15:42,2017-12-22,2,14,0,test
463,2017-12-22 15:16:12,2017-12-22,2,14,0,test
464,2017-12-22 15:16:43,2017-12-22,2,14,0,test
465,2017-12-22 15:17:14,2017-12-22,2,14,0,test
466,2017-12-22 15:17:44,2017-12-22,2,14,0,test
467,2017-12-22 15:18:15,2017-12-22,2,14,0,test
468,2017-12-22 15:18:46,2017-12-22,2,14,0,test
469,2017-12-22 15:19:16,2017-12-22,2,14,0,test
470,2017-12-22 15:19:47,2017-12-22,2,14,0,test
471,2017-12-22 15:20:18,2017-12-22,2,14,0,test
472,2017-12-22 15:20:48,2017-12-22,2,14,0,test
473,2017-12-22 15:21:19,2017-12-22,2,14,0,test
474,2017-12-22 15:21:49,2017-12-22,2,14,0,test
475,2017-12-22 15:22:20,2017-12-22,2,14,0,test
476,2017-12-22 15:22:51,2017-12-22,2,14,0,test
477,2017-12-22 15:23:21,2017-12-22,2,14,0,test
478,2017-12-22 15:23:52,2017-12-22,2,14,0,test
479,2017-12-22 15:25:24,2017-12-22,2,15,1,test
480,2017-12-22 15:25:55,2017-12-22,2,15,1,test
481,2017-12-22 15:26:25,2017-12-22,2,15,1,test
482,2017-12-22 15:26:56,2017-12-22,2,15,1,test
483,2017-12-22 15:27:26,2017-12-22,2,15,1,test
484,2017-12-22 15:27:57,2017-12-22,2,15,1,test
485,2017-12-22 15:28:28,2017-12-22,2,15,1,test
486,2017-12-22 15:28:58,2017-12-22,2,15,1,test
487,2017-12-22 15:29:29,2017-12-22,2,15,1,test
488,2017-12-22 15:30:00,2017-12-22,2,15,1,test
489,2017-12-22 15:30:30,2017-12-22,2,15,1,test
490,2017-12-22 15:31:01,2017-12-22,2,15,1,test
491,2017-12-22 15:31:32,2017-12-22,2,15,1,test
492,2017-12-22 15:32:02,2017-12-22,2,15,1,test
493,2017-12-22 15:32:33,2017-12-22,2,15,1,test
494,2017-12-22 15:33:03,2017-12-22,2,15,1,test
495,2017-12-22 15:33:34,2017-12-22,2,15,1,test
496,2017-12-22 15:34:05,2017-12-22,2,15,1,test
497,2017-12-22 15:34:35,2017-12-22,2,15,1,test
498,2017-12-22 15:35:06,2017-12-22,2,15,1,test
499,2017-12-22 15:35:37,2017-12-22,2,15,1,test
500,2017-12-22 15:36:07,2017-12-22,2,15,1,test
501,2017-12-22 15:36:38,2017-12-22,2,15,1,test
502,2017-12-22 15:37:09,2017-12-22,2,15,1,test
503,2017-12-22 15:37:39,2017-12-22,2,15,1,test
504,2017-12-22 15:38:10,2017-12-22,2,15,1,test
505,2017-12-22 15:38:40,2017-12-22,2,15,1,test
506,2017-12-22 15:39:11,2017-12-22,2,15,1,test
507,2017-12-22 15:39:42,2017-12-22,2,15,1,test
508,2017-12-22 15:40:12,2017-12-22,2,15,1,test
509,2017-12-22 15:40:43,2017-12-22,2,15,1,test
510,2017-12-22 15:41:14,2017-12-22,2,15,1,test
511,2017-12-22 15:41:44,2017-12-22,2,15,1,test
512,2017-12-22 15:42:15,2017-12-22,2,15,1,test
513,2017-12-22 15:42:45,2017-12-22,2,15,1,test
514,2017-12-22 15:43:16,2017-12-22,2,15,1,test
515,2017-12-22 15:43:47,2017-12-22,2,15,1,test
516,2017-12-22 15:44:17,2017-12-22,2,15,1,test
517,2017-12-22 15:44:48,2017-12-22,2,15,1,test
518,2017-12-22 15:45:19,2017-12-22,2,15,1,test
519,2017-12-22 15:45:49,2017-12-22,2,15,1,test
520,2017-12-22 15:46:20,2017-12-22,2,15,1,test
521,2017-12-22 15:46:51,2017-12-22,2,15,1,test
522,2017-12-22 15:47:21,2017-12-22,2,15,1,test
523,2017-12-22 15:47:52,2017-12-22,2,15,1,test
524,2017-12-22 15:48:22,2017-12-22,2,15,1,test
525,2017-12-22 15:48:53,2017-12-22,2,15,1,test
526,2017-12-22 15:49:24,2017-12-22,2,15,1,test
527,2017-12-22 15:49:54,2017-12-22,2,15,1,test
528,2017-12-22 15:50:25,2017-12-22,2,15,1,test
529,2017-12-22 15:50:56,2017-12-22,2,15,1,test
530,2017-12-22 15:51:26,2017-12-22,2,15,1,test
531,2017-12-22 15:51:57,2017-12-22,2,15,1,test
532,2017-12-22 15:52:28,2017-12-22,2,15,1,test
533,2017-12-22 15:52:58,2017-12-22,2,15,1,test
534,2017-12-22 15:53:29,2017-12-22,2,15,1,test
535,2017-12-22 15:53:59,2017-12-22,2,15,1,test
536,2017-12-22 15:54:30,2017-12-22,2,15,1,test
537,2017-12-22 15:55:01,2017-12-22,2,15,1,test
538,2017-12-22 15:55:31,2017-12-22,2,15,1,test
539,2017-12-22 15:56:02,2017-12-22,2,15,1,test
540,2017-12-22 15:56:33,2017-12-22,2,15,1,test
541,2017-12-22 15:57:03,2017-12-22,2,15,1,test
542,2017-12-22 15:57:34,2017-12-22,2,15,1,test
543,2017-12-22 15:58:05,2017-12-22,2,15,1,test
544,2017-12-22 15:58:35,2017-12-22,2,15,1,test
545,2017-12-22 15:59:06,2017-12-22,2,15,1,test
546,2017-12-22 15:59:36,2017-12-22,2,15,1,test
547,2017-12-22 16:00:07,2017-12-22,2,15,1,test
548,2017-12-22 16:00:38,2017-12-22,2,15,1,test
549,2017-12-22 16:01:08,2017-12-22,2,15,1,test
550,2017-12-22 16:01:39,2017-12-22,2,15,1,test
551,2017-12-22 16:02:10,2017-12-22,2,15,1,test
552,2017-12-22 16:02:40,2017-12-22,2,15,1,test
553,2017-12-22 16:03:11,2017-12-22,2,15,1,test
554,2017-12-22 16:04:12,2017-12-22,2,15,1,test
555,2017-12-22 16:04:43,2017-12-22,2,15,1,test
556,2017-12-22 16:05:13,2017-12-22,2,15,1,test
557,2017-12-22 16:05:44,2017-12-22,2,15,1,test
558,2017-12-22 16:06:15,2017-12-22,2,15,1,test
559,2017-12-22 16:06:45,2017-12-22,2,15,1,test
560,2017-12-22 16:07:16,2017-12-22,2,15,1,test
561,2017-12-22 16:07:47,2017-12-22,2,15,1,test
562,2017-12-22 16:08:17,2017-12-22,2,15,1,test
563,2017-12-22 16:08:48,2017-12-22,2,15,1,test
564,2017-12-22 16:09:18,2017-12-22,2,15,1,test
565,2017-12-22 16:09:49,2017-12-22,2,15,1,test
566,2017-12-22 16:10:20,2017-12-22,2,15,1,test
567,2017-12-22 16:10:50,2017-12-22,2,15,1,test
568,2017-12-22 16:11:21,2017-12-22,2,15,1,test
569,2017-12-22 16:11:52,2017-12-22,2,15,1,test
570,2017-12-22 16:12:22,2017-12-22,2,15,1,test
571,2017-12-22 16:12:53,2017-12-22,2,15,1,test
572,2017-12-22 16:13:24,2017-12-22,2,15,1,test
573,2017-12-22 16:13:54,2017-12-22,2,15,1,test
574,2017-12-22 16:14:25,2017-12-22,2,15,1,test
575,2017-12-22 16:14:55,2017-12-22,2,15,1,test
576,2017-12-22 16:15:26,2017-12-22,2,15,1,test
577,2017-12-22 16:15:57,2017-12-22,2,15,1,test
578,2017-12-22 16:16:27,2017-12-22,2,15,1,test
579,2017-12-22 16:16:58,2017-12-22,2,15,1,test
580,2017-12-22 16:17:29,2017-12-22,2,15,1,test
581,2017-12-22 16:17:59,2017-12-22,2,15,1,test
582,2017-12-22 16:18:30,2017-12-22,2,15,1,test
583,2017-12-22 16:19:00,2017-12-22,2,15,1,test
584,2017-12-22 16:19:31,2017-12-22,2,15,1,test
585,2017-12-22 16:20:02,2017-12-22,2,15,1,test
586,2017-12-22 16:20:32,2017-12-22,2,15,1,test
587,2017-12-22 16:21:03,2017-12-22,2,15,1,test
588,2017-12-22 16:21:34,2017-12-22,2,15,1,test
589,2017-12-22 16:22:04,2017-12-22,2,15,1,test
590,2017-12-22 16:22:35,2017-12-22,2,15,1,test
591,2017-12-22 16:23:06,2017-12-22,2,15,1,test
592,2017-12-22 16:23:36,2017-12-22,2,15,1,test
593,2017-12-22 16:24:07,2017-12-22,2,15,1,test
594,2017-12-22 16:24:37,2017-12-22,2,15,1,test
595,2017-12-22 16:25:08,2017-12-22,2,15,1,test
596,2017-12-22 16:25:39,2017-12-22,2,15,1,test
597,2017-12-22 16:26:09,2017-12-22,2,15,1,test
598,2017-12-22 16:26:40,2017-12-22,2,15,1,test
599,2017-12-22 16:27:11,2017-12-22,2,15,1,test
600,2017-12-22 16:27:41,2017-12-22,2,15,1,test
601,2017-12-22 16:28:12,2017-12-22,2,15,1,test
602,2017-12-22 16:28:43,2017-12-22,2,15,1,test
603,2017-12-22 16:29:13,2017-12-22,2,15,1,test
604,2017-12-22 16:29:44,2017-12-22,2,15,1,test
605,2017-12-22 16:30:14,2017-12-22,2,15,1,test
606,2017-12-22 16:30:45,2017-12-22,2,15,1,test
607,2017-12-22 16:31:16,2017-12-22,2,16,2,test
608,2017-12-22 16:32:17,2017-12-22,2,16,2,test
609,2017-12-22 16:32:48,2017-12-22,2,16,2,test
610,2017-12-22 16:33:18,2017-12-22,2,16,2,test
611,2017-12-22 16:33:49,2017-12-22,2,16,2,test
612,2017-12-22 16:34:20,2017-12-22,2,16,2,test
613,2017-12-22 16:34:50,2017-12-22,2,16,2,test
614,2017-12-22 16:35:21,2017-12-22,2,16,2,test
615,2017-12-22 16:35:51,2017-12-22,2,16,2,test
616,2017-12-22 16:36:22,2017-12-22,2,16,2,test
617,2017-12-22 16:36:53,2017-12-22,2,16,2,test
618,2017-12-22 16:37:23,2017-12-22,2,16,2,test
619,2017-12-22 16:37:54,2017-12-22,2,16,2,test
620,2017-12-22 16:38:25,2017-12-22,2,16,2,test
621,2017-12-22 16:38:55,2017-12-22,2,16,2,test
622,2017-12-22 16:39:26,2017-12-22,2,16,2,test
623,2017-12-22 16:39:57,2017-12-22,2,16,2,test
624,2017-12-22 16:40:27,2017-12-22,2,16,2,test
625,2017-12-22 16:40:58,2017-12-22,2,16,2,test
626,2017-12-22 16:41:28,2017-12-22,2,16,2,test
627,2017-12-22 16:41:59,2017-12-22,2,16,2,test
628,2017-12-22 16:42:30,2017-12-22,2,16,2,test
629,2017-12-22 16:43:00,2017-12-22,2,16,2,test
630,2017-12-22 16:43:31,2017-12-22,2,16,2,test
631,2017-12-22 16:44:02,2017-12-22,2,16,2,test
632,2017-12-22 16:44:32,2017-12-22,2,16,2,test
633,2017-12-22 16:45:03,2017-12-22,2,16,2,test
634,2017-12-22 16:45:33,2017-12-22,2,16,2,test
635,2017-12-22 16:46:04,2017-12-22,2,16,2,test
636,2017-12-22 16:46:35,2017-12-22,2,16,2,test
637,2017-12-22 16:47:05,2017-12-22,2,16,2,test
638,2017-12-22 16:47:36,2017-12-22,2,16,2,test
639,2017-12-22 16:48:07,2017-12-22,2,16,2,test
640,2017-12-22 16:48:37,2017-12-22,2,16,2,test
641,2017-12-22 16:49:08,2017-12-22,2,16,2,test
642,2017-12-22 16:49:39,2017-12-22,2,16,2,test
643,2017-12-22 16:50:09,2017-12-22,2,16,2,test
644,2017-12-22 16:50:40,2017-12-22,2,16,2,test
645,2017-12-22 16:51:10,2017-12-22,2,16,2,test
646,2017-12-22 16:51:41,2017-12-22,2,16,2,test
647,2017-12-22 16:52:12,2017-12-22,2,16,2,test
648,2017-12-22 16:52:42,2017-12-22,2,16,2,test
649,2017-12-22 16:53:13,2017-12-22,2,16,2,test
650,2017-12-22 16:53:44,2017-12-22,2,16,2,test
651,2017-12-22 16:54:14,2017-12-22,2,16,2,test
652,2017-12-22 16:54:45,2017-12-22,2,16,2,test
653,2017-12-22 16:55:16,2017-12-22,2,16,2,test
654,2017-12-22 16:55:46,2017-12-22,2,16,2,test
655,2017-12-22 16:56:17,2017-12-22,2,16,2,test
656,2017-12-22 16:56:47,2017-12-22,2,16,2,test
657,2017-12-22 16:57:18,2017-12-22,2,16,2,test
658,2017-12-22 16:57:49,2017-12-22,2,16,2,test
659,2017-12-22 16:58:19,2017-12-22,2,16,2,test
660,2017-12-22 16:58:50,2017-12-22,2,16,2,test
661,2017-12-22 16:59:21,2017-12-22,2,16,2,test
662,2017-12-22 17:00:22,2017-12-22,2,16,2,test
663,2017-12-22 17:00:53,2017-12-22,2,16,2,test
664,2017-12-22 17:01:23,2017-12-22,2,16,2,test
665,2017-12-22 17:01:54,2017-12-22,2,16,2,test
666,2017-12-22 17:02:24,2017-12-22,2,16,2,test
667,2017-12-22 17:02:55,2017-12-22,2,16,2,test
668,2017-12-22 17:03:26,2017-12-22,2,16,2,test
669,2017-12-22 17:03:56,2017-12-22,2,16,2,test
670,2017-12-22 17:04:27,2017-12-22,2,16,2,test
671,2017-12-22 17:04:58,2017-12-22,2,16,2,test
672,2017-12-22 17:05:28,2017-12-22,2,16,2,test
673,2017-12-22 17:05:59,2017-12-22,2,16,2,test
674,2017-12-22 17:06:29,2017-12-22,2,16,2,test
675,2017-12-22 17:07:00,2017-12-22,2,16,2,test
676,2017-12-22 17:07:31,2017-12-22,2,16,2,test
677,2017-12-22 17:08:01,2017-12-22,2,16,2,test
678,2017-12-22 17:08:32,2017-12-22,2,16,2,test
679,2017-12-22 17:09:03,2017-12-22,2,16,2,test
680,2017-12-22 17:09:33,2017-12-22,2,16,2,test
681,2017-12-22 17:10:04,2017-12-22,2,16,2,test
682,2017-12-22 17:10:35,2017-12-22,2,16,2,test
683,2017-12-22 17:11:05,2017-12-22,2,16,2,test
684,2017-12-22 17:11:36,2017-12-22,2,16,2,test
685,2017-12-22 17:12:06,2017-12-22,2,16,2,test
686,2017-12-22 17:12:37,2017-12-22,2,16,2,test
687,2017-12-22 17:13:08,2017-12-22,2,16,2,test
688,2017-12-22 17:13:38,2017-12-22,2,16,2,test
689,2017-12-22 17:14:09,2017-12-22,2,16,2,test
690,2017-12-22 17:14:40,2017-12-22,2,16,2,test
691,2017-12-22 17:15:10,2017-12-22,2,16,2,test
692,2017-12-22 17:15:41,2017-12-22,2,16,2,test
693,2017-12-22 17:16:12,2017-12-22,2,16,2,test
694,2017-12-22 17:16:42,2017-12-22,2,16,2,test
695,2017-12-22 17:17:13,2017-12-22,2,16,2,test
696,2017-12-22 17:17:43,2017-12-22,2,16,2,test
697,2017-12-22 17:18:14,2017-12-22,2,16,2,test
698,2017-12-22 17:18:45,2017-12-22,2,16,2,test
699,2017-12-22 17:19:15,2017-12-22,2,16,2,test
700,2017-12-22 17:19:46,2017-12-22,2,16,2,test
701,2017-12-22 17:20:17,2017-12-22,2,16,2,test
702,2017-12-22 17:20:47,2017-12-22,2,16,2,test
703,2017-12-22 17:21:18,2017-12-22,2,16,2,test
704,2017-12-22 17:21:49,2017-12-22,2,16,2,test
705,2017-12-22 17:22:19,2017-12-22,2,16,2,test
706,2017-12-22 17:22:50,2017-12-22,2,16,2,test
707,2017-12-22 17:23:20,2017-12-22,2,16,2,test
708,2017-12-22 17:23:51,2017-12-22,2,16,2,test
709,2017-12-22 17:24:22,2017-12-22,2,16,2,test
710,2017-12-22 17:24:52,2017-12-22,2,16,2,test
711,2017-12-22 17:25:23,2017-12-22,2,16,2,test
712,2017-12-22 17:25:54,2017-12-22,2,16,2,test
713,2017-12-22 17:26:24,2017-12-22,2,16,2,test
714,2017-12-22 17:26:55,2017-12-22,2,16,2,test
715,2017-12-22 17:27:25,2017-12-22,2,16,2,test
716,2017-12-22 17:27:56,2017-12-22,2,16,2,test
717,2017-12-22 17:28:27,2017-12-22,2,16,2,test
718,2017-12-22 17:28:57,2017-12-22,2,16,2,test
719,2017-12-22 17:29:28,2017-12-22,2,16,2,test
720,2017-12-22 17:29:59,2017-12-22,2,16,2,test
721,2017-12-22 17:30:29,2017-12-22,2,16,2,test
722,2017-12-22 17:31:00,2017-12-22,2,16,2,test
723,2017-12-22 17:31:31,2017-12-22,2,16,2,test
724,2017-12-22 17:32:01,2017-12-22,2,16,2,test
725,2017-12-22 17:32:32,2017-12-22,2,16,2,test
726,2017-12-22 17:33:02,2017-12-22,2,16,2,test
727,2017-12-22 17:33:33,2017-12-22,2,16,2,test
728,2017-12-22 17:34:04,2017-12-22,2,17,3,test
729,2017-12-22 17:34:34,2017-12-22,2,17,3,test
730,2017-12-22 17:35:05,2017-12-22,2,17,3,test
731,2017-12-22 17:35:36,2017-12-22,2,17,3,test
732,2017-12-22 17:36:06,2017-12-22,2,17,3,test
733,2017-12-22 17:36:37,2017-12-22,2,17,3,test
734,2017-12-22 17:37:08,2017-12-22,2,17,3,test
735,2017-12-22 17:37:38,2017-12-22,2,17,3,test
736,2017-12-22 17:38:09,2017-12-22,2,17,3,test
737,2017-12-22 17:38:39,2017-12-22,2,17,3,test
738,2017-12-22 17:39:10,2017-12-22,2,17,3,test
739,2017-12-22 17:39:41,2017-12-22,2,17,3,test
740,2017-12-22 17:40:11,2017-12-22,2,17,3,test
741,2017-12-22 17:40:42,2017-12-22,2,17,3,test
742,2017-12-22 17:41:13,2017-12-22,2,17,3,test
743,2017-12-22 17:41:43,2017-12-22,2,17,3,test
744,2017-12-22 17:42:14,2017-12-22,2,17,3,test
745,2017-12-22 17:42:45,2017-12-22,2,17,3,test
746,2017-12-22 17:43:15,2017-12-22,2,17,3,test
747,2017-12-22 17:43:46,2017-12-22,2,17,3,test
748,2017-12-22 17:44:16,2017-12-22,2,17,3,test
749,2017-12-22 17:44:47,2017-12-22,2,17,3,test
750,2017-12-22 17:45:18,2017-12-22,2,17,3,test
751,2017-12-22 17:45:48,2017-12-22,2,17,3,test
752,2017-12-22 17:46:19,2017-12-22,2,17,3,test
753,2017-12-22 17:46:50,2017-12-22,2,17,3,test
754,2017-12-22 17:47:20,2017-12-22,2,17,3,test
755,2017-12-22 17:47:51,2017-12-22,2,17,3,test
756,2017-12-22 17:48:22,2017-12-22,2,17,3,test
757,2017-12-22 17:48:52,2017-12-22,2,17,3,test
758,2017-12-22 17:49:23,2017-12-22,2,17,3,test
759,2017-12-22 17:49:53,2017-12-22,2,17,3,test
760,2017-12-22 17:50:24,2017-12-22,2,17,3,test
761,2017-12-22 17:50:55,2017-12-22,2,17,3,test
762,2017-12-22 17:51:25,2017-12-22,2,17,3,test
763,2017-12-22 17:51:56,2017-12-22,2,17,3,test
764,2017-12-22 17:52:27,2017-12-22,2,17,3,test
765,2017-12-22 17:52:57,2017-12-22,2,17,3,test
766,2017-12-22 17:53:28,2017-12-22,2,17,3,test
767,2017-12-22 17:54:29,2017-12-22,2,17,3,test
768,2017-12-22 17:55:00,2017-12-22,2,17,3,test
769,2017-12-22 17:55:30,2017-12-22,2,17,3,test
770,2017-12-22 17:56:01,2017-12-22,2,17,3,test
771,2017-12-22 17:56:32,2017-12-22,2,17,3,test
772,2017-12-22 17:57:02,2017-12-22,2,17,3,test
773,2017-12-22 17:57:33,2017-12-22,2,17,3,test
774,2017-12-22 17:58:04,2017-12-22,2,17,3,test
775,2017-12-22 17:58:34,2017-12-22,2,17,3,test
776,2017-12-22 17:59:05,2017-12-22,2,17,3,test
777,2017-12-22 17:59:35,2017-12-22,2,17,3,test
778,2017-12-22 18:00:06,2017-12-22,2,17,3,test
779,2017-12-22 18:00:37,2017-12-22,2,17,3,test
780,2017-12-22 18:01:38,2017-12-22,2,17,3,test
781,2017-12-22 18:02:09,2017-12-22,2,17,3,test
782,2017-12-22 18:02:39,2017-12-22,2,17,3,test
783,2017-12-22 18:03:10,2017-12-22,2,17,3,test
784,2017-12-22 18:03:41,2017-12-22,2,17,3,test
785,2017-12-22 18:04:11,2017-12-22,2,17,3,test
786,2017-12-22 18:04:42,2017-12-22,2,17,3,test
787,2017-12-22 18:05:12,2017-12-22,2,17,3,test
788,2017-12-22 18:05:43,2017-12-22,2,17,3,test
789,2017-12-22 18:06:14,2017-12-22,2,17,3,test
790,2017-12-22 18:06:44,2017-12-22,2,17,3,test
791,2017-12-22 18:07:15,2017-12-22,2,17,3,test
792,2017-12-22 18:07:46,2017-12-22,2,17,3,test
793,2017-12-22 18:08:16,2017-12-22,2,17,3,test
794,2017-12-22 18:08:47,2017-12-22,2,17,3,test
795,2017-12-22 18:09:18,2017-12-22,2,17,3,test
796,2017-12-22 18:09:48,2017-12-22,2,17,3,test
797,2017-12-22 18:10:19,2017-12-22,2,17,3,test
798,2017-12-22 18:11:20,2017-12-22,2,17,3,test
799,2017-12-22 18:11:51,2017-12-22,2,17,3,test
800,2017-12-22 18:12:21,2017-12-22,2,17,3,test
801,2017-12-22 18:12:52,2017-12-22,2,17,3,test
802,2017-12-22 18:13:23,2017-12-22,2,17,3,test
803,2017-12-22 18:13:53,2017-12-22,2,17,3,test
804,2017-12-22 18:14:24,2017-12-22,2,17,3,test
805,2017-12-22 18:14:55,2017-12-22,2,17,3,test
806,2017-12-22 18:15:25,2017-12-22,2,17,3,test
807,2017-12-22 18:15:56,2017-12-22,2,17,3,test
808,2017-12-22 18:16:26,2017-12-22,2,17,3,test
809,2017-12-22 18:16:57,2017-12-22,2,17,3,test
810,2017-12-22 18:17:28,2017-12-22,2,17,3,test
811,2017-12-22 18:17:58,2017-12-22,2,17,3,test
812,2017-12-22 18:18:29,2017-12-22,2,17,3,test
813,2017-12-22 18:19:00,2017-12-22,2,17,3,test
814,2017-12-22 18:19:30,2017-12-22,2,17,3,test
815,2017-12-22 18:20:01,2017-12-22,2,17,3,test
816,2017-12-22 18:20:32,2017-12-22,2,17,3,test
817,2017-12-22 18:21:02,2017-12-22,2,17,3,test
818,2017-12-22 18:21:33,2017-12-22,2,17,3,test
819,2017-12-22 18:22:03,2017-12-22,2,17,3,test
820,2017-12-22 18:22:34,2017-12-22,2,17,3,test
821,2017-12-22 18:23:05,2017-12-22,2,17,3,test
822,2017-12-22 18:23:35,2017-12-22,2,17,3,test
823,2017-12-22 18:24:06,2017-12-22,2,17,3,test
824,2017-12-22 18:24:37,2017-12-22,2,17,3,test
825,2017-12-22 18:25:07,2017-12-22,2,17,3,test
826,2017-12-22 18:25:38,2017-12-22,2,17,3,test
827,2017-12-22 18:26:08,2017-12-22,2,17,3,test
828,2017-12-22 18:26:39,2017-12-22,2,17,3,test
829,2017-12-22 18:27:10,2017-12-22,2,17,3,test
830,2017-12-22 18:27:40,2017-12-22,2,17,3,test
831,2017-12-22 18:28:11,2017-12-22,2,17,3,test
832,2017-12-22 18:28:42,2017-12-22,2,17,3,test
833,2017-12-22 18:29:12,2017-12-22,2,17,3,test
834,2017-12-22 18:29:43,2017-12-22,2,17,3,test
835,2017-12-22 18:30:14,2017-12-22,2,17,3,test
836,2017-12-22 18:30:44,2017-12-22,2,17,3,test
837,2017-12-22 18:31:15,2017-12-22,2,17,3,test
838,2017-12-22 18:31:45,2017-12-22,2,17,3,test
839,2017-12-22 18:32:16,2017-12-22,2,17,3,test
840,2017-12-22 18:32:47,2017-12-22,2,17,3,test
841,2017-12-22 18:33:17,2017-12-22,2,17,3,test
842,2017-12-22 18:33:48,2017-12-22,2,17,3,test
843,2017-12-22 18:34:19,2017-12-22,2,17,3,test
844,2017-12-22 18:34:49,2017-12-22,2,17,3,test
845,2017-12-22 18:35:20,2017-12-22,2,17,3,test
846,2017-12-22 18:35:51,2017-12-22,2,17,3,test
847,2017-12-22 18:36:21,2017-12-22,2,17,3,test
848,2017-12-22 18:36:52,2017-12-22,2,17,3,test
849,2017-12-22 18:37:22,2017-12-22,2,17,3,test
850,2017-12-22 18:37:53,2017-12-22,2,17,3,test
851,2017-12-22 18:38:24,2017-12-22,2,17,3,test
852,2017-12-22 18:38:54,2017-12-22,2,17,3,test
853,2017-12-22 18:39:25,2017-12-22,2,17,3,test
854,2017-12-22 18:39:56,2017-12-22,2,17,3,test
855,2017-12-22 18:40:26,2017-12-22,2,17,3,test
856,2017-12-22 18:40:57,2017-12-22,2,17,3,test
857,2017-12-22 18:41:28,2017-12-22,2,17,3,test
858,2017-12-22 18:41:58,2017-12-22,2,17,3,test
859,2017-12-22 18:42:29,2017-12-22,2,17,3,test
860,2017-12-22 18:42:59,2017-12-22,2,17,3,test
861,2017-12-22 18:43:30,2017-12-22,2,17,3,test
862,2017-12-22 18:44:01,2017-12-22,2,17,3,test
863,2017-12-22 18:44:31,2017-12-22,2,17,3,test
864,2017-12-22 18:45:02,2017-12-22,2,17,3,test
865,2017-12-22 18:45:33,2017-12-22,2,17,3,test
866,2017-12-22 18:46:03,2017-12-22,2,17,3,test
867,2017-12-22 18:46:34,2017-12-22,2,17,3,test
868,2017-12-22 18:47:05,2017-12-22,2,17,3,test
869,2017-12-22 18:47:35,2017-12-22,2,17,3,test
870,2017-12-22 18:48:06,2017-12-22,2,17,3,test
871,2017-12-22 18:49:07,2017-12-22,2,17,3,test
872,2017-12-22 18:49:38,2017-12-22,2,17,3,test
873,2017-12-22 18:50:08,2017-12-22,2,17,3,test
874,2017-12-22 18:50:39,2017-12-22,2,17,3,test
875,2017-12-22 18:51:10,2017-12-22,2,17,3,test
876,2017-12-22 18:51:40,2017-12-22,2,17,3,test
877,2017-12-22 18:52:11,2017-12-22,2,17,3,test
878,2017-12-22 18:52:42,2017-12-22,2,17,3,test
879,2017-12-22 18:53:12,2017-12-22,2,17,3,test
880,2017-12-22 18:53:43,2017-12-22,2,17,3,test
881,2017-12-22 18:54:13,2017-12-22,2,17,3,test
882,2017-12-22 18:54:44,2017-12-22,2,17,3,test
883,2017-12-22 18:55:15,2017-12-22,2,17,3,test
884,2017-12-22 18:55:45,2017-12-22,2,17,3,test
885,2017-12-22 18:56:16,2017-12-22,2,17,3,test
886,2017-12-22 18:56:47,2017-12-22,2,17,3,test
887,2017-12-22 18:57:17,2017-12-22,2,17,3,test
888,2017-12-22 18:57:48,2017-12-22,2,17,3,test
889,2017-12-22 18:58:19,2017-12-22,2,17,3,test
890,2017-12-22 18:58:49,2017-12-22,2,17,3,test
891,2017-12-22 18:59:20,2017-12-22,2,17,3,test
892,2017-12-22 18:59:50,2017-12-22,2,17,3,test
893,2017-12-22 19:00:21,2017-12-22,2,17,3,test
894,2017-12-22 19:00:52,2017-12-22,2,17,3,test
895,2017-12-22 19:01:22,2017-12-22,2,17,3,test
896,2017-12-22 19:01:53,2017-12-22,2,17,3,test
897,2017-12-22 19:02:24,2017-12-22,2,17,3,test
898,2017-12-22 19:02:54,2017-12-22,2,17,3,test
899,2017-12-22 19:03:25,2017-12-22,2,17,3,test
900,2017-12-22 19:03:55,2017-12-22,2,17,3,test
901,2017-12-22 19:04:26,2017-12-22,2,17,3,test
902,2017-12-22 19:04:57,2017-12-22,2,17,3,test
903,2017-12-22 19:05:27,2017-12-22,2,17,3,test
904,2017-12-22 19:05:58,2017-12-22,2,17,3,test
905,2017-12-22 19:06:29,2017-12-22,2,17,3,test
906,2017-12-22 19:06:59,2017-12-22,2,17,3,test
907,2017-12-22 19:07:30,2017-12-22,2,17,3,test
908,2017-12-22 19:08:01,2017-12-22,2,17,3,test
909,2017-12-22 19:08:31,2017-12-22,2,17,3,test
910,2017-12-22 19:09:02,2017-12-22,2,17,3,test
911,2017-12-22 19:09:32,2017-12-22,2,17,3,test
912,2017-12-22 19:10:03,2017-12-22,2,17,3,test
913,2017-12-22 19:10:34,2017-12-22,2,17,3,test
914,2017-12-22 19:11:04,2017-12-22,2,17,3,test
915,2017-12-22 19:11:35,2017-12-22,2,17,3,test
916,2017-12-22 19:12:06,2017-12-22,2,17,3,test
917,2017-12-22 19:12:36,2017-12-22,2,17,3,test
918,2017-12-22 19:13:07,2017-12-22,2,17,3,test
919,2017-12-22 19:13:38,2017-12-22,2,17,3,test
920,2017-12-22 19:14:08,2017-12-22,2,17,3,test
921,2017-12-22 19:14:39,2017-12-22,2,17,3,test
922,2017-12-22 19:15:09,2017-12-22,2,17,3,test
923,2017-12-22 19:15:40,2017-12-22,2,17,3,test
924,2017-12-22 19:16:11,2017-12-22,2,17,3,test
925,2017-12-22 19:16:41,2017-12-22,2,17,3,test
926,2017-12-22 19:17:12,2017-12-22,2,17,3,test
927,2017-12-22 19:17:43,2017-12-22,2,17,3,test
928,2017-12-22 19:18:13,2017-12-22,2,17,3,test
929,2017-12-22 19:18:44,2017-12-22,2,17,3,test
930,2017-12-22 19:19:15,2017-12-22,2,17,3,test
931,2017-12-22 19:19:45,2017-12-22,2,17,3,test
932,2017-12-22 19:20:16,2017-12-22,2,17,3,test
933,2017-12-22 19:20:46,2017-12-22,2,17,3,test
934,2017-12-22 19:21:17,2017-12-22,2,17,3,test
935,2017-12-22 19:21:48,2017-12-22,2,17,3,test
936,2017-12-22 19:22:18,2017-12-22,2,17,3,test
937,2017-12-22 19:22:49,2017-12-22,2,17,3,test
938,2017-12-22 19:23:20,2017-12-22,2,17,3,test
939,2017-12-22 19:23:50,2017-12-22,2,17,3,test
940,2017-12-22 19:24:21,2017-12-22,2,17,3,test
941,2017-12-22 19:24:52,2017-12-22,2,17,3,test
942,2017-12-22 19:25:22,2017-12-22,2,17,3,test
943,2017-12-22 19:25:53,2017-12-22,2,17,3,test
944,2017-12-22 19:26:54,2017-12-22,2,17,3,test
945,2017-12-22 19:27:25,2017-12-22,2,17,3,test
946,2017-12-22 19:27:55,2017-12-22,2,17,3,test
947,2017-12-22 19:28:26,2017-12-22,2,17,3,test
948,2017-12-22 19:28:57,2017-12-22,2,17,3,test
949,2017-12-22 19:29:27,2017-12-22,2,17,3,test
950,2017-12-22 19:29:58,2017-12-22,2,17,3,test
951,2017-12-22 19:30:29,2017-12-22,2,17,3,test
952,2017-12-22 19:30:59,2017-12-22,2,17,3,test
953,2017-12-22 19:31:30,2017-12-22,2,17,3,test
954,2017-12-22 19:32:00,2017-12-22,2,17,3,test
955,2017-12-22 19:35:35,2017-12-22,3,18,3,purge
956,2017-12-22 19:36:05,2017-12-22,3,18,3,purge
957,2017-12-22 19:36:36,2017-12-22,3,18,3,purge
958,2017-12-22 19:39:40,2017-12-22,4,19,0,development
959,2017-12-22 19:40:10,2017-12-22,4,19,0,development
960,2017-12-22 19:40:41,2017-12-22,4,19,0,development
961,2017-12-22 19:41:12,2017-12-22,4,19,0,development
962,2017-12-22 19:41:42,2017-12-22,4,19,0,development
963,2017-12-22 19:42:13,2017-12-22,4,19,0,development
964,2017-12-22 19:42:44,2017-12-22,4,19,0,development
965,2017-12-22 19:43:14,2017-12-22,4,19,0,development
966,2017-12-22 19:43:45,2017-12-22,4,19,0,development
967,2017-12-22 19:44:46,2017-12-22,4,19,0,development
968,2017-12-22 19:45:17,2017-12-22,4,19,0,development
969,2017-12-22 19:45:47,2017-12-22,4,19,0,development
970,2017-12-22 19:46:18,2017-12-22,4,19,0,development
971,2017-12-22 19:46:49,2017-12-22,4,19,0,development
972,2017-12-22 19:47:19,2017-12-22,4,19,0,development
973,2017-12-22 19:47:50,2017-12-22,4,19,0,development
974,2017-12-22 19:48:21,2017-12-22,4,19,0,development
975,2017-12-22 19:48:51,2017-12-22,4,19,0,development
976,2017-12-22 19:49:22,2017-12-22,4,19,0,development
977,2017-12-22 19:49:52,2017-12-22,4,19,0,development
978,2017-12-22 19:50:23,2017-12-22,4,19,0,development
979,2017-12-22 19:50:54,2017-12-22,4,19,0,development
980,2017-12-22 19:51:24,2017-12-22,4,19,0,development
981,2017-12-22 19:51:55,2017-12-22,4,19,0,development
982,2017-12-22 19:52:26,2017-12-22,4,19,0,development
983,2017-12-22 19:52:56,2017-12-22,4,19,0,development
984,2017-12-22 19:53:27,2017-12-22,4,19,0,development
985,2017-12-22 19:53:58,2017-12-22,4,19,0,development
986,2017-12-22 19:54:28,2017-12-22,4,19,0,development
987,2017-12-22 19:54:59,2017-12-22,4,19,0,development
988,2017-12-22 19:55:29,2017-12-22,4,19,0,development
989,2017-12-22 19:56:00,2017-12-22,4,19,0,development
990,2017-12-22 19:56:31,2017-12-22,4,19,0,development
991,2017-12-22 19:57:01,2017-12-22,4,19,0,development
992,2017-12-22 19:57:32,2017-12-22,4,19,0,development
993,2017-12-22 19:58:03,2017-12-22,4,19,0,development
994,2017-12-22 19:58:33,2017-12-22,4,19,0,development
995,2017-12-22 19:59:04,2017-12-22,4,19,0,development
996,2017-12-22 19:59:35,2017-12-22,4,19,0,development
997,2017-12-22 20:00:05,2017-12-22,4,19,0,development
998,2017-12-22 20:00:36,2017-12-22,4,19,0,development
999,2017-12-22 20:01:06,2017-12-22,4,19,0,development
1000,2017-12-22 20:01:37,2017-12-22,4,19,0,development
1001,2017-12-22 20:02:08,2017-12-22,4,19,0,development
1002,2017-12-22 20:02:38,2017-12-22,4,19,0,development
1003,2017-12-22 20:03:09,2017-12-22,4,19,0,development
1004,2017-12-22 20:03:40,2017-12-22,4,19,0,development
1005,2017-12-22 20:04:10,2017-12-22,4,19,0,development
1006,2017-12-22 20:04:41,2017-12-22,4,19,0,development
1007,2017-12-22 20:05:12,2017-12-22,4,19,0,development
1008,2017-12-22 20:05:42,2017-12-22,4,19,0,development
1009,2017-12-22 20:06:13,2017-12-22,4,19,0,development
1010,2017-12-22 20:06:43,2017-12-22,4,19,0,development
1011,2017-12-22 20:07:14,2017-12-22,4,19,0,development
1012,2017-12-22 20:07:45,2017-12-22,4,19,0,development
1013,2017-12-22 20:08:15,2017-12-22,4,19,0,development
1014,2017-12-22 20:08:46,2017-12-22,4,19,0,development
1015,2017-12-22 20:09:17,2017-12-22,4,19,0,development
1016,2017-12-22 20:09:47,2017-12-22,4,19,0,development
1017,2017-12-22 20:10:18,2017-12-22,4,19,0,development
1018,2017-12-22 20:10:49,2017-12-22,4,19,0,development
1019,2017-12-22 20:11:19,2017-12-22,4,19,0,development
1020,2017-12-22 20:11:50,2017-12-22,4,19,0,development
1021,2017-12-22 20:12:20,2017-12-22,4,19,0,development
1022,2017-12-22 20:12:51,2017-12-22,4,19,0,development
1023,2017-12-22 20:13:22,2017-12-22,4,19,0,development
1024,2017-12-22 20:13:52,2017-12-22,4,19,0,development
1025,2017-12-22 20:14:23,2017-12-22,4,19,0,development
1026,2017-12-22 20:14:54,2017-12-22,4,19,0,development
1027,2017-12-22 20:15:24,2017-12-22,4,19,0,development
1028,2017-12-22 20:15:55,2017-12-22,4,19,0,development
1029,2017-12-22 20:16:25,2017-12-22,4,19,0,development
1030,2017-12-22 20:16:56,2017-12-22,4,19,0,development
1031,2017-12-22 20:17:27,2017-12-22,4,19,0,development
1032,2017-12-22 20:17:57,2017-12-22,4,19,0,development
1033,2017-12-22 20:18:28,2017-12-22,4,19,0,development
1034,2017-12-22 20:18:59,2017-12-22,4,19,0,development
1035,2017-12-22 20:19:29,2017-12-22,4,19,0,development
1036,2017-12-22 20:20:00,2017-12-22,4,19,0,development
1037,2017-12-22 20:20:31,2017-12-22,4,19,0,development
1038,2017-12-22 20:21:01,2017-12-22,4,19,0,development
1039,2017-12-22 20:21:32,2017-12-22,4,19,0,development
1040,2017-12-22 20:22:02,2017-12-22,4,19,0,development
1041,2017-12-22 20:22:33,2017-12-22,4,19,0,development
1042,2017-12-22 20:23:04,2017-12-22,4,19,0,development
1043,2017-12-22 20:23:34,2017-12-22,4,19,0,development
1044,2017-12-22 20:24:05,2017-12-22,4,19,0,development
1045,2017-12-22 20:24:36,2017-12-22,4,19,0,development
1046,2017-12-22 20:25:06,2017-12-22,4,19,0,development
1047,2017-12-22 20:25:37,2017-12-22,4,19,0,development
1048,2017-12-22 20:26:08,2017-12-22,4,19,0,development
1049,2017-12-22 20:26:38,2017-12-22,4,19,0,development
1050,2017-12-22 20:27:09,2017-12-22,4,19,0,development
1051,2017-12-22 20:28:10,2017-12-22,4,19,0,development
1052,2017-12-22 20:28:41,2017-12-22,4,19,0,development
1053,2017-12-22 20:29:11,2017-12-22,4,19,0,development
1054,2017-12-22 20:29:42,2017-12-22,4,19,0,development
1055,2017-12-22 20:30:13,2017-12-22,4,19,0,development
1056,2017-12-22 20:30:43,2017-12-22,4,19,0,development
1057,2017-12-22 20:31:14,2017-12-22,4,19,0,development
1058,2017-12-22 20:31:45,2017-12-22,4,19,0,development
1059,2017-12-22 20:32:15,2017-12-22,4,19,0,development
1060,2017-12-22 20:32:46,2017-12-22,4,19,0,development
1061,2017-12-22 20:33:16,2017-12-22,4,19,0,development
1062,2017-12-22 20:33:47,2017-12-22,4,19,0,development
1063,2017-12-22 20:34:18,2017-12-22,4,19,0,development
1064,2017-12-22 20:34:48,2017-12-22,4,19,0,development
1065,2017-12-22 20:35:19,2017-12-22,4,19,0,development
1066,2017-12-22 20:35:50,2017-12-22,4,19,0,development
1067,2017-12-22 20:36:20,2017-12-22,4,19,0,development
1068,2017-12-22 20:36:51,2017-12-22,4,19,0,development
1069,2017-12-22 20:37:22,2017-12-22,4,19,0,development
1070,2017-12-22 20:37:52,2017-12-22,4,19,0,development
1071,2017-12-22 20:38:23,2017-12-22,4,19,0,development
1072,2017-12-22 20:39:24,2017-12-22,4,19,0,development
1073,2017-12-22 20:39:55,2017-12-22,4,19,0,development
1074,2017-12-22 20:40:25,2017-12-22,4,19,0,development
1075,2017-12-22 20:40:56,2017-12-22,4,19,0,development
1076,2017-12-22 20:41:27,2017-12-22,4,19,0,development
1077,2017-12-22 20:41:57,2017-12-22,4,19,0,development
1078,2017-12-22 20:42:28,2017-12-22,4,19,0,development
1079,2017-12-22 20:42:59,2017-12-22,4,19,0,development
1080,2017-12-22 20:43:29,2017-12-22,4,19,0,development
1081,2017-12-22 20:44:00,2017-12-22,4,19,0,development
1082,2017-12-22 20:44:30,2017-12-22,4,19,0,development
1083,2017-12-22 20:45:01,2017-12-22,4,19,0,development
1084,2017-12-22 20:45:32,2017-12-22,4,19,0,development
1085,2017-12-22 20:46:02,2017-12-22,4,19,0,development
1086,2017-12-22 20:46:33,2017-12-22,4,19,0,development
1087,2017-12-22 20:47:04,2017-12-22,4,19,0,development
1088,2017-12-22 20:47:34,2017-12-22,4,19,0,development
1089,2017-12-22 20:48:05,2017-12-22,4,19,0,development
1090,2017-12-22 20:48:36,2017-12-22,4,19,0,development
1091,2017-12-22 20:49:06,2017-12-22,4,19,0,development
1092,2017-12-22 20:49:37,2017-12-22,4,19,0,development
1093,2017-12-22 20:50:07,2017-12-22,4,19,0,development
1094,2017-12-22 20:50:38,2017-12-22,4,19,0,development
1095,2017-12-22 20:51:09,2017-12-22,4,19,0,development
1096,2017-12-22 20:51:39,2017-12-22,4,19,0,development
1097,2017-12-22 20:52:10,2017-12-22,4,19,0,development
1098,2017-12-22 20:52:41,2017-12-22,4,19,0,development
1099,2017-12-22 20:53:11,2017-12-22,4,19,0,development
1100,2017-12-22 20:53:42,2017-12-22,4,19,0,development
1101,2017-12-22 20:54:12,2017-12-22,4,19,0,development
1102,2017-12-22 20:54:43,2017-12-22,4,19,0,development
1103,2017-12-22 20:55:14,2017-12-22,4,19,0,development
1104,2017-12-22 20:55:44,2017-12-22,4,19,0,development
1105,2017-12-22 20:56:15,2017-12-22,4,19,0,development
1106,2017-12-22 20:56:46,2017-12-22,4,19,0,development
1107,2017-12-22 20:57:16,2017-12-22,4,19,0,development
1108,2017-12-22 20:57:47,2017-12-22,4,19,0,development
1109,2017-12-22 20:58:18,2017-12-22,4,19,0,development
1110,2017-12-22 20:58:48,2017-12-22,4,19,0,development
1111,2017-12-22 20:59:19,2017-12-22,4,19,0,development
1112,2017-12-22 20:59:49,2017-12-22,4,19,0,development
1113,2017-12-22 21:00:20,2017-12-22,4,19,0,development
1114,2017-12-22 21:00:51,2017-12-22,4,19,0,development
1115,2017-12-22 21:01:21,2017-12-22,4,19,0,development
1116,2017-12-22 21:01:52,2017-12-22,4,19,0,development
1117,2017-12-22 21:02:23,2017-12-22,4,19,0,development
1118,2017-12-22 21:02:53,2017-12-22,4,19,0,development
1119,2017-12-22 21:03:24,2017-12-22,4,19,0,development
1120,2017-12-22 21:03:55,2017-12-22,4,19,0,development
1121,2017-12-22 21:04:25,2017-12-22,4,19,0,development
1122,2017-12-22 21:04:56,2017-12-22,4,19,0,development
1123,2017-12-22 21:05:26,2017-12-22,4,19,0,development
1124,2017-12-22 21:05:57,2017-12-22,4,19,0,development
1125,2017-12-22 21:06:28,2017-12-22,4,19,0,development
1126,2017-12-22 21:06:58,2017-12-22,4,19,0,development
1127,2017-12-22 21:07:29,2017-12-22,4,19,0,development
1128,2017-12-22 21:08:00,2017-12-22,4,19,0,development
1129,2017-12-22 21:08:30,2017-12-22,4,19,0,development
1130,2017-12-22 21:09:01,2017-12-22,4,19,0,development
1131,2017-12-22 21:09:32,2017-12-22,4,19,0,development
1132,2017-12-22 21:10:02,2017-12-22,4,19,0,development
1133,2017-12-22 21:10:33,2017-12-22,4,19,0,development
1134,2017-12-22 21:11:03,2017-12-22,4,19,0,development
1135,2017-12-22 21:11:34,2017-12-22,4,19,0,development
1136,2017-12-22 21:12:05,2017-12-22,4,19,0,development
1137,2017-12-22 21:12:35,2017-12-22,4,19,0,development
1138,2017-12-22 21:13:06,2017-12-22,4,19,0,development
1139,2017-12-22 21:13:37,2017-12-22,4,19,0,development
1140,2017-12-22 21:14:07,2017-12-22,4,19,0,development
1141,2017-12-22 21:14:38,2017-12-22,4,19,0,development
1142,2017-12-22 21:15:09,2017-12-22,4,19,0,development
1143,2017-12-22 21:15:39,2017-12-22,4,19,0,development
1144,2017-12-22 21:16:10,2017-12-22,4,19,0,development
1145,2017-12-22 21:16:40,2017-12-22,4,19,0,development
1146,2017-12-22 21:17:11,2017-12-22,4,19,0,development
1147,2017-12-22 21:17:42,2017-12-22,4,19,0,development
1148,2017-12-22 21:18:12,2017-12-22,4,19,0,development
1149,2017-12-22 21:18:43,2017-12-22,4,19,0,development
1150,2017-12-22 21:19:14,2017-12-22,4,19,0,development
1151,2017-12-22 21:19:44,2017-12-22,4,19,0,development
1152,2017-12-22 21:20:15,2017-12-22,4,19,0,development
1153,2017-12-22 21:20:46,2017-12-22,4,19,0,development
1154,2017-12-22 21:21:16,2017-12-22,4,19,0,development
1155,2017-12-22 21:21:47,2017-12-22,4,19,0,development
1156,2017-12-22 21:22:17,2017-12-22,4,19,0,development
1157,2017-12-22 21:22:48,2017-12-22,4,19,0,development
1158,2017-12-22 21:23:19,2017-12-22,4,19,0,development
1159,2017-12-22 21:23:49,2017-12-22,4,19,0,development
1160,2017-12-22 21:24:20,2017-12-22,4,19,0,development
1161,2017-12-22 21:24:51,2017-12-22,4,19,0,development
1162,2017-12-22 21:25:21,2017-12-22,4,19,0,development
1163,2017-12-22 21:25:52,2017-12-22,4,19,0,development
1164,2017-12-22 21:26:23,2017-12-22,4,19,0,development
1165,2017-12-22 21:26:53,2017-12-22,4,19,0,development
1166,2017-12-22 21:27:24,2017-12-22,4,19,0,development
1167,2017-12-22 21:27:54,2017-12-22,4,19,0,development
1168,2017-12-22 21:28:25,2017-12-22,4,19,0,development
1169,2017-12-22 21:28:56,2017-12-22,4,19,0,development
1170,2017-12-22 21:29:26,2017-12-22,4,19,0,development
1171,2017-12-22 21:29:57,2017-12-22,4,19,0,development
1172,2017-12-22 21:30:28,2017-12-22,4,19,0,development
1173,2017-12-22 21:30:58,2017-12-22,4,19,0,development
1174,2017-12-22 21:31:29,2017-12-22,4,19,0,development
1175,2017-12-22 21:32:00,2017-12-22,4,19,0,development
1176,2017-12-22 21:32:30,2017-12-22,4,19,0,development
1177,2017-12-22 21:33:01,2017-12-22,4,19,0,development
1178,2017-12-22 21:33:31,2017-12-22,4,19,0,development
1179,2017-12-22 21:34:02,2017-12-22,4,19,0,development
1180,2017-12-22 21:34:33,2017-12-22,4,19,0,development
1181,2017-12-22 21:35:34,2017-12-22,4,19,0,development
1182,2017-12-22 21:36:05,2017-12-22,4,19,0,development
1183,2017-12-22 21:36:35,2017-12-22,4,19,0,development
1184,2017-12-22 21:37:06,2017-12-22,4,19,0,development
1185,2017-12-22 21:37:36,2017-12-22,4,19,0,development
1186,2017-12-22 21:38:07,2017-12-22,4,19,0,development
1187,2017-12-22 21:38:38,2017-12-22,4,19,0,development
1188,2017-12-22 21:39:08,2017-12-22,4,19,0,development
1189,2017-12-22 21:39:39,2017-12-22,4,19,0,development
1190,2017-12-22 21:40:10,2017-12-22,4,19,0,development
1191,2017-12-22 21:40:40,2017-12-22,4,19,0,development
1192,2017-12-22 21:41:11,2017-12-22,4,19,0,development
1193,2017-12-22 21:41:42,2017-12-22,4,19,0,development
1194,2017-12-22 21:42:12,2017-12-22,4,19,0,development
1195,2017-12-22 21:42:43,2017-12-22,4,19,0,development
1196,2017-12-22 21:43:13,2017-12-22,4,19,0,development
1197,2017-12-22 21:43:44,2017-12-22,4,19,0,development
1198,2017-12-22 21:44:15,2017-12-22,4,19,0,development
1199,2017-12-22 21:44:45,2017-12-22,4,19,0,development
1200,2017-12-22 21:45:16,2017-12-22,4,19,0,development
1201,2017-12-22 21:45:47,2017-12-22,4,19,0,development
1202,2017-12-22 21:46:17,2017-12-22,4,19,0,development
1203,2017-12-22 21:46:48,2017-12-22,4,19,0,development
1204,2017-12-22 21:47:19,2017-12-22,4,19,0,development
1205,2017-12-22 21:47:49,2017-12-22,4,19,0,development
1206,2017-12-22 21:48:20,2017-12-22,4,19,0,development
1207,2017-12-22 21:48:50,2017-12-22,4,19,0,development
1208,2017-12-22 21:49:21,2017-12-22,4,19,0,development
1209,2017-12-22 21:49:52,2017-12-22,4,19,0,development
1210,2017-12-22 21:50:22,2017-12-22,4,19,0,development
1211,2017-12-22 21:50:53,2017-12-22,4,19,0,development
1212,2017-12-22 21:51:24,2017-12-22,4,19,0,development
1213,2017-12-22 21:51:54,2017-12-22,4,19,0,development
1214,2017-12-22 21:52:25,2017-12-22,4,19,0,development
1215,2017-12-22 21:52:56,2017-12-22,4,19,0,development
1216,2017-12-22 21:53:26,2017-12-22,4,19,0,development
1217,2017-12-22 21:53:57,2017-12-22,4,19,0,development
1218,2017-12-22 21:54:27,2017-12-22,4,19,0,development
1219,2017-12-22 21:54:58,2017-12-22,4,19,0,development
1220,2017-12-22 21:55:29,2017-12-22,4,19,0,development
1221,2017-12-22 21:55:59,2017-12-22,4,19,0,development
1222,2017-12-22 21:56:30,2017-12-22,4,19,0,development
1223,2017-12-22 21:57:01,2017-12-22,4,19,0,development
1224,2017-12-22 21:57:31,2017-12-22,4,19,0,development
1225,2017-12-22 21:58:02,2017-12-22,4,19,0,development
1226,2017-12-22 21:58:33,2017-12-22,4,19,0,development
1227,2017-12-22 21:59:03,2017-12-22,4,19,0,development
1228,2017-12-22 21:59:34,2017-12-22,4,19,0,development
1229,2017-12-22 22:00:04,2017-12-22,4,19,0,development
1230,2017-12-22 22:00:35,2017-12-22,4,19,0,development
1231,2017-12-22 22:01:06,2017-12-22,4,19,0,development
1232,2017-12-22 22:01:36,2017-12-22,4,19,0,development
1233,2017-12-22 22:02:07,2017-12-22,4,19,0,development
1234,2017-12-22 22:02:38,2017-12-22,4,19,0,development
1235,2017-12-22 22:03:08,2017-12-22,4,19,0,development
1236,2017-12-22 22:03:39,2017-12-22,4,19,0,development
1237,2017-12-22 22:04:09,2017-12-22,4,19,0,development
1238,2017-12-22 22:04:40,2017-12-22,4,19,0,development
1239,2017-12-22 22:05:11,2017-12-22,4,19,0,development
1240,2017-12-22 22:05:41,2017-12-22,4,19,0,development
1241,2017-12-22 22:06:12,2017-12-22,4,19,0,development
1242,2017-12-22 22:06:43,2017-12-22,4,19,0,development
1243,2017-12-22 22:07:13,2017-12-22,4,19,0,development
1244,2017-12-22 22:07:44,2017-12-22,4,19,0,development
1245,2017-12-22 22:08:15,2017-12-22,4,19,0,development
1246,2017-12-22 22:08:45,2017-12-22,4,19,0,development
1247,2017-12-22 22:09:16,2017-12-22,4,19,0,development
1248,2017-12-22 22:09:46,2017-12-22,4,19,0,development
1249,2017-12-22 22:10:17,2017-12-22,4,19,0,development
1250,2017-12-22 22:10:48,2017-12-22,4,19,0,development
1251,2017-12-22 22:11:18,2017-12-22,4,19,0,development
1252,2017-12-22 22:11:49,2017-12-22,4,19,0,development
1253,2017-12-22 22:12:20,2017-12-22,4,19,0,development
1254,2017-12-22 22:12:50,2017-12-22,4,19,0,development
1255,2017-12-22 22:13:21,2017-12-22,4,19,0,development
1256,2017-12-22 22:13:52,2017-12-22,4,19,0,development
1257,2017-12-22 22:14:22,2017-12-22,4,19,0,development
1258,2017-12-22 22:14:53,2017-12-22,4,19,0,development
1259,2017-12-22 22:15:23,2017-12-22,4,19,0,development
1260,2017-12-22 22:15:54,2017-12-22,4,19,0,development
1261,2017-12-22 22:16:25,2017-12-22,4,19,0,development
1262,2017-12-22 22:16:55,2017-12-22,4,19,0,development
1263,2017-12-22 22:17:26,2017-12-22,4,19,0,development
1264,2017-12-22 22:17:57,2017-12-22,4,19,0,development
1265,2017-12-22 22:18:27,2017-12-22,4,19,0,development
1266,2017-12-22 22:18:58,2017-12-22,4,19,0,development
1267,2017-12-22 22:19:29,2017-12-22,4,19,0,development
1268,2017-12-22 22:19:59,2017-12-22,4,19,0,development
1269,2017-12-22 22:20:30,2017-12-22,4,19,0,development
1270,2017-12-22 22:21:00,2017-12-22,4,19,0,development
1271,2017-12-22 22:21:31,2017-12-22,4,19,0,development
1272,2017-12-22 22:22:02,2017-12-22,4,19,0,development
1273,2017-12-22 22:22:32,2017-12-22,4,19,0,development
1274,2017-12-22 22:23:03,2017-12-22,4,19,0,development
1275,2017-12-22 22:23:34,2017-12-22,4,19,0,development
1276,2017-12-22 22:24:04,2017-12-22,4,19,0,development
1277,2017-12-22 22:24:35,2017-12-22,4,19,0,development
1278,2017-12-22 22:25:06,2017-12-22,4,19,0,development
1279,2017-12-22 22:25:36,2017-12-22,4,19,0,development
1280,2017-12-22 22:26:07,2017-12-22,4,19,0,development
1281,2017-12-22 22:26:37,2017-12-22,4,19,0,development
1282,2017-12-22 22:27:08,2017-12-22,4,19,0,development
1283,2017-12-22 22:27:39,2017-12-22,4,19,0,development
1284,2017-12-22 22:28:09,2017-12-22,4,19,0,development
1285,2017-12-22 22:28:40,2017-12-22,4,19,0,development
1286,2017-12-22 22:29:11,2017-12-22,4,19,0,development
1287,2017-12-22 22:29:41,2017-12-22,4,19,0,development
1288,2017-12-22 22:30:12,2017-12-22,4,19,0,development
1289,2017-12-22 22:30:43,2017-12-22,4,19,0,development
1290,2017-12-22 22:31:13,2017-12-22,4,19,0,development
1291,2017-12-22 22:31:44,2017-12-22,4,19,0,development
1292,2017-12-22 22:32:45,2017-12-22,4,19,0,development
1293,2017-12-22 22:33:16,2017-12-22,4,19,0,development
1294,2017-12-22 22:33:46,2017-12-22,4,19,0,development
1295,2017-12-22 22:34:17,2017-12-22,4,19,0,development
1296,2017-12-22 22:34:48,2017-12-22,4,19,0,development
1297,2017-12-22 22:35:18,2017-12-22,4,19,0,development
1298,2017-12-22 22:35:49,2017-12-22,4,19,0,development
1299,2017-12-22 22:36:20,2017-12-22,4,19,0,development
1300,2017-12-22 22:36:50,2017-12-22,4,19,0,development
1301,2017-12-22 22:37:21,2017-12-22,4,19,0,development
1302,2017-12-22 22:37:51,2017-12-22,4,19,0,development
1303,2017-12-22 22:38:22,2017-12-22,4,19,0,development
1304,2017-12-22 22:38:53,2017-12-22,4,19,0,development
1305,2017-12-22 22:39:23,2017-12-22,4,19,0,development
1306,2017-12-22 22:39:54,2017-12-22,4,19,0,development
1307,2017-12-22 22:40:25,2017-12-22,4,19,0,development
1308,2017-12-22 22:40:55,2017-12-22,4,19,0,development
1309,2017-12-22 22:41:26,2017-12-22,4,19,0,development
1310,2017-12-22 22:41:56,2017-12-22,4,19,0,development
1311,2017-12-22 22:42:27,2017-12-22,4,19,0,development
1312,2017-12-22 22:42:58,2017-12-22,4,19,0,development
1313,2017-12-22 22:43:28,2017-12-22,4,19,0,development
1314,2017-12-22 22:43:59,2017-12-22,4,19,0,development
1315,2017-12-22 22:44:30,2017-12-22,4,19,0,development
1316,2017-12-22 22:45:00,2017-12-22,4,19,0,development
1317,2017-12-22 22:45:31,2017-12-22,4,19,0,development
1318,2017-12-22 22:46:02,2017-12-22,4,19,0,development
1319,2017-12-22 22:46:32,2017-12-22,4,19,0,development
1320,2017-12-22 22:47:03,2017-12-22,4,19,0,development
1321,2017-12-22 22:47:33,2017-12-22,4,19,0,development
1322,2017-12-22 22:48:04,2017-12-22,4,19,0,development
1323,2017-12-22 22:48:35,2017-12-22,4,19,0,development
1324,2017-12-22 22:49:05,2017-12-22,4,19,0,development
1325,2017-12-22 22:49:36,2017-12-22,4,19,0,development
1326,2017-12-22 22:50:07,2017-12-22,4,19,0,development
1327,2017-12-22 22:50:37,2017-12-22,4,19,0,development
1328,2017-12-22 22:51:08,2017-12-22,4,19,0,development
1329,2017-12-22 22:51:39,2017-12-22,4,19,0,development
1330,2017-12-22 22:52:09,2017-12-22,4,19,0,development
1331,2017-12-22 22:52:40,2017-12-22,4,19,0,development
1332,2017-12-22 22:53:10,2017-12-22,4,19,0,development
1333,2017-12-22 22:53:41,2017-12-22,4,19,0,development
1334,2017-12-22 22:54:12,2017-12-22,4,19,0,development
1335,2017-12-22 22:54:42,2017-12-22,4,19,0,development
1336,2017-12-22 22:55:13,2017-12-22,4,19,0,development
1337,2017-12-22 22:55:44,2017-12-22,4,19,0,development
1338,2017-12-22 22:56:14,2017-12-22,4,19,0,development
1339,2017-12-22 22:56:45,2017-12-22,4,19,0,development
1340,2017-12-22 22:57:16,2017-12-22,4,19,0,development
1341,2017-12-22 22:57:46,2017-12-22,4,19,0,development
1342,2017-12-22 22:58:17,2017-12-22,4,19,0,development
1343,2017-12-22 22:58:47,2017-12-22,4,19,0,development
1344,2017-12-22 22:59:18,2017-12-22,4,19,0,development
1345,2017-12-22 22:59:49,2017-12-22,4,19,0,development
1346,2017-12-22 23:00:19,2017-12-22,4,19,0,development
1347,2017-12-22 23:00:50,2017-12-22,4,19,0,development
1348,2017-12-22 23:01:21,2017-12-22,4,19,0,development
1349,2017-12-22 23:01:51,2017-12-22,4,19,0,development
1350,2017-12-22 23:02:22,2017-12-22,4,19,0,development
1351,2017-12-22 23:02:53,2017-12-22,4,19,0,development
1352,2017-12-22 23:03:23,2017-12-22,4,19,0,development
1353,2017-12-22 23:03:54,2017-12-22,4,19,0,development
1354,2017-12-22 23:04:24,2017-12-22,4,19,0,development
1355,2017-12-22 23:04:55,2017-12-22,4,19,0,development
1356,2017-12-22 23:05:26,2017-12-22,4,19,0,development
1357,2017-12-22 23:05:56,2017-12-22,4,19,0,development
1358,2017-12-22 23:06:27,2017-12-22,4,19,0,development
1359,2017-12-22 23:06:58,2017-12-22,4,19,0,development
1360,2017-12-22 23:07:28,2017-12-22,4,19,0,development
1361,2017-12-22 23:07:59,2017-12-22,4,19,0,development
1362,2017-12-22 23:08:30,2017-12-22,4,19,0,development
1363,2017-12-22 23:09:00,2017-12-22,4,19,0,development
1364,2017-12-22 23:09:31,2017-12-22,4,19,0,development
1365,2017-12-22 23:10:01,2017-12-22,4,19,0,development
1366,2017-12-22 23:10:32,2017-12-22,4,19,0,development
1367,2017-12-22 23:11:03,2017-12-22,4,19,0,development
1368,2017-12-22 23:11:33,2017-12-22,4,19,0,development
1369,2017-12-22 23:12:04,2017-12-22,4,19,0,development
1370,2017-12-22 23:12:35,2017-12-22,4,19,0,development
1371,2017-12-22 23:13:05,2017-12-22,4,19,0,development
1372,2017-12-22 23:13:36,2017-12-22,4,19,0,development
1373,2017-12-22 23:14:06,2017-12-22,4,19,0,development
1374,2017-12-22 23:14:37,2017-12-22,4,19,0,development
1375,2017-12-22 23:15:08,2017-12-22,4,19,0,development
1376,2017-12-22 23:15:38,2017-12-22,4,19,0,development
1377,2017-12-22 23:16:09,2017-12-22,4,19,0,development
1378,2017-12-22 23:16:40,2017-12-22,4,19,0,development
1379,2017-12-22 23:17:10,2017-12-22,4,19,0,development
1380,2017-12-22 23:17:41,2017-12-22,4,19,0,development
1381,2017-12-22 23:18:12,2017-12-22,4,19,0,development
1382,2017-12-22 23:18:42,2017-12-22,4,19,0,development
1383,2017-12-22 23:19:13,2017-12-22,4,19,0,development
1384,2017-12-22 23:19:43,2017-12-22,4,19,0,development
1385,2017-12-22 23:20:14,2017-12-22,4,19,0,development
1386,2017-12-22 23:20:45,2017-12-22,4,19,0,development
1387,2017-12-22 23:21:15,2017-12-22,4,19,0,development
1388,2017-12-22 23:21:46,2017-12-22,4,19,0,development
1389,2017-12-22 23:22:17,2017-12-22,4,19,0,development
1390,2017-12-22 23:22:47,2017-12-22,4,19,0,development
1391,2017-12-22 23:23:18,2017-12-22,4,19,0,development
1392,2017-12-22 23:23:49,2017-12-22,4,19,0,development
1393,2017-12-22 23:24:19,2017-12-22,4,19,0,development
1394,2017-12-22 23:24:50,2017-12-22,4,19,0,development
1395,2017-12-22 23:25:20,2017-12-22,4,19,0,development
1396,2017-12-22 23:25:51,2017-12-22,4,19,0,development
1397,2017-12-22 23:26:22,2017-12-22,4,19,0,development
1398,2017-12-22 23:26:52,2017-12-22,4,19,0,development
1399,2017-12-22 23:27:23,2017-12-22,4,19,0,development
1400,2017-12-22 23:27:54,2017-12-22,4,19,0,development
1401,2017-12-22 23:28:55,2017-12-22,4,19,0,development
1402,2017-12-22 23:29:26,2017-12-22,4,19,0,development
1403,2017-12-22 23:29:56,2017-12-22,4,19,0,development
1404,2017-12-22 23:30:27,2017-12-22,4,19,0,development
1405,2017-12-22 23:30:57,2017-12-22,4,19,0,development
1406,2017-12-22 23:31:28,2017-12-22,4,19,0,development
1407,2017-12-22 23:31:59,2017-12-22,4,19,0,development
1408,2017-12-22 23:32:29,2017-12-22,4,19,0,development
1409,2017-12-22 23:33:00,2017-12-22,4,19,0,development
1410,2017-12-22 23:33:31,2017-12-22,4,19,0,development
1411,2017-12-22 23:34:01,2017-12-22,4,19,0,development
1412,2017-12-22 23:34:32,2017-12-22,4,19,0,development
1413,2017-12-22 23:35:03,2017-12-22,4,19,0,development
1414,2017-12-22 23:35:33,2017-12-22,4,19,0,development
1415,2017-12-22 23:36:04,2017-12-22,4,19,0,development
1416,2017-12-22 23:36:34,2017-12-22,4,19,0,development
1417,2017-12-22 23:37:05,2017-12-22,4,19,0,development
1418,2017-12-22 23:37:36,2017-12-22,4,19,0,development
1419,2017-12-22 23:38:06,2017-12-22,4,19,0,development
1420,2017-12-22 23:38:37,2017-12-22,4,19,0,development
1421,2017-12-22 23:39:08,2017-12-22,4,19,0,development
1422,2017-12-22 23:39:38,2017-12-22,4,19,0,development
1423,2017-12-22 23:40:09,2017-12-22,4,19,0,development
1424,2017-12-22 23:40:40,2017-12-22,4,19,0,development
1425,2017-12-22 23:41:10,2017-12-22,4,19,0,development
1426,2017-12-22 23:41:41,2017-12-22,4,19,0,development
1427,2017-12-22 23:42:11,2017-12-22,4,19,0,development
1428,2017-12-22 23:42:42,2017-12-22,4,19,0,development
1429,2017-12-22 23:43:13,2017-12-22,4,19,0,development
1430,2017-12-22 23:43:43,2017-12-22,4,19,0,development
1431,2017-12-22 23:44:14,2017-12-22,4,19,0,development
1432,2017-12-22 23:44:45,2017-12-22,4,19,0,development
1433,2017-12-22 23:45:15,2017-12-22,4,19,0,development
1434,2017-12-22 23:45:46,2017-12-22,4,19,0,development
1435,2017-12-22 23:46:16,2017-12-22,4,19,0,development
1436,2017-12-22 23:46:47,2017-12-22,4,19,0,development
1437,2017-12-22 23:47:18,2017-12-22,4,19,0,development
1438,2017-12-22 23:47:48,2017-12-22,4,19,0,development
1439,2017-12-22 23:48:19,2017-12-22,4,19,0,development
1440,2017-12-22 23:48:50,2017-12-22,4,19,0,development
1441,2017-12-22 23:49:20,2017-12-22,4,19,0,development
1442,2017-12-22 23:49:51,2017-12-22,4,19,0,development
1443,2017-12-22 23:50:22,2017-12-22,4,19,0,development
1444,2017-12-22 23:50:52,2017-12-22,4,19,0,development
1445,2017-12-22 23:51:23,2017-12-22,4,19,0,development
1446,2017-12-22 23:51:53,2017-12-22,4,19,0,development
1447,2017-12-22 23:52:24,2017-12-22,4,19,0,development
1448,2017-12-22 23:52:55,2017-12-22,4,19,0,development
1449,2017-12-22 23:53:25,2017-12-22,4,19,0,development
1450,2017-12-22 23:53:56,2017-12-22,4,19,0,development
1451,2017-12-22 23:54:27,2017-12-22,4,19,0,development
1452,2017-12-22 23:54:57,2017-12-22,4,19,0,development
1453,2017-12-22 23:55:28,2017-12-22,4,19,0,development
1454,2017-12-22 23:55:59,2017-12-22,4,19,0,development
1455,2017-12-22 23:56:29,2017-12-22,4,19,0,development
1456,2017-12-22 23:57:00,2017-12-22,4,19,0,development
1457,2017-12-22 23:57:30,2017-12-22,4,19,0,development
1458,2017-12-22 23:58:01,2017-12-22,4,19,0,development
1459,2017-12-22 23:58:32,2017-12-22,4,19,0,development
1460,2017-12-22 23:59:02,2017-12-22,4,19,0,development
1461,2017-12-22 23:59:33,2017-12-22,4,19,0,development
1462,2017-12-23 00:00:34,2017-12-23,4,19,0,development
1463,2017-12-23 00:01:05,2017-12-23,4,19,0,development
1464,2017-12-23 00:01:36,2017-12-23,4,19,0,development
1465,2017-12-23 00:02:06,2017-12-23,4,19,0,development
1466,2017-12-23 00:02:37,2017-12-23,4,19,0,development
1467,2017-12-23 00:03:07,2017-12-23,4,19,0,development
1468,2017-12-23 00:03:38,2017-12-23,4,19,0,development
1469,2017-12-23 00:04:09,2017-12-23,4,19,0,development
1470,2017-12-23 00:04:39,2017-12-23,4,19,0,development
1471,2017-12-23 00:05:10,2017-12-23,4,19,0,development
1472,2017-12-23 00:05:41,2017-12-23,4,19,0,development
1473,2017-12-23 00:06:11,2017-12-23,4,19,0,development
1474,2017-12-23 00:06:42,2017-12-23,4,19,0,development
1475,2017-12-23 00:07:13,2017-12-23,4,19,0,development
1476,2017-12-23 00:07:43,2017-12-23,4,19,0,development
1477,2017-12-23 00:08:14,2017-12-23,4,19,0,development
1478,2017-12-23 00:08:44,2017-12-23,4,19,0,development
1479,2017-12-23 00:09:15,2017-12-23,4,19,0,development
1480,2017-12-23 00:09:46,2017-12-23,4,19,0,development
1481,2017-12-23 00:10:16,2017-12-23,4,19,0,development
1482,2017-12-23 00:10:47,2017-12-23,4,19,0,development
1483,2017-12-23 00:11:18,2017-12-23,4,19,0,development
1484,2017-12-23 00:11:48,2017-12-23,4,19,0,development
1485,2017-12-23 00:12:19,2017-12-23,4,19,0,development
1486,2017-12-23 00:12:50,2017-12-23,4,19,0,development
1487,2017-12-23 00:13:20,2017-12-23,4,19,0,development
1488,2017-12-23 00:13:51,2017-12-23,4,19,0,development
1489,2017-12-23 00:14:21,2017-12-23,4,19,0,development
1490,2017-12-23 00:14:52,2017-12-23,4,19,0,development
1491,2017-12-23 00:15:23,2017-12-23,4,19,0,development
1492,2017-12-23 00:15:53,2017-12-23,4,19,0,development
1493,2017-12-23 00:16:24,2017-12-23,4,19,0,development
1494,2017-12-23 00:16:55,2017-12-23,4,19,0,development
1495,2017-12-23 00:17:25,2017-12-23,4,19,0,development
1496,2017-12-23 00:17:56,2017-12-23,4,19,0,development
1497,2017-12-23 00:18:26,2017-12-23,4,19,0,development
1498,2017-12-23 00:18:57,2017-12-23,4,19,0,development
1499,2017-12-23 00:19:28,2017-12-23,4,19,0,development
1500,2017-12-23 00:19:58,2017-12-23,4,19,0,development
1501,2017-12-23 00:20:29,2017-12-23,4,19,0,development
1502,2017-12-23 00:21:00,2017-12-23,4,19,0,development
1503,2017-12-23 00:21:30,2017-12-23,4,19,0,development
1504,2017-12-23 00:22:01,2017-12-23,4,19,0,development
1505,2017-12-23 00:22:32,2017-12-23,4,19,0,development
1506,2017-12-23 00:23:02,2017-12-23,4,19,0,development
1507,2017-12-23 00:23:33,2017-12-23,4,19,0,development
1508,2017-12-23 00:24:34,2017-12-23,4,19,0,development
1509,2017-12-23 00:25:05,2017-12-23,4,19,0,development
1510,2017-12-23 00:25:35,2017-12-23,4,19,0,development
1511,2017-12-23 00:26:06,2017-12-23,4,19,0,development
1512,2017-12-23 00:26:37,2017-12-23,4,19,0,development
1513,2017-12-23 00:27:07,2017-12-23,4,19,0,development
1514,2017-12-23 00:27:38,2017-12-23,4,19,0,development
1515,2017-12-23 00:28:09,2017-12-23,4,19,0,development
1516,2017-12-23 00:28:39,2017-12-23,4,19,0,development
1517,2017-12-23 00:29:10,2017-12-23,4,19,0,development
1518,2017-12-23 00:29:40,2017-12-23,4,19,0,development
1519,2017-12-23 00:30:11,2017-12-23,4,19,0,development
1520,2017-12-23 00:30:42,2017-12-23,4,19,0,development
1521,2017-12-23 00:31:12,2017-12-23,4,19,0,development
1522,2017-12-23 00:31:43,2017-12-23,4,19,0,development
1523,2017-12-23 00:32:14,2017-12-23,4,19,0,development
1524,2017-12-23 00:32:44,2017-12-23,4,19,0,development
1525,2017-12-23 00:33:15,2017-12-23,4,19,0,development
1526,2017-12-23 00:33:46,2017-12-23,4,19,0,development
1527,2017-12-23 00:34:16,2017-12-23,4,19,0,development
1528,2017-12-23 00:34:47,2017-12-23,4,19,0,development
1529,2017-12-23 00:35:17,2017-12-23,4,19,0,development
1530,2017-12-23 00:35:48,2017-12-23,4,19,0,development
1531,2017-12-23 00:36:19,2017-12-23,4,19,0,development
1532,2017-12-23 00:36:49,2017-12-23,4,19,0,development
1533,2017-12-23 00:37:20,2017-12-23,4,19,0,development
1534,2017-12-23 00:37:51,2017-12-23,4,19,0,development
1535,2017-12-23 00:38:21,2017-12-23,4,19,0,development
1536,2017-12-23 00:38:52,2017-12-23,4,19,0,development
1537,2017-12-23 00:39:23,2017-12-23,4,19,0,development
1538,2017-12-23 00:39:53,2017-12-23,4,19,0,development
1539,2017-12-23 00:40:24,2017-12-23,4,19,0,development
1540,2017-12-23 00:41:25,2017-12-23,4,19,0,development
1541,2017-12-23 00:41:56,2017-12-23,4,19,0,development
1542,2017-12-23 00:42:26,2017-12-23,4,19,0,development
1543,2017-12-23 00:42:57,2017-12-23,4,19,0,development
1544,2017-12-23 00:43:28,2017-12-23,4,19,0,development
1545,2017-12-23 00:43:58,2017-12-23,4,19,0,development
1546,2017-12-23 00:44:29,2017-12-23,4,19,0,development
1547,2017-12-23 00:45:00,2017-12-23,4,19,0,development
1548,2017-12-23 00:45:30,2017-12-23,4,19,0,development
1549,2017-12-23 00:46:01,2017-12-23,4,19,0,development
1550,2017-12-23 00:46:31,2017-12-23,4,19,0,development
1551,2017-12-23 00:47:02,2017-12-23,4,19,0,development
1552,2017-12-23 00:47:33,2017-12-23,4,19,0,development
1553,2017-12-23 00:48:03,2017-12-23,4,19,0,development
1554,2017-12-23 00:48:34,2017-12-23,4,19,0,development
1555,2017-12-23 00:49:05,2017-12-23,4,19,0,development
1556,2017-12-23 00:49:35,2017-12-23,4,19,0,development
1557,2017-12-23 00:50:06,2017-12-23,4,19,0,development
1558,2017-12-23 00:50:37,2017-12-23,4,19,0,development
1559,2017-12-23 00:51:07,2017-12-23,4,19,0,development
1560,2017-12-23 00:51:38,2017-12-23,4,19,0,development
1561,2017-12-23 00:52:08,2017-12-23,4,19,0,development
1562,2017-12-23 00:52:39,2017-12-23,4,19,0,development
1563,2017-12-23 00:53:10,2017-12-23,4,19,0,development
1564,2017-12-23 00:53:40,2017-12-23,4,19,0,development
1565,2017-12-23 00:54:11,2017-12-23,4,19,0,development
1566,2017-12-23 00:54:42,2017-12-23,4,19,0,development
1567,2017-12-23 00:55:12,2017-12-23,4,19,0,development
1568,2017-12-23 00:55:43,2017-12-23,4,19,0,development
1569,2017-12-23 00:56:13,2017-12-23,4,19,0,development
1570,2017-12-23 00:56:44,2017-12-23,4,19,0,development
1571,2017-12-23 00:57:15,2017-12-23,4,19,0,development
1572,2017-12-23 00:57:45,2017-12-23,4,19,0,development
1573,2017-12-23 00:58:16,2017-12-23,4,19,0,development
1574,2017-12-23 00:58:47,2017-12-23,4,19,0,development
1575,2017-12-23 00:59:17,2017-12-23,4,19,0,development
1576,2017-12-23 00:59:48,2017-12-23,4,19,0,development
1577,2017-12-23 01:00:19,2017-12-23,4,19,0,development
1578,2017-12-23 01:00:49,2017-12-23,4,19,0,development
1579,2017-12-23 01:01:20,2017-12-23,4,19,0,development
1580,2017-12-23 01:01:50,2017-12-23,4,19,0,development
1581,2017-12-23 01:02:21,2017-12-23,4,19,0,development
1582,2017-12-23 01:02:52,2017-12-23,4,19,0,development
1583,2017-12-23 01:03:22,2017-12-23,4,19,0,development
1584,2017-12-23 01:03:53,2017-12-23,4,19,0,development
1585,2017-12-23 01:04:24,2017-12-23,4,19,0,development
1586,2017-12-23 01:04:54,2017-12-23,4,19,0,development
1587,2017-12-23 01:05:25,2017-12-23,4,19,0,development
1588,2017-12-23 01:05:56,2017-12-23,4,19,0,development
1589,2017-12-23 01:06:26,2017-12-23,4,19,0,development
1590,2017-12-23 01:06:57,2017-12-23,4,19,0,development
1591,2017-12-23 01:07:27,2017-12-23,4,19,0,development
1592,2017-12-23 01:07:58,2017-12-23,4,19,0,development
1593,2017-12-23 01:08:29,2017-12-23,4,19,0,development
1594,2017-12-23 01:08:59,2017-12-23,4,19,0,development
1595,2017-12-23 01:09:30,2017-12-23,4,19,0,development
1596,2017-12-23 01:10:01,2017-12-23,4,19,0,development
1597,2017-12-23 01:10:31,2017-12-23,4,19,0,development
1598,2017-12-23 01:11:02,2017-12-23,4,19,0,development
1599,2017-12-23 01:11:33,2017-12-23,4,19,0,development
1600,2017-12-23 01:12:03,2017-12-23,4,19,0,development
1601,2017-12-23 01:12:34,2017-12-23,4,19,0,development
1602,2017-12-23 01:13:04,2017-12-23,4,19,0,development
1603,2017-12-23 01:13:35,2017-12-23,4,19,0,development
1604,2017-12-23 01:14:06,2017-12-23,4,19,0,development
1605,2017-12-23 01:14:36,2017-12-23,4,19,0,development
1606,2017-12-23 01:15:07,2017-12-23,4,19,0,development
1607,2017-12-23 01:15:38,2017-12-23,4,19,0,development
1608,2017-12-23 01:16:08,2017-12-23,4,19,0,development
1609,2017-12-23 01:16:39,2017-12-23,4,19,0,development
1610,2017-12-23 01:17:10,2017-12-23,4,19,0,development
1611,2017-12-23 01:17:40,2017-12-23,4,19,0,development
1612,2017-12-23 01:18:11,2017-12-23,4,19,0,development
1613,2017-12-23 01:18:41,2017-12-23,4,19,0,development
1614,2017-12-23 01:19:12,2017-12-23,4,19,0,development
1615,2017-12-23 01:19:43,2017-12-23,4,19,0,development
1616,2017-12-23 01:20:44,2017-12-23,4,19,0,development
1617,2017-12-23 01:21:15,2017-12-23,4,19,0,development
1618,2017-12-23 01:21:45,2017-12-23,4,19,0,development
1619,2017-12-23 01:22:16,2017-12-23,4,19,0,development
1620,2017-12-23 01:22:47,2017-12-23,4,19,0,development
1621,2017-12-23 01:23:17,2017-12-23,4,19,0,development
1622,2017-12-23 01:23:48,2017-12-23,4,19,0,development
1623,2017-12-23 01:24:18,2017-12-23,4,19,0,development
1624,2017-12-23 01:24:49,2017-12-23,4,19,0,development
1625,2017-12-23 01:25:20,2017-12-23,4,19,0,development
1626,2017-12-23 01:25:50,2017-12-23,4,19,0,development
1627,2017-12-23 01:26:21,2017-12-23,4,19,0,development
1628,2017-12-23 01:26:52,2017-12-23,4,19,0,development
1629,2017-12-23 01:27:22,2017-12-23,4,19,0,development
1630,2017-12-23 01:27:53,2017-12-23,4,19,0,development
1631,2017-12-23 01:28:24,2017-12-23,4,19,0,development
1632,2017-12-23 01:28:54,2017-12-23,4,19,0,development
1633,2017-12-23 01:29:25,2017-12-23,4,19,0,development
1634,2017-12-23 01:29:55,2017-12-23,4,19,0,development
1635,2017-12-23 01:30:26,2017-12-23,4,19,0,development
1636,2017-12-23 01:30:57,2017-12-23,4,19,0,development
1637,2017-12-23 01:31:27,2017-12-23,4,19,0,development
1638,2017-12-23 01:31:58,2017-12-23,4,19,0,development
1639,2017-12-23 01:32:29,2017-12-23,4,19,0,development
1640,2017-12-23 01:32:59,2017-12-23,4,19,0,development
1641,2017-12-23 01:33:30,2017-12-23,4,19,0,development
1642,2017-12-23 01:34:00,2017-12-23,4,19,0,development
1643,2017-12-23 01:34:31,2017-12-23,4,19,0,development
1644,2017-12-23 01:35:02,2017-12-23,4,19,0,development
1645,2017-12-23 01:35:32,2017-12-23,4,19,0,development
1646,2017-12-23 01:36:03,2017-12-23,4,19,0,development
1647,2017-12-23 01:36:34,2017-12-23,4,19,0,development
1648,2017-12-23 01:37:04,2017-12-23,4,19,0,development
1649,2017-12-23 01:37:35,2017-12-23,4,19,0,development
1650,2017-12-23 01:38:06,2017-12-23,4,19,0,development
1651,2017-12-23 01:38:36,2017-12-23,4,19,0,development
1652,2017-12-23 01:39:07,2017-12-23,4,19,0,development
1653,2017-12-23 01:39:37,2017-12-23,4,19,0,development
1654,2017-12-23 01:40:08,2017-12-23,4,19,0,development
1655,2017-12-23 01:40:39,2017-12-23,4,19,0,development
1656,2017-12-23 01:41:09,2017-12-23,4,19,0,development
1657,2017-12-23 01:41:40,2017-12-23,4,19,0,development
1658,2017-12-23 01:42:11,2017-12-23,4,19,0,development
1659,2017-12-23 01:42:41,2017-12-23,4,19,0,development
1660,2017-12-23 01:43:12,2017-12-23,4,19,0,development
1661,2017-12-23 01:43:43,2017-12-23,4,19,0,development
1662,2017-12-23 01:44:13,2017-12-23,4,19,0,development
1663,2017-12-23 01:44:44,2017-12-23,4,19,0,development
1664,2017-12-23 01:45:14,2017-12-23,4,19,0,development
1665,2017-12-23 01:45:45,2017-12-23,4,19,0,development
1666,2017-12-23 01:46:16,2017-12-23,4,19,0,development
1667,2017-12-23 01:46:46,2017-12-23,4,19,0,development
1668,2017-12-23 01:47:17,2017-12-23,4,19,0,development
1669,2017-12-23 01:47:48,2017-12-23,4,19,0,development
1670,2017-12-23 01:48:18,2017-12-23,4,19,0,development
1671,2017-12-23 01:48:49,2017-12-23,4,19,0,development
1672,2017-12-23 01:49:20,2017-12-23,4,19,0,development
1673,2017-12-23 01:49:50,2017-12-23,4,19,0,development
1674,2017-12-23 01:50:21,2017-12-23,4,19,0,development
1675,2017-12-23 01:50:51,2017-12-23,4,19,0,development
1676,2017-12-23 01:51:22,2017-12-23,4,19,0,development
1677,2017-12-23 01:51:53,2017-12-23,4,19,0,development
1678,2017-12-23 01:52:23,2017-12-23,4,19,0,development
1679,2017-12-23 01:52:54,2017-12-23,4,19,0,development
1680,2017-12-23 01:53:25,2017-12-23,4,19,0,development
1681,2017-12-23 01:53:55,2017-12-23,4,19,0,development
1682,2017-12-23 01:54:26,2017-12-23,4,19,0,development
1683,2017-12-23 01:54:57,2017-12-23,4,19,0,development
1684,2017-12-23 01:55:27,2017-12-23,4,19,0,development
1685,2017-12-23 01:55:58,2017-12-23,4,19,0,development
1686,2017-12-23 01:56:28,2017-12-23,4,19,0,development
1687,2017-12-23 01:56:59,2017-12-23,4,19,0,development
1688,2017-12-23 01:57:30,2017-12-23,4,19,0,development
1689,2017-12-23 01:58:00,2017-12-23,4,19,0,development
1690,2017-12-23 01:58:31,2017-12-23,4,19,0,development
1691,2017-12-23 01:59:02,2017-12-23,4,19,0,development
1692,2017-12-23 01:59:32,2017-12-23,4,19,0,development
1693,2017-12-23 02:00:03,2017-12-23,4,19,0,development
1694,2017-12-23 02:00:34,2017-12-23,4,19,0,development
1695,2017-12-23 02:01:04,2017-12-23,4,19,0,development
1696,2017-12-23 02:01:35,2017-12-23,4,19,0,development
1697,2017-12-23 02:02:36,2017-12-23,4,19,0,development
1698,2017-12-23 02:03:07,2017-12-23,4,19,0,development
1699,2017-12-23 02:03:37,2017-12-23,4,19,0,development
1700,2017-12-23 02:04:08,2017-12-23,4,19,0,development
1701,2017-12-23 02:04:39,2017-12-23,4,19,0,development
1702,2017-12-23 02:05:09,2017-12-23,4,19,0,development
1703,2017-12-23 02:05:40,2017-12-23,4,19,0,development
1704,2017-12-23 02:06:10,2017-12-23,4,19,0,development
1705,2017-12-23 02:06:41,2017-12-23,4,19,0,development
1706,2017-12-23 02:07:12,2017-12-23,4,19,0,development
1707,2017-12-23 02:07:42,2017-12-23,4,19,0,development
1708,2017-12-23 02:08:13,2017-12-23,4,19,0,development
1709,2017-12-23 02:08:44,2017-12-23,4,19,0,development
1710,2017-12-23 02:09:14,2017-12-23,4,19,0,development
1711,2017-12-23 02:09:45,2017-12-23,4,19,0,development
1712,2017-12-23 02:10:16,2017-12-23,4,19,0,development
1713,2017-12-23 02:10:46,2017-12-23,4,19,0,development
1714,2017-12-23 02:11:17,2017-12-23,4,19,0,development
1715,2017-12-23 02:11:47,2017-12-23,4,19,0,development
1716,2017-12-23 02:12:18,2017-12-23,4,19,0,development
1717,2017-12-23 02:12:49,2017-12-23,4,19,0,development
1718,2017-12-23 02:13:19,2017-12-23,4,19,0,development
1719,2017-12-23 02:13:50,2017-12-23,4,19,0,development
1720,2017-12-23 02:14:21,2017-12-23,4,19,0,development
1721,2017-12-23 02:14:51,2017-12-23,4,19,0,development
1722,2017-12-23 02:15:22,2017-12-23,4,19,0,development
1723,2017-12-23 02:15:53,2017-12-23,4,19,0,development
1724,2017-12-23 02:16:23,2017-12-23,4,19,0,development
1725,2017-12-23 02:16:54,2017-12-23,4,19,0,development
1726,2017-12-23 02:17:55,2017-12-23,4,19,0,development
1727,2017-12-23 02:18:26,2017-12-23,4,19,0,development
1728,2017-12-23 02:18:56,2017-12-23,4,19,0,development
1729,2017-12-23 02:19:27,2017-12-23,4,19,0,development
1730,2017-12-23 02:19:58,2017-12-23,4,19,0,development
1731,2017-12-23 02:20:28,2017-12-23,4,19,0,development
1732,2017-12-23 02:20:59,2017-12-23,4,19,0,development
1733,2017-12-23 02:21:30,2017-12-23,4,19,0,development
1734,2017-12-23 02:22:00,2017-12-23,4,19,0,development
1735,2017-12-23 02:22:31,2017-12-23,4,19,0,development
1736,2017-12-23 02:23:01,2017-12-23,4,19,0,development
1737,2017-12-23 02:23:32,2017-12-23,4,19,0,development
1738,2017-12-23 02:24:03,2017-12-23,4,19,0,development
1739,2017-12-23 02:24:33,2017-12-23,4,19,0,development
1740,2017-12-23 02:25:04,2017-12-23,4,19,0,development
1741,2017-12-23 02:25:35,2017-12-23,4,19,0,development
1742,2017-12-23 02:26:05,2017-12-23,4,19,0,development
1743,2017-12-23 02:26:36,2017-12-23,4,19,0,development
1744,2017-12-23 02:27:07,2017-12-23,4,19,0,development
1745,2017-12-23 02:27:37,2017-12-23,4,19,0,development
1746,2017-12-23 02:28:08,2017-12-23,4,19,0,development
1747,2017-12-23 02:28:38,2017-12-23,4,19,0,development
1748,2017-12-23 02:29:09,2017-12-23,4,19,0,development
1749,2017-12-23 02:29:40,2017-12-23,4,19,0,development
1750,2017-12-23 02:30:10,2017-12-23,4,19,0,development
1751,2017-12-23 02:30:41,2017-12-23,4,19,0,development
1752,2017-12-23 02:31:12,2017-12-23,4,19,0,development
1753,2017-12-23 02:31:42,2017-12-23,4,19,0,development
1754,2017-12-23 02:32:13,2017-12-23,4,19,0,development
1755,2017-12-23 02:32:44,2017-12-23,4,19,0,development
1756,2017-12-23 02:33:14,2017-12-23,4,19,0,development
1757,2017-12-23 02:33:45,2017-12-23,4,19,0,development
1758,2017-12-23 02:34:15,2017-12-23,4,19,0,development
1759,2017-12-23 02:34:46,2017-12-23,4,19,0,development
1760,2017-12-23 02:35:17,2017-12-23,4,19,0,development
1761,2017-12-23 02:35:47,2017-12-23,4,19,0,development
1762,2017-12-23 02:36:18,2017-12-23,4,19,0,development
1763,2017-12-23 02:36:49,2017-12-23,4,19,0,development
1764,2017-12-23 02:37:19,2017-12-23,4,19,0,development
1765,2017-12-23 02:37:50,2017-12-23,4,19,0,development
1766,2017-12-23 02:38:21,2017-12-23,4,19,0,development
1767,2017-12-23 02:38:51,2017-12-23,4,19,0,development
1768,2017-12-23 02:39:22,2017-12-23,4,19,0,development
1769,2017-12-23 02:39:52,2017-12-23,4,19,0,development
1770,2017-12-23 02:40:23,2017-12-23,4,19,0,development
1771,2017-12-23 02:40:54,2017-12-23,4,19,0,development
1772,2017-12-23 02:41:24,2017-12-23,4,19,0,development
1773,2017-12-23 02:41:55,2017-12-23,4,19,0,development
1774,2017-12-23 02:42:26,2017-12-23,4,19,0,development
1775,2017-12-23 02:42:56,2017-12-23,4,19,0,development
1776,2017-12-23 02:43:27,2017-12-23,4,19,0,development
1777,2017-12-23 02:43:58,2017-12-23,4,19,0,development
1778,2017-12-23 02:44:28,2017-12-23,4,19,0,development
1779,2017-12-23 02:44:59,2017-12-23,4,19,0,development
1780,2017-12-23 02:45:29,2017-12-23,4,19,0,development
1781,2017-12-23 02:46:00,2017-12-23,4,19,0,development
1782,2017-12-23 02:46:31,2017-12-23,4,19,0,development
1783,2017-12-23 02:47:01,2017-12-23,4,19,0,development
1784,2017-12-23 02:47:32,2017-12-23,4,19,0,development
1785,2017-12-23 02:48:03,2017-12-23,4,19,0,development
1786,2017-12-23 02:48:33,2017-12-23,4,19,0,development
1787,2017-12-23 02:49:04,2017-12-23,4,19,0,development
1788,2017-12-23 02:49:34,2017-12-23,4,19,0,development
1789,2017-12-23 02:50:05,2017-12-23,4,19,0,development
1790,2017-12-23 02:50:36,2017-12-23,4,19,0,development
1791,2017-12-23 02:51:06,2017-12-23,4,19,0,development
1792,2017-12-23 02:51:37,2017-12-23,4,19,0,development
1793,2017-12-23 02:52:08,2017-12-23,4,19,0,development
1794,2017-12-23 02:52:38,2017-12-23,4,19,0,development
1795,2017-12-23 02:53:09,2017-12-23,4,19,0,development
1796,2017-12-23 02:53:40,2017-12-23,4,19,0,development
1797,2017-12-23 02:54:10,2017-12-23,4,19,0,development
1798,2017-12-23 02:54:41,2017-12-23,4,19,0,development
1799,2017-12-23 02:55:11,2017-12-23,4,19,0,development
1800,2017-12-23 02:55:42,2017-12-23,4,19,0,development
1801,2017-12-23 02:56:13,2017-12-23,4,19,0,development
1802,2017-12-23 02:56:43,2017-12-23,4,19,0,development
1803,2017-12-23 02:57:14,2017-12-23,4,19,0,development
1804,2017-12-23 02:57:45,2017-12-23,4,19,0,development
1805,2017-12-23 02:58:15,2017-12-23,4,19,0,development
1806,2017-12-23 02:58:46,2017-12-23,4,19,0,development
1807,2017-12-23 02:59:17,2017-12-23,4,19,0,development
1808,2017-12-23 02:59:47,2017-12-23,4,19,0,development
1809,2017-12-23 03:00:18,2017-12-23,4,19,0,development
1810,2017-12-23 03:00:48,2017-12-23,4,19,0,development
1811,2017-12-23 03:01:19,2017-12-23,4,19,0,development
1812,2017-12-23 03:01:50,2017-12-23,4,19,0,development
1813,2017-12-23 03:02:20,2017-12-23,4,19,0,development
1814,2017-12-23 03:02:51,2017-12-23,4,19,0,development
1815,2017-12-23 03:03:22,2017-12-23,4,19,0,development
1816,2017-12-23 03:03:52,2017-12-23,4,19,0,development
1817,2017-12-23 03:04:23,2017-12-23,4,19,0,development
1818,2017-12-23 03:04:54,2017-12-23,4,19,0,development
1819,2017-12-23 03:05:24,2017-12-23,4,19,0,development
1820,2017-12-23 03:05:55,2017-12-23,4,19,0,development
1821,2017-12-23 03:06:25,2017-12-23,4,19,0,development
1822,2017-12-23 03:06:56,2017-12-23,4,19,0,development
1823,2017-12-23 03:07:27,2017-12-23,4,19,0,development
1824,2017-12-23 03:07:57,2017-12-23,4,19,0,development
1825,2017-12-23 03:08:28,2017-12-23,4,19,0,development
1826,2017-12-23 03:08:59,2017-12-23,4,19,0,development
1827,2017-12-23 03:09:29,2017-12-23,4,19,0,development
1828,2017-12-23 03:10:00,2017-12-23,4,19,0,development
1829,2017-12-23 03:10:31,2017-12-23,4,19,0,development
1830,2017-12-23 03:11:01,2017-12-23,4,19,0,development
1831,2017-12-23 03:11:32,2017-12-23,4,19,0,development
1832,2017-12-23 03:12:02,2017-12-23,4,19,0,development
1833,2017-12-23 03:12:33,2017-12-23,4,19,0,development
1834,2017-12-23 03:13:04,2017-12-23,4,19,0,development
1835,2017-12-23 03:14:05,2017-12-23,4,19,0,development
1836,2017-12-23 03:14:36,2017-12-23,4,19,0,development
1837,2017-12-23 03:15:06,2017-12-23,4,19,0,development
1838,2017-12-23 03:15:37,2017-12-23,4,19,0,development
1839,2017-12-23 03:16:07,2017-12-23,4,19,0,development
1840,2017-12-23 03:16:38,2017-12-23,4,19,0,development
1841,2017-12-23 03:17:09,2017-12-23,4,19,0,development
1842,2017-12-23 03:17:39,2017-12-23,4,19,0,development
1843,2017-12-23 03:18:10,2017-12-23,4,19,0,development
1844,2017-12-23 03:18:41,2017-12-23,4,19,0,development
1845,2017-12-23 03:19:11,2017-12-23,4,19,0,development
1846,2017-12-23 03:19:42,2017-12-23,4,19,0,development
1847,2017-12-23 03:20:13,2017-12-23,4,19,0,development
1848,2017-12-23 03:20:43,2017-12-23,4,19,0,development
1849,2017-12-23 03:21:14,2017-12-23,4,19,0,development
1850,2017-12-23 03:21:44,2017-12-23,4,19,0,development
1851,2017-12-23 03:22:15,2017-12-23,4,19,0,development
1852,2017-12-23 03:22:46,2017-12-23,4,19,0,development
1853,2017-12-23 03:23:16,2017-12-23,4,19,0,development
1854,2017-12-23 03:23:47,2017-12-23,4,19,0,development
1855,2017-12-23 03:24:18,2017-12-23,4,19,0,development
1856,2017-12-23 03:24:48,2017-12-23,4,19,0,development
1857,2017-12-23 03:25:19,2017-12-23,4,19,0,development
1858,2017-12-23 03:25:50,2017-12-23,4,19,0,development
1859,2017-12-23 03:26:20,2017-12-23,4,19,0,development
1860,2017-12-23 03:26:51,2017-12-23,4,19,0,development
1861,2017-12-23 03:27:21,2017-12-23,4,19,0,development
1862,2017-12-23 03:27:52,2017-12-23,4,19,0,development
1863,2017-12-23 03:28:23,2017-12-23,4,19,0,development
1864,2017-12-23 03:28:53,2017-12-23,4,19,0,development
1865,2017-12-23 03:29:24,2017-12-23,4,19,0,development
1866,2017-12-23 03:29:55,2017-12-23,4,19,0,development
1867,2017-12-23 03:30:25,2017-12-23,4,19,0,development
1868,2017-12-23 03:30:56,2017-12-23,4,19,0,development
1869,2017-12-23 03:31:27,2017-12-23,4,19,0,development
1870,2017-12-23 03:31:57,2017-12-23,4,19,0,development
1871,2017-12-23 03:32:28,2017-12-23,4,19,0,development
1872,2017-12-23 03:32:58,2017-12-23,4,19,0,development
1873,2017-12-23 03:33:29,2017-12-23,4,19,0,development
1874,2017-12-23 03:34:00,2017-12-23,4,19,0,development
1875,2017-12-23 03:34:30,2017-12-23,4,19,0,development
1876,2017-12-23 03:35:01,2017-12-23,4,19,0,development
1877,2017-12-23 03:35:32,2017-12-23,4,19,0,development
1878,2017-12-23 03:36:02,2017-12-23,4,19,0,development
1879,2017-12-23 03:36:33,2017-12-23,4,19,0,development
1880,2017-12-23 03:37:04,2017-12-23,4,19,0,development
1881,2017-12-23 03:37:34,2017-12-23,4,19,0,development
1882,2017-12-23 03:38:05,2017-12-23,4,19,0,development
1883,2017-12-23 03:38:35,2017-12-23,4,19,0,development
1884,2017-12-23 03:39:06,2017-12-23,4,19,0,development
1885,2017-12-23 03:39:37,2017-12-23,4,19,0,development
1886,2017-12-23 03:40:07,2017-12-23,4,19,0,development
1887,2017-12-23 03:40:38,2017-12-23,4,19,0,development
1888,2017-12-23 03:41:09,2017-12-23,4,19,0,development
1889,2017-12-23 03:41:39,2017-12-23,4,19,0,development
1890,2017-12-23 03:42:10,2017-12-23,4,19,0,development
1891,2017-12-23 03:42:40,2017-12-23,4,19,0,development
1892,2017-12-23 03:43:11,2017-12-23,4,19,0,development
1893,2017-12-23 03:43:42,2017-12-23,4,19,0,development
1894,2017-12-23 03:44:12,2017-12-23,4,19,0,development
1895,2017-12-23 03:44:43,2017-12-23,4,19,0,development
1896,2017-12-23 03:45:14,2017-12-23,4,19,0,development
1897,2017-12-23 03:45:44,2017-12-23,4,19,0,development
1898,2017-12-23 03:46:15,2017-12-23,4,19,0,development
1899,2017-12-23 03:46:46,2017-12-23,4,19,0,development
1900,2017-12-23 03:47:16,2017-12-23,4,19,0,development
1901,2017-12-23 03:47:47,2017-12-23,4,19,0,development
1902,2017-12-23 03:48:17,2017-12-23,4,19,0,development
1903,2017-12-23 03:48:48,2017-12-23,4,19,0,development
1904,2017-12-23 03:49:19,2017-12-23,4,19,0,development
1905,2017-12-23 03:49:49,2017-12-23,4,19,0,development
1906,2017-12-23 03:50:20,2017-12-23,4,19,0,development
1907,2017-12-23 03:50:51,2017-12-23,4,19,0,development
1908,2017-12-23 03:51:21,2017-12-23,4,19,0,development
1909,2017-12-23 03:51:52,2017-12-23,4,19,0,development
1910,2017-12-23 03:52:23,2017-12-23,4,19,0,development
1911,2017-12-23 03:52:53,2017-12-23,4,19,0,development
1912,2017-12-23 03:53:24,2017-12-23,4,19,0,development
1913,2017-12-23 03:53:54,2017-12-23,4,19,0,development
1914,2017-12-23 03:54:25,2017-12-23,4,19,0,development
1915,2017-12-23 03:54:56,2017-12-23,4,19,0,development
1916,2017-12-23 03:55:26,2017-12-23,4,19,0,development
1917,2017-12-23 03:55:57,2017-12-23,4,19,0,development
1918,2017-12-23 03:56:28,2017-12-23,4,19,0,development
1919,2017-12-23 03:56:58,2017-12-23,4,19,0,development
1920,2017-12-23 03:57:29,2017-12-23,4,19,0,development
1921,2017-12-23 03:58:00,2017-12-23,4,19,0,development
1922,2017-12-23 03:58:30,2017-12-23,4,19,0,development
1923,2017-12-23 03:59:01,2017-12-23,4,19,0,development
1924,2017-12-23 03:59:31,2017-12-23,4,19,0,development
1925,2017-12-23 04:00:02,2017-12-23,4,19,0,development
1926,2017-12-23 04:00:33,2017-12-23,4,19,0,development
1927,2017-12-23 04:01:03,2017-12-23,4,19,0,development
1928,2017-12-23 04:01:34,2017-12-23,4,19,0,development
1929,2017-12-23 04:02:05,2017-12-23,4,19,0,development
1930,2017-12-23 04:02:35,2017-12-23,4,19,0,development
1931,2017-12-23 04:03:06,2017-12-23,4,19,0,development
1932,2017-12-23 04:03:37,2017-12-23,4,19,0,development
1933,2017-12-23 04:04:07,2017-12-23,4,19,0,development
1934,2017-12-23 04:04:38,2017-12-23,4,19,0,development
1935,2017-12-23 04:05:08,2017-12-23,4,19,0,development
1936,2017-12-23 04:05:39,2017-12-23,4,19,0,development
1937,2017-12-23 04:06:10,2017-12-23,4,19,0,development
1938,2017-12-23 04:06:40,2017-12-23,4,19,0,development
1939,2017-12-23 04:07:11,2017-12-23,4,19,0,development
1940,2017-12-23 04:07:42,2017-12-23,4,19,0,development
1941,2017-12-23 04:08:12,2017-12-23,4,19,0,development
1942,2017-12-23 04:08:43,2017-12-23,4,19,0,development
1943,2017-12-23 04:09:13,2017-12-23,4,19,0,development
1944,2017-12-23 04:09:44,2017-12-23,4,19,0,development
1945,2017-12-23 04:10:15,2017-12-23,4,19,0,development
1946,2017-12-23 04:11:16,2017-12-23,4,19,0,development
1947,2017-12-23 04:11:47,2017-12-23,4,19,0,development
1948,2017-12-23 04:12:17,2017-12-23,4,19,0,development
1949,2017-12-23 04:12:48,2017-12-23,4,19,0,development
1950,2017-12-23 04:13:19,2017-12-23,4,19,0,development
1951,2017-12-23 04:13:49,2017-12-23,4,19,0,development
1952,2017-12-23 04:14:20,2017-12-23,4,19,0,development
1953,2017-12-23 04:14:50,2017-12-23,4,19,0,development
1954,2017-12-23 04:15:21,2017-12-23,4,19,0,development
1955,2017-12-23 04:15:52,2017-12-23,4,19,0,development
1956,2017-12-23 04:16:22,2017-12-23,4,19,0,development
1957,2017-12-23 04:16:53,2017-12-23,4,19,0,development
1958,2017-12-23 04:17:24,2017-12-23,4,19,0,development
1959,2017-12-23 04:17:54,2017-12-23,4,19,0,development
1960,2017-12-23 04:18:25,2017-12-23,4,19,0,development
1961,2017-12-23 04:18:56,2017-12-23,4,19,0,development
1962,2017-12-23 04:19:26,2017-12-23,4,19,0,development
1963,2017-12-23 04:19:57,2017-12-23,4,19,0,development
1964,2017-12-23 04:20:27,2017-12-23,4,19,0,development
1965,2017-12-23 04:20:58,2017-12-23,4,19,0,development
1966,2017-12-23 04:21:29,2017-12-23,4,19,0,development
1967,2017-12-23 04:21:59,2017-12-23,4,19,0,development
1968,2017-12-23 04:22:30,2017-12-23,4,19,0,development
1969,2017-12-23 04:23:01,2017-12-23,4,19,0,development
1970,2017-12-23 04:23:31,2017-12-23,4,19,0,development
1971,2017-12-23 04:24:02,2017-12-23,4,19,0,development
1972,2017-12-23 04:24:33,2017-12-23,4,19,0,development
1973,2017-12-23 04:25:03,2017-12-23,4,19,0,development
1974,2017-12-23 04:25:34,2017-12-23,4,19,0,development
1975,2017-12-23 04:26:04,2017-12-23,4,19,0,development
1976,2017-12-23 04:26:35,2017-12-23,4,19,0,development
1977,2017-12-23 04:27:06,2017-12-23,4,19,0,development
1978,2017-12-23 04:27:36,2017-12-23,4,19,0,development
1979,2017-12-23 04:28:07,2017-12-23,4,19,0,development
1980,2017-12-23 04:28:38,2017-12-23,4,19,0,development
1981,2017-12-23 04:29:08,2017-12-23,4,19,0,development
1982,2017-12-23 04:29:39,2017-12-23,4,19,0,development
1983,2017-12-23 04:30:10,2017-12-23,4,19,0,development
1984,2017-12-23 04:30:40,2017-12-23,4,19,0,development
1985,2017-12-23 04:31:11,2017-12-23,4,19,0,development
1986,2017-12-23 04:31:41,2017-12-23,4,19,0,development
1987,2017-12-23 04:32:12,2017-12-23,4,19,0,development
1988,2017-12-23 04:32:43,2017-12-23,4,19,0,development
1989,2017-12-23 04:33:13,2017-12-23,4,19,0,development
1990,2017-12-23 04:33:44,2017-12-23,4,19,0,development
1991,2017-12-23 04:34:15,2017-12-23,4,19,0,development
1992,2017-12-23 04:34:45,2017-12-23,4,19,0,development
1993,2017-12-23 04:35:16,2017-12-23,4,19,0,development
1994,2017-12-23 04:35:47,2017-12-23,4,19,0,development
1995,2017-12-23 04:36:17,2017-12-23,4,19,0,development
1996,2017-12-23 04:36:48,2017-12-23,4,19,0,development
1997,2017-12-23 04:37:18,2017-12-23,4,19,0,development
1998,2017-12-23 04:37:49,2017-12-23,4,19,0,development
1999,2017-12-23 04:38:20,2017-12-23,4,19,0,development
2000,2017-12-23 04:38:50,2017-12-23,4,19,0,development
2001,2017-12-23 04:39:21,2017-12-23,4,19,0,development
2002,2017-12-23 04:39:52,2017-12-23,4,19,0,development
2003,2017-12-23 04:40:22,2017-12-23,4,19,0,development
2004,2017-12-23 04:40:53,2017-12-23,4,19,0,development
2005,2017-12-23 04:41:23,2017-12-23,4,19,0,development
2006,2017-12-23 04:41:54,2017-12-23,4,19,0,development
2007,2017-12-23 04:42:25,2017-12-23,4,19,0,development
2008,2017-12-23 04:42:55,2017-12-23,4,19,0,development
2009,2017-12-23 04:43:26,2017-12-23,4,19,0,development
2010,2017-12-23 04:43:57,2017-12-23,4,19,0,development
2011,2017-12-23 04:44:27,2017-12-23,4,19,0,development
2012,2017-12-23 04:44:58,2017-12-23,4,19,0,development
2013,2017-12-23 04:45:29,2017-12-23,4,19,0,development
2014,2017-12-23 04:45:59,2017-12-23,4,19,0,development
2015,2017-12-23 04:46:30,2017-12-23,4,19,0,development
2016,2017-12-23 04:47:00,2017-12-23,4,19,0,development
2017,2017-12-23 04:47:31,2017-12-23,4,19,0,development
2018,2017-12-23 04:48:02,2017-12-23,4,19,0,development
2019,2017-12-23 04:48:32,2017-12-23,4,19,0,development
2020,2017-12-23 04:49:03,2017-12-23,4,19,0,development
2021,2017-12-23 04:49:34,2017-12-23,4,19,0,development
2022,2017-12-23 04:50:04,2017-12-23,4,19,0,development
2023,2017-12-23 04:50:35,2017-12-23,4,19,0,development
2024,2017-12-23 04:51:06,2017-12-23,4,19,0,development
2025,2017-12-23 04:51:36,2017-12-23,4,19,0,development
2026,2017-12-23 04:52:07,2017-12-23,4,19,0,development
2027,2017-12-23 04:52:37,2017-12-23,4,19,0,development
2028,2017-12-23 04:53:08,2017-12-23,4,19,0,development
2029,2017-12-23 04:53:39,2017-12-23,4,19,0,development
2030,2017-12-23 04:54:09,2017-12-23,4,19,0,development
2031,2017-12-23 04:54:40,2017-12-23,4,19,0,development
2032,2017-12-23 04:55:11,2017-12-23,4,19,0,development
2033,2017-12-23 04:55:41,2017-12-23,4,19,0,development
2034,2017-12-23 04:56:12,2017-12-23,4,19,0,development
2035,2017-12-23 04:56:43,2017-12-23,4,19,0,development
2036,2017-12-23 04:57:13,2017-12-23,4,19,0,development
2037,2017-12-23 04:57:44,2017-12-23,4,19,0,development
2038,2017-12-23 04:58:14,2017-12-23,4,19,0,development
2039,2017-12-23 04:58:45,2017-12-23,4,19,0,development
2040,2017-12-23 04:59:16,2017-12-23,4,19,0,development
2041,2017-12-23 04:59:46,2017-12-23,4,19,0,development
2042,2017-12-23 05:00:17,2017-12-23,4,19,0,development
2043,2017-12-23 05:00:48,2017-12-23,4,19,0,development
2044,2017-12-23 05:01:18,2017-12-23,4,19,0,development
2045,2017-12-23 05:01:49,2017-12-23,4,19,0,development
2046,2017-12-23 05:02:20,2017-12-23,4,19,0,development
2047,2017-12-23 05:02:50,2017-12-23,4,19,0,development
2048,2017-12-23 05:03:21,2017-12-23,4,19,0,development
2049,2017-12-23 05:03:51,2017-12-23,4,19,0,development
2050,2017-12-23 05:04:22,2017-12-23,4,19,0,development
2051,2017-12-23 05:04:53,2017-12-23,4,19,0,development
2052,2017-12-23 05:05:23,2017-12-23,4,19,0,development
2053,2017-12-23 05:05:54,2017-12-23,4,19,0,development
2054,2017-12-23 05:06:25,2017-12-23,4,19,0,development
2055,2017-12-23 05:06:55,2017-12-23,4,19,0,development
2056,2017-12-23 05:07:26,2017-12-23,4,19,0,development
2057,2017-12-23 05:07:57,2017-12-23,4,19,0,development
2058,2017-12-23 05:08:58,2017-12-23,4,19,0,development
2059,2017-12-23 05:09:28,2017-12-23,4,19,0,development
2060,2017-12-23 05:09:59,2017-12-23,4,19,0,development
2061,2017-12-23 05:10:30,2017-12-23,4,19,0,development
2062,2017-12-23 05:11:00,2017-12-23,4,19,0,development
2063,2017-12-23 05:11:31,2017-12-23,4,19,0,development
2064,2017-12-23 05:12:02,2017-12-23,4,19,0,development
2065,2017-12-23 05:12:32,2017-12-23,4,19,0,development
2066,2017-12-23 05:13:03,2017-12-23,4,19,0,development
2067,2017-12-23 05:13:33,2017-12-23,4,19,0,development
2068,2017-12-23 05:14:04,2017-12-23,4,19,0,development
2069,2017-12-23 05:14:35,2017-12-23,4,19,0,development
2070,2017-12-23 05:15:05,2017-12-23,4,19,0,development
2071,2017-12-23 05:15:36,2017-12-23,4,19,0,development
2072,2017-12-23 05:16:07,2017-12-23,4,19,0,development
2073,2017-12-23 05:16:37,2017-12-23,4,19,0,development
2074,2017-12-23 05:17:08,2017-12-23,4,19,0,development
2075,2017-12-23 05:17:39,2017-12-23,4,19,0,development
2076,2017-12-23 05:18:09,2017-12-23,4,19,0,development
2077,2017-12-23 05:18:40,2017-12-23,4,19,0,development
2078,2017-12-23 05:19:10,2017-12-23,4,19,0,development
2079,2017-12-23 05:19:41,2017-12-23,4,19,0,development
2080,2017-12-23 05:20:12,2017-12-23,4,19,0,development
2081,2017-12-23 05:20:42,2017-12-23,4,19,0,development
2082,2017-12-23 05:21:13,2017-12-23,4,19,0,development
2083,2017-12-23 05:21:44,2017-12-23,4,19,0,development
2084,2017-12-23 05:22:14,2017-12-23,4,19,0,development
2085,2017-12-23 05:22:45,2017-12-23,4,19,0,development
2086,2017-12-23 05:23:16,2017-12-23,4,19,0,development
2087,2017-12-23 05:23:46,2017-12-23,4,19,0,development
2088,2017-12-23 05:24:17,2017-12-23,4,19,0,development
2089,2017-12-23 05:24:47,2017-12-23,4,19,0,development
2090,2017-12-23 05:25:18,2017-12-23,4,19,0,development
2091,2017-12-23 05:25:49,2017-12-23,4,19,0,development
2092,2017-12-23 05:26:19,2017-12-23,4,19,0,development
2093,2017-12-23 05:26:50,2017-12-23,4,19,0,development
2094,2017-12-23 05:27:21,2017-12-23,4,19,0,development
2095,2017-12-23 05:27:51,2017-12-23,4,19,0,development
2096,2017-12-23 05:28:22,2017-12-23,4,19,0,development
2097,2017-12-23 05:28:53,2017-12-23,4,19,0,development
2098,2017-12-23 05:29:23,2017-12-23,4,19,0,development
2099,2017-12-23 05:29:54,2017-12-23,4,19,0,development
2100,2017-12-23 05:30:24,2017-12-23,4,19,0,development
2101,2017-12-23 05:30:55,2017-12-23,4,19,0,development
2102,2017-12-23 05:31:26,2017-12-23,4,19,0,development
2103,2017-12-23 05:31:56,2017-12-23,4,19,0,development
2104,2017-12-23 05:32:27,2017-12-23,4,19,0,development
2105,2017-12-23 05:32:58,2017-12-23,4,19,0,development
2106,2017-12-23 05:33:28,2017-12-23,4,19,0,development
2107,2017-12-23 05:33:59,2017-12-23,4,19,0,development
2108,2017-12-23 05:34:30,2017-12-23,4,19,0,development
2109,2017-12-23 05:35:00,2017-12-23,4,19,0,development
2110,2017-12-23 05:35:31,2017-12-23,4,19,0,development
2111,2017-12-23 05:36:01,2017-12-23,4,19,0,development
2112,2017-12-23 05:36:32,2017-12-23,4,19,0,development
2113,2017-12-23 05:37:03,2017-12-23,4,19,0,development
2114,2017-12-23 05:37:33,2017-12-23,4,19,0,development
2115,2017-12-23 05:38:04,2017-12-23,4,19,0,development
2116,2017-12-23 05:38:35,2017-12-23,4,19,0,development
2117,2017-12-23 05:39:05,2017-12-23,4,19,0,development
2118,2017-12-23 05:39:36,2017-12-23,4,19,0,development
2119,2017-12-23 05:40:07,2017-12-23,4,19,0,development
2120,2017-12-23 05:40:37,2017-12-23,4,19,0,development
2121,2017-12-23 05:41:08,2017-12-23,4,19,0,development
2122,2017-12-23 05:41:38,2017-12-23,4,19,0,development
2123,2017-12-23 05:42:09,2017-12-23,4,19,0,development
2124,2017-12-23 05:42:40,2017-12-23,4,19,0,development
2125,2017-12-23 05:43:10,2017-12-23,4,19,0,development
2126,2017-12-23 05:43:41,2017-12-23,4,19,0,development
2127,2017-12-23 05:44:12,2017-12-23,4,19,0,development
2128,2017-12-23 05:44:42,2017-12-23,4,19,0,development
2129,2017-12-23 05:45:13,2017-12-23,4,19,0,development
2130,2017-12-23 05:45:44,2017-12-23,4,19,0,development
2131,2017-12-23 05:46:14,2017-12-23,4,19,0,development
2132,2017-12-23 05:46:45,2017-12-23,4,19,0,development
2133,2017-12-23 05:47:15,2017-12-23,4,19,0,development
2134,2017-12-23 05:47:46,2017-12-23,4,19,0,development
2135,2017-12-23 05:48:17,2017-12-23,4,19,0,development
2136,2017-12-23 05:48:47,2017-12-23,4,19,0,development
2137,2017-12-23 05:49:18,2017-12-23,4,19,0,development
2138,2017-12-23 05:49:49,2017-12-23,4,19,0,development
2139,2017-12-23 05:50:19,2017-12-23,4,19,0,development
2140,2017-12-23 05:50:50,2017-12-23,4,19,0,development
2141,2017-12-23 05:51:20,2017-12-23,4,19,0,development
2142,2017-12-23 05:51:51,2017-12-23,4,19,0,development
2143,2017-12-23 05:52:22,2017-12-23,4,19,0,development
2144,2017-12-23 05:52:52,2017-12-23,4,19,0,development
2145,2017-12-23 05:53:23,2017-12-23,4,19,0,development
2146,2017-12-23 05:53:54,2017-12-23,4,19,0,development
2147,2017-12-23 05:54:24,2017-12-23,4,19,0,development
2148,2017-12-23 05:54:55,2017-12-23,4,19,0,development
2149,2017-12-23 05:55:26,2017-12-23,4,19,0,development
2150,2017-12-23 05:55:56,2017-12-23,4,19,0,development
2151,2017-12-23 05:56:27,2017-12-23,4,19,0,development
2152,2017-12-23 05:56:57,2017-12-23,4,19,0,development
2153,2017-12-23 05:57:28,2017-12-23,4,19,0,development
2154,2017-12-23 05:57:59,2017-12-23,4,19,0,development
2155,2017-12-23 05:58:29,2017-12-23,4,19,0,development
2156,2017-12-23 05:59:00,2017-12-23,4,19,0,development
2157,2017-12-23 05:59:31,2017-12-23,4,19,0,development
2158,2017-12-23 06:00:01,2017-12-23,4,19,0,development
2159,2017-12-23 06:00:32,2017-12-23,4,19,0,development
2160,2017-12-23 06:01:03,2017-12-23,4,19,0,development
2161,2017-12-23 06:01:33,2017-12-23,4,19,0,development
2162,2017-12-23 06:02:04,2017-12-23,4,19,0,development
2163,2017-12-23 06:02:34,2017-12-23,4,19,0,development
2164,2017-12-23 06:03:05,2017-12-23,4,19,0,development
2165,2017-12-23 06:03:36,2017-12-23,4,19,0,development
2166,2017-12-23 06:04:06,2017-12-23,4,19,0,development
2167,2017-12-23 06:04:37,2017-12-23,4,19,0,development
2168,2017-12-23 06:05:08,2017-12-23,4,19,0,development
2169,2017-12-23 06:06:09,2017-12-23,4,19,0,development
2170,2017-12-23 06:06:40,2017-12-23,4,19,0,development
2171,2017-12-23 06:07:10,2017-12-23,4,19,0,development
2172,2017-12-23 06:07:41,2017-12-23,4,19,0,development
2173,2017-12-23 06:08:11,2017-12-23,4,19,0,development
2174,2017-12-23 06:08:42,2017-12-23,4,19,0,development
2175,2017-12-23 06:09:13,2017-12-23,4,19,0,development
2176,2017-12-23 06:09:43,2017-12-23,4,19,0,development
2177,2017-12-23 06:10:14,2017-12-23,4,19,0,development
2178,2017-12-23 06:10:45,2017-12-23,4,19,0,development
2179,2017-12-23 06:11:15,2017-12-23,4,19,0,development
2180,2017-12-23 06:11:46,2017-12-23,4,19,0,development
2181,2017-12-23 06:12:17,2017-12-23,4,19,0,development
2182,2017-12-23 06:12:47,2017-12-23,4,19,0,development
2183,2017-12-23 06:13:18,2017-12-23,4,19,0,development
2184,2017-12-23 06:13:48,2017-12-23,4,19,0,development
2185,2017-12-23 06:14:19,2017-12-23,4,19,0,development
2186,2017-12-23 06:14:50,2017-12-23,4,19,0,development
2187,2017-12-23 06:15:20,2017-12-23,4,19,0,development
2188,2017-12-23 06:15:51,2017-12-23,4,19,0,development
2189,2017-12-23 06:16:22,2017-12-23,4,19,0,development
2190,2017-12-23 06:16:52,2017-12-23,4,19,0,development
2191,2017-12-23 06:17:23,2017-12-23,4,19,0,development
2192,2017-12-23 06:17:54,2017-12-23,4,19,0,development
2193,2017-12-23 06:18:24,2017-12-23,4,19,0,development
2194,2017-12-23 06:18:55,2017-12-23,4,19,0,development
2195,2017-12-23 06:19:25,2017-12-23,4,19,0,development
2196,2017-12-23 06:19:56,2017-12-23,4,19,0,development
2197,2017-12-23 06:20:27,2017-12-23,4,19,0,development
2198,2017-12-23 06:20:57,2017-12-23,4,19,0,development
2199,2017-12-23 06:21:28,2017-12-23,4,19,0,development
2200,2017-12-23 06:21:59,2017-12-23,4,19,0,development
2201,2017-12-23 06:22:29,2017-12-23,4,19,0,development
2202,2017-12-23 06:23:00,2017-12-23,4,19,0,development
2203,2017-12-23 06:23:31,2017-12-23,4,19,0,development
2204,2017-12-23 06:24:01,2017-12-23,4,19,0,development
2205,2017-12-23 06:24:32,2017-12-23,4,19,0,development
2206,2017-12-23 06:25:02,2017-12-23,4,19,0,development
2207,2017-12-23 06:25:33,2017-12-23,4,19,0,development
2208,2017-12-23 06:26:04,2017-12-23,4,19,0,development
2209,2017-12-23 06:26:34,2017-12-23,4,19,0,development
2210,2017-12-23 06:27:05,2017-12-23,4,19,0,development
2211,2017-12-23 06:27:36,2017-12-23,4,19,0,development
2212,2017-12-23 06:28:06,2017-12-23,4,19,0,development
2213,2017-12-23 06:28:37,2017-12-23,4,19,0,development
2214,2017-12-23 06:29:07,2017-12-23,4,19,0,development
2215,2017-12-23 06:29:38,2017-12-23,4,19,0,development
2216,2017-12-23 06:30:09,2017-12-23,4,19,0,development
2217,2017-12-23 06:30:39,2017-12-23,4,19,0,development
2218,2017-12-23 06:31:10,2017-12-23,4,19,0,development
2219,2017-12-23 06:31:41,2017-12-23,4,19,0,development
2220,2017-12-23 06:32:11,2017-12-23,4,19,0,development
2221,2017-12-23 06:32:42,2017-12-23,4,19,0,development
2222,2017-12-23 06:33:13,2017-12-23,4,19,0,development
2223,2017-12-23 06:33:43,2017-12-23,4,19,0,development
2224,2017-12-23 06:34:14,2017-12-23,4,19,0,development
2225,2017-12-23 06:34:44,2017-12-23,4,19,0,development
2226,2017-12-23 06:35:15,2017-12-23,4,19,0,development
2227,2017-12-23 06:35:46,2017-12-23,4,19,0,development
2228,2017-12-23 06:36:16,2017-12-23,4,19,0,development
2229,2017-12-23 06:36:47,2017-12-23,4,19,0,development
2230,2017-12-23 06:37:18,2017-12-23,4,19,0,development
2231,2017-12-23 06:37:48,2017-12-23,4,19,0,development
2232,2017-12-23 06:38:19,2017-12-23,4,19,0,development
2233,2017-12-23 06:38:50,2017-12-23,4,19,0,development
2234,2017-12-23 06:39:20,2017-12-23,4,19,0,development
2235,2017-12-23 06:39:51,2017-12-23,4,19,0,development
2236,2017-12-23 06:40:21,2017-12-23,4,19,0,development
2237,2017-12-23 06:40:52,2017-12-23,4,19,0,development
2238,2017-12-23 06:41:23,2017-12-23,4,19,0,development
2239,2017-12-23 06:41:53,2017-12-23,4,19,0,development
2240,2017-12-23 06:42:24,2017-12-23,4,19,0,development
2241,2017-12-23 06:42:55,2017-12-23,4,19,0,development
2242,2017-12-23 06:43:25,2017-12-23,4,19,0,development
2243,2017-12-23 06:43:56,2017-12-23,4,19,0,development
2244,2017-12-23 06:44:27,2017-12-23,4,19,0,development
2245,2017-12-23 06:44:57,2017-12-23,4,19,0,development
2246,2017-12-23 06:45:28,2017-12-23,4,19,0,development
2247,2017-12-23 06:46:29,2017-12-23,4,19,0,development
2248,2017-12-23 06:47:00,2017-12-23,4,19,0,development
2249,2017-12-23 06:47:30,2017-12-23,4,19,0,development
2250,2017-12-23 06:48:01,2017-12-23,4,19,0,development
2251,2017-12-23 06:48:32,2017-12-23,4,19,0,development
2252,2017-12-23 06:49:02,2017-12-23,4,19,0,development
2253,2017-12-23 06:49:33,2017-12-23,4,19,0,development
2254,2017-12-23 06:50:04,2017-12-23,4,19,0,development
2255,2017-12-23 06:50:34,2017-12-23,4,19,0,development
2256,2017-12-23 06:51:05,2017-12-23,4,19,0,development
2257,2017-12-23 06:51:35,2017-12-23,4,19,0,development
2258,2017-12-23 06:52:06,2017-12-23,4,19,0,development
2259,2017-12-23 06:52:37,2017-12-23,4,19,0,development
2260,2017-12-23 06:53:07,2017-12-23,4,19,0,development
2261,2017-12-23 06:53:38,2017-12-23,4,19,0,development
2262,2017-12-23 06:54:09,2017-12-23,4,19,0,development
2263,2017-12-23 06:54:39,2017-12-23,4,19,0,development
2264,2017-12-23 06:55:10,2017-12-23,4,19,0,development
2265,2017-12-23 06:55:41,2017-12-23,4,19,0,development
2266,2017-12-23 06:56:11,2017-12-23,4,19,0,development
2267,2017-12-23 06:56:42,2017-12-23,4,19,0,development
2268,2017-12-23 06:57:12,2017-12-23,4,19,0,development
2269,2017-12-23 06:57:43,2017-12-23,4,19,0,development
2270,2017-12-23 06:58:14,2017-12-23,4,19,0,development
2271,2017-12-23 06:58:44,2017-12-23,4,19,0,development
2272,2017-12-23 06:59:15,2017-12-23,4,19,0,development
2273,2017-12-23 06:59:46,2017-12-23,4,19,0,development
2274,2017-12-23 07:00:16,2017-12-23,4,19,0,development
2275,2017-12-23 07:00:47,2017-12-23,4,19,0,development
2276,2017-12-23 07:01:17,2017-12-23,4,19,0,development
2277,2017-12-23 07:01:48,2017-12-23,4,19,0,development
2278,2017-12-23 07:02:19,2017-12-23,4,19,0,development
2279,2017-12-23 07:03:20,2017-12-23,4,19,0,development
2280,2017-12-23 07:03:51,2017-12-23,4,19,0,development
2281,2017-12-23 07:04:21,2017-12-23,4,19,0,development
2282,2017-12-23 07:04:52,2017-12-23,4,19,0,development
2283,2017-12-23 07:05:23,2017-12-23,4,19,0,development
2284,2017-12-23 07:05:53,2017-12-23,4,19,0,development
2285,2017-12-23 07:06:24,2017-12-23,4,19,0,development
2286,2017-12-23 07:06:54,2017-12-23,4,19,0,development
2287,2017-12-23 07:07:25,2017-12-23,4,19,0,development
2288,2017-12-23 07:07:56,2017-12-23,4,19,0,development
2289,2017-12-23 07:08:26,2017-12-23,4,19,0,development
2290,2017-12-23 07:08:57,2017-12-23,4,19,0,development
2291,2017-12-23 07:09:28,2017-12-23,4,19,0,development
2292,2017-12-23 07:09:58,2017-12-23,4,19,0,development
2293,2017-12-23 07:10:29,2017-12-23,4,19,0,development
2294,2017-12-23 07:11:00,2017-12-23,4,19,0,development
2295,2017-12-23 07:11:30,2017-12-23,4,19,0,development
2296,2017-12-23 07:12:01,2017-12-23,4,19,0,development
2297,2017-12-23 07:12:31,2017-12-23,4,19,0,development
2298,2017-12-23 07:13:02,2017-12-23,4,19,0,development
2299,2017-12-23 07:13:33,2017-12-23,4,19,0,development
2300,2017-12-23 07:14:03,2017-12-23,4,19,0,development
2301,2017-12-23 07:14:34,2017-12-23,4,19,0,development
2302,2017-12-23 07:15:05,2017-12-23,4,19,0,development
2303,2017-12-23 07:15:35,2017-12-23,4,19,0,development
2304,2017-12-23 07:16:06,2017-12-23,4,19,0,development
2305,2017-12-23 07:16:37,2017-12-23,4,19,0,development
2306,2017-12-23 07:17:07,2017-12-23,4,19,0,development
2307,2017-12-23 07:17:38,2017-12-23,4,19,0,development
2308,2017-12-23 07:18:08,2017-12-23,4,19,0,development
2309,2017-12-23 07:18:39,2017-12-23,4,19,0,development
2310,2017-12-23 07:19:10,2017-12-23,4,19,0,development
2311,2017-12-23 07:19:40,2017-12-23,4,19,0,development
2312,2017-12-23 07:20:11,2017-12-23,4,19,0,development
2313,2017-12-23 07:20:42,2017-12-23,4,19,0,development
2314,2017-12-23 07:21:12,2017-12-23,4,19,0,development
2315,2017-12-23 07:21:43,2017-12-23,4,19,0,development
2316,2017-12-23 07:22:14,2017-12-23,4,19,0,development
2317,2017-12-23 07:22:44,2017-12-23,4,19,0,development
2318,2017-12-23 07:23:15,2017-12-23,4,19,0,development
2319,2017-12-23 07:23:45,2017-12-23,4,19,0,development
2320,2017-12-23 07:24:16,2017-12-23,4,19,0,development
2321,2017-12-23 07:24:47,2017-12-23,4,19,0,development
2322,2017-12-23 07:25:17,2017-12-23,4,19,0,development
2323,2017-12-23 07:25:48,2017-12-23,4,19,0,development
2324,2017-12-23 07:26:19,2017-12-23,4,19,0,development
2325,2017-12-23 07:26:49,2017-12-23,4,19,0,development
2326,2017-12-23 07:27:20,2017-12-23,4,19,0,development
2327,2017-12-23 07:27:51,2017-12-23,4,19,0,development
2328,2017-12-23 07:28:21,2017-12-23,4,19,0,development
2329,2017-12-23 07:28:52,2017-12-23,4,19,0,development
2330,2017-12-23 07:29:53,2017-12-23,4,19,0,development
2331,2017-12-23 07:30:24,2017-12-23,4,19,0,development
2332,2017-12-23 07:30:54,2017-12-23,4,19,0,development
2333,2017-12-23 07:31:25,2017-12-23,4,19,0,development
2334,2017-12-23 07:31:56,2017-12-23,4,19,0,development
2335,2017-12-23 07:32:26,2017-12-23,4,19,0,development
2336,2017-12-23 07:32:57,2017-12-23,4,19,0,development
2337,2017-12-23 07:33:58,2017-12-23,4,19,0,development
2338,2017-12-23 07:34:29,2017-12-23,4,19,0,development
2339,2017-12-23 07:34:59,2017-12-23,4,19,0,development
2340,2017-12-23 07:35:30,2017-12-23,4,19,0,development
2341,2017-12-23 07:36:01,2017-12-23,4,19,0,development
2342,2017-12-23 07:36:31,2017-12-23,4,19,0,development
2343,2017-12-23 07:37:02,2017-12-23,4,19,0,development
2344,2017-12-23 07:37:33,2017-12-23,4,19,0,development
2345,2017-12-23 07:38:03,2017-12-23,4,19,0,development
2346,2017-12-23 07:38:34,2017-12-23,4,19,0,development
2347,2017-12-23 07:39:04,2017-12-23,4,19,0,development
2348,2017-12-23 07:39:35,2017-12-23,4,19,0,development
2349,2017-12-23 07:40:06,2017-12-23,4,19,0,development
2350,2017-12-23 07:40:36,2017-12-23,4,19,0,development
2351,2017-12-23 07:41:07,2017-12-23,4,19,0,development
2352,2017-12-23 07:41:38,2017-12-23,4,19,0,development
2353,2017-12-23 07:42:08,2017-12-23,4,19,0,development
2354,2017-12-23 07:42:39,2017-12-23,4,19,0,development
2355,2017-12-23 07:43:10,2017-12-23,4,19,0,development
2356,2017-12-23 07:43:40,2017-12-23,4,19,0,development
2357,2017-12-23 07:44:11,2017-12-23,4,19,0,development
2358,2017-12-23 07:44:41,2017-12-23,4,19,0,development
2359,2017-12-23 07:45:12,2017-12-23,4,19,0,development
2360,2017-12-23 07:45:43,2017-12-23,4,19,0,development
2361,2017-12-23 07:46:13,2017-12-23,4,19,0,development
2362,2017-12-23 07:46:44,2017-12-23,4,19,0,development
2363,2017-12-23 07:47:15,2017-12-23,4,19,0,development
2364,2017-12-23 07:47:45,2017-12-23,4,19,0,development
2365,2017-12-23 07:48:16,2017-12-23,4,19,0,development
2366,2017-12-23 07:48:47,2017-12-23,4,19,0,development
2367,2017-12-23 07:49:17,2017-12-23,4,19,0,development
2368,2017-12-23 07:49:48,2017-12-23,4,19,0,development
2369,2017-12-23 07:50:18,2017-12-23,4,19,0,development
2370,2017-12-23 07:50:49,2017-12-23,4,19,0,development
2371,2017-12-23 07:51:20,2017-12-23,4,19,0,development
2372,2017-12-23 07:51:50,2017-12-23,4,19,0,development
2373,2017-12-23 07:52:21,2017-12-23,4,19,0,development
2374,2017-12-23 07:52:52,2017-12-23,4,19,0,development
2375,2017-12-23 07:53:22,2017-12-23,4,19,0,development
2376,2017-12-23 07:53:53,2017-12-23,4,19,0,development
2377,2017-12-23 07:54:24,2017-12-23,4,19,0,development
2378,2017-12-23 07:54:54,2017-12-23,4,19,0,development
2379,2017-12-23 07:55:25,2017-12-23,4,19,0,development
2380,2017-12-23 07:55:55,2017-12-23,4,19,0,development
2381,2017-12-23 07:56:26,2017-12-23,4,19,0,development
2382,2017-12-23 07:56:57,2017-12-23,4,19,0,development
2383,2017-12-23 07:57:27,2017-12-23,4,19,0,development
2384,2017-12-23 07:57:58,2017-12-23,4,19,0,development
2385,2017-12-23 07:58:29,2017-12-23,4,19,0,development
2386,2017-12-23 07:58:59,2017-12-23,4,19,0,development
2387,2017-12-23 07:59:30,2017-12-23,4,19,0,development
2388,2017-12-23 08:00:01,2017-12-23,4,19,0,development
2389,2017-12-23 08:01:02,2017-12-23,4,19,0,development
2390,2017-12-23 08:01:32,2017-12-23,4,19,0,development
2391,2017-12-23 08:02:03,2017-12-23,4,19,0,development
2392,2017-12-23 08:02:34,2017-12-23,4,19,0,development
2393,2017-12-23 08:03:04,2017-12-23,4,19,0,development
2394,2017-12-23 08:03:35,2017-12-23,4,19,0,development
2395,2017-12-23 08:04:06,2017-12-23,4,19,0,development
2396,2017-12-23 08:04:36,2017-12-23,4,19,0,development
2397,2017-12-23 08:05:07,2017-12-23,4,19,0,development
2398,2017-12-23 08:05:37,2017-12-23,4,19,0,development
2399,2017-12-23 08:06:08,2017-12-23,4,19,0,development
2400,2017-12-23 08:06:39,2017-12-23,4,19,0,development
2401,2017-12-23 08:07:09,2017-12-23,4,19,0,development
2402,2017-12-23 08:07:40,2017-12-23,4,19,0,development
2403,2017-12-23 08:08:11,2017-12-23,4,19,0,development
2404,2017-12-23 08:08:41,2017-12-23,4,19,0,development
2405,2017-12-23 08:09:12,2017-12-23,4,19,0,development
2406,2017-12-23 08:09:43,2017-12-23,4,19,0,development
2407,2017-12-23 08:10:13,2017-12-23,4,19,0,development
2408,2017-12-23 08:10:44,2017-12-23,4,19,0,development
2409,2017-12-23 08:11:14,2017-12-23,4,19,0,development
2410,2017-12-23 08:11:45,2017-12-23,4,19,0,development
2411,2017-12-23 08:12:16,2017-12-23,4,19,0,development
2412,2017-12-23 08:12:46,2017-12-23,4,19,0,development
2413,2017-12-23 08:13:17,2017-12-23,4,19,0,development
2414,2017-12-23 08:13:48,2017-12-23,4,19,0,development
2415,2017-12-23 08:14:18,2017-12-23,4,19,0,development
2416,2017-12-23 08:14:49,2017-12-23,4,19,0,development
2417,2017-12-23 08:15:20,2017-12-23,4,19,0,development
2418,2017-12-23 08:15:50,2017-12-23,4,19,0,development
2419,2017-12-23 08:16:21,2017-12-23,4,19,0,development
2420,2017-12-23 08:16:51,2017-12-23,4,19,0,development
2421,2017-12-23 08:17:22,2017-12-23,4,19,0,development
2422,2017-12-23 08:17:53,2017-12-23,4,19,0,development
2423,2017-12-23 08:18:23,2017-12-23,4,19,0,development
2424,2017-12-23 08:18:54,2017-12-23,4,19,0,development
2425,2017-12-23 08:19:25,2017-12-23,4,19,0,development
2426,2017-12-23 08:19:55,2017-12-23,4,19,0,development
2427,2017-12-23 08:20:26,2017-12-23,4,19,0,development
2428,2017-12-23 08:20:57,2017-12-23,4,19,0,development
2429,2017-12-23 08:21:27,2017-12-23,4,19,0,development
2430,2017-12-23 08:21:58,2017-12-23,4,19,0,development
2431,2017-12-23 08:22:28,2017-12-23,4,19,0,development
2432,2017-12-23 08:22:59,2017-12-23,4,19,0,development
2433,2017-12-23 08:23:30,2017-12-23,4,19,0,development
2434,2017-12-23 08:24:00,2017-12-23,4,19,0,development
2435,2017-12-23 08:24:31,2017-12-23,4,19,0,development
2436,2017-12-23 08:25:02,2017-12-23,4,19,0,development
2437,2017-12-23 08:25:32,2017-12-23,4,19,0,development
2438,2017-12-23 08:26:03,2017-12-23,4,19,0,development
2439,2017-12-23 08:26:34,2017-12-23,4,19,0,development
2440,2017-12-23 08:27:04,2017-12-23,4,19,0,development
2441,2017-12-23 08:27:35,2017-12-23,4,19,0,development
2442,2017-12-23 08:28:05,2017-12-23,4,19,0,development
2443,2017-12-23 08:28:36,2017-12-23,4,19,0,development
2444,2017-12-23 08:29:07,2017-12-23,4,19,0,development
2445,2017-12-23 08:29:37,2017-12-23,4,19,0,development
2446,2017-12-23 08:30:08,2017-12-23,4,19,0,development
2447,2017-12-23 08:30:39,2017-12-23,4,19,0,development
2448,2017-12-23 08:31:09,2017-12-23,4,19,0,development
2449,2017-12-23 08:31:40,2017-12-23,4,19,0,development
2450,2017-12-23 08:32:11,2017-12-23,4,19,0,development
2451,2017-12-23 08:32:41,2017-12-23,4,19,0,development
2452,2017-12-23 08:33:12,2017-12-23,4,19,0,development
2453,2017-12-23 08:33:42,2017-12-23,4,19,0,development
2454,2017-12-23 08:34:13,2017-12-23,4,19,0,development
2455,2017-12-23 08:34:44,2017-12-23,4,19,0,development
2456,2017-12-23 08:35:14,2017-12-23,4,19,0,development
2457,2017-12-23 08:35:45,2017-12-23,4,19,0,development
2458,2017-12-23 08:36:16,2017-12-23,4,19,0,development
2459,2017-12-23 08:36:46,2017-12-23,4,19,0,development
2460,2017-12-23 08:37:17,2017-12-23,4,19,0,development
2461,2017-12-23 08:37:47,2017-12-23,4,19,0,development
2462,2017-12-23 08:38:18,2017-12-23,4,19,0,development
2463,2017-12-23 08:38:49,2017-12-23,4,19,0,development
2464,2017-12-23 08:39:19,2017-12-23,4,19,0,development
2465,2017-12-23 08:39:50,2017-12-23,4,19,0,development
2466,2017-12-23 08:40:21,2017-12-23,4,19,0,development
2467,2017-12-23 08:40:51,2017-12-23,4,19,0,development
2468,2017-12-23 08:41:22,2017-12-23,4,19,0,development
2469,2017-12-23 08:41:53,2017-12-23,4,19,0,development
2470,2017-12-23 08:42:23,2017-12-23,4,19,0,development
2471,2017-12-23 08:42:54,2017-12-23,4,19,0,development
2472,2017-12-23 08:43:24,2017-12-23,4,19,0,development
2473,2017-12-23 08:43:55,2017-12-23,4,19,0,development
2474,2017-12-23 08:44:26,2017-12-23,4,19,0,development
2475,2017-12-23 08:44:56,2017-12-23,4,19,0,development
2476,2017-12-23 08:45:27,2017-12-23,4,19,0,development
2477,2017-12-23 08:45:58,2017-12-23,4,19,0,development
2478,2017-12-23 08:46:28,2017-12-23,4,19,0,development
2479,2017-12-23 08:46:59,2017-12-23,4,19,0,development
2480,2017-12-23 08:47:30,2017-12-23,4,19,0,development
2481,2017-12-23 08:48:00,2017-12-23,4,19,0,development
2482,2017-12-23 08:48:31,2017-12-23,4,19,0,development
2483,2017-12-23 08:49:01,2017-12-23,4,19,0,development
2484,2017-12-23 08:49:32,2017-12-23,4,19,0,development
2485,2017-12-23 08:50:03,2017-12-23,4,19,0,development
2486,2017-12-23 08:50:33,2017-12-23,4,19,0,development
2487,2017-12-23 08:51:04,2017-12-23,4,19,0,development
2488,2017-12-23 08:51:35,2017-12-23,4,19,0,development
2489,2017-12-23 08:52:05,2017-12-23,4,19,0,development
2490,2017-12-23 08:52:36,2017-12-23,4,19,0,development
2491,2017-12-23 08:53:07,2017-12-23,4,19,0,development
2492,2017-12-23 08:53:37,2017-12-23,4,19,0,development
2493,2017-12-23 08:54:08,2017-12-23,4,19,0,development
2494,2017-12-23 08:54:38,2017-12-23,4,19,0,development
2495,2017-12-23 08:55:09,2017-12-23,4,19,0,development
2496,2017-12-23 08:55:40,2017-12-23,4,19,0,development
2497,2017-12-23 08:56:41,2017-12-23,4,19,0,development
2498,2017-12-23 08:57:12,2017-12-23,4,19,0,development
2499,2017-12-23 08:57:42,2017-12-23,4,19,0,development
2500,2017-12-23 08:58:13,2017-12-23,4,19,0,development
2501,2017-12-23 08:58:44,2017-12-23,4,19,0,development
2502,2017-12-23 08:59:14,2017-12-23,4,19,0,development
2503,2017-12-23 08:59:45,2017-12-23,4,19,0,development
2504,2017-12-23 09:00:15,2017-12-23,4,19,0,development
2505,2017-12-23 09:00:46,2017-12-23,4,19,0,development
2506,2017-12-23 09:01:17,2017-12-23,4,19,0,development
2507,2017-12-23 09:01:47,2017-12-23,4,19,0,development
2508,2017-12-23 09:02:18,2017-12-23,4,19,0,development
2509,2017-12-23 09:02:49,2017-12-23,4,19,0,development
2510,2017-12-23 09:03:19,2017-12-23,4,19,0,development
2511,2017-12-23 09:03:50,2017-12-23,4,19,0,development
2512,2017-12-23 09:04:21,2017-12-23,4,19,0,development
2513,2017-12-23 09:04:51,2017-12-23,4,19,0,development
2514,2017-12-23 09:05:22,2017-12-23,4,19,0,development
2515,2017-12-23 09:05:52,2017-12-23,4,19,0,development
2516,2017-12-23 09:06:23,2017-12-23,4,19,0,development
2517,2017-12-23 09:06:54,2017-12-23,4,19,0,development
2518,2017-12-23 09:07:24,2017-12-23,4,19,0,development
2519,2017-12-23 09:07:55,2017-12-23,4,19,0,development
2520,2017-12-23 09:08:26,2017-12-23,4,19,0,development
2521,2017-12-23 09:08:56,2017-12-23,4,19,0,development
2522,2017-12-23 09:09:27,2017-12-23,4,19,0,development
2523,2017-12-23 09:09:57,2017-12-23,4,19,0,development
2524,2017-12-23 09:10:28,2017-12-23,4,19,0,development
2525,2017-12-23 09:10:59,2017-12-23,4,19,0,development
2526,2017-12-23 09:11:29,2017-12-23,4,19,0,development
2527,2017-12-23 09:12:00,2017-12-23,4,19,0,development
2528,2017-12-23 09:12:31,2017-12-23,4,19,0,development
2529,2017-12-23 09:13:01,2017-12-23,4,19,0,development
2530,2017-12-23 09:13:32,2017-12-23,4,19,0,development
2531,2017-12-23 09:14:03,2017-12-23,4,19,0,development
2532,2017-12-23 09:14:33,2017-12-23,4,19,0,development
2533,2017-12-23 09:15:04,2017-12-23,4,19,0,development
2534,2017-12-23 09:15:34,2017-12-23,4,19,0,development
2535,2017-12-23 09:16:05,2017-12-23,4,19,0,development
2536,2017-12-23 09:16:36,2017-12-23,4,19,0,development
2537,2017-12-23 09:17:06,2017-12-23,4,19,0,development
2538,2017-12-23 09:17:37,2017-12-23,4,19,0,development
2539,2017-12-23 09:18:08,2017-12-23,4,19,0,development
2540,2017-12-23 09:18:38,2017-12-23,4,19,0,development
2541,2017-12-23 09:19:09,2017-12-23,4,19,0,development
2542,2017-12-23 09:19:40,2017-12-23,4,19,0,development
2543,2017-12-23 09:20:10,2017-12-23,4,19,0,development
2544,2017-12-23 09:20:41,2017-12-23,4,19,0,development
2545,2017-12-23 09:21:11,2017-12-23,4,19,0,development
2546,2017-12-23 09:21:42,2017-12-23,4,19,0,development
2547,2017-12-23 09:22:13,2017-12-23,4,19,0,development
2548,2017-12-23 09:22:43,2017-12-23,4,19,0,development
2549,2017-12-23 09:23:14,2017-12-23,4,19,0,development
2550,2017-12-23 09:23:45,2017-12-23,4,19,0,development
2551,2017-12-23 09:24:15,2017-12-23,4,19,0,development
2552,2017-12-23 09:24:46,2017-12-23,4,19,0,development
2553,2017-12-23 09:25:17,2017-12-23,4,19,0,development
2554,2017-12-23 09:25:47,2017-12-23,4,19,0,development
2555,2017-12-23 09:26:18,2017-12-23,4,19,0,development
2556,2017-12-23 09:26:48,2017-12-23,4,19,0,development
2557,2017-12-23 09:27:19,2017-12-23,4,19,0,development
2558,2017-12-23 09:27:50,2017-12-23,4,19,0,development
2559,2017-12-23 09:28:20,2017-12-23,4,19,0,development
2560,2017-12-23 09:28:51,2017-12-23,4,19,0,development
2561,2017-12-23 09:29:22,2017-12-23,4,19,0,development
2562,2017-12-23 09:29:52,2017-12-23,4,19,0,development
2563,2017-12-23 09:30:23,2017-12-23,4,19,0,development
2564,2017-12-23 09:30:54,2017-12-23,4,19,0,development
2565,2017-12-23 09:31:24,2017-12-23,4,19,0,development
2566,2017-12-23 09:31:55,2017-12-23,4,19,0,development
2567,2017-12-23 09:32:25,2017-12-23,4,19,0,development
2568,2017-12-23 09:32:56,2017-12-23,4,19,0,development
2569,2017-12-23 09:33:27,2017-12-23,4,19,0,development
2570,2017-12-23 09:33:57,2017-12-23,4,19,0,development
2571,2017-12-23 09:34:28,2017-12-23,4,19,0,development
2572,2017-12-23 09:34:59,2017-12-23,4,19,0,development
2573,2017-12-23 09:35:29,2017-12-23,4,19,0,development
2574,2017-12-23 09:36:00,2017-12-23,4,19,0,development
2575,2017-12-23 09:36:31,2017-12-23,4,19,0,development
2576,2017-12-23 09:37:01,2017-12-23,4,19,0,development
2577,2017-12-23 09:37:32,2017-12-23,4,19,0,development
2578,2017-12-23 09:38:02,2017-12-23,4,19,0,development
2579,2017-12-23 09:38:33,2017-12-23,4,19,0,development
2580,2017-12-23 09:39:04,2017-12-23,4,19,0,development
2581,2017-12-23 09:39:34,2017-12-23,4,19,0,development
2582,2017-12-23 09:40:05,2017-12-23,4,19,0,development
2583,2017-12-23 09:40:36,2017-12-23,4,19,0,development
2584,2017-12-23 09:41:06,2017-12-23,4,19,0,development
2585,2017-12-23 09:41:37,2017-12-23,4,19,0,development
2586,2017-12-23 09:42:07,2017-12-23,4,19,0,development
2587,2017-12-23 09:42:38,2017-12-23,4,19,0,development
2588,2017-12-23 09:43:09,2017-12-23,4,19,0,development
2589,2017-12-23 09:43:39,2017-12-23,4,19,0,development
2590,2017-12-23 09:44:10,2017-12-23,4,19,0,development
2591,2017-12-23 09:44:41,2017-12-23,4,19,0,development
2592,2017-12-23 09:45:11,2017-12-23,4,19,0,development
2593,2017-12-23 09:45:42,2017-12-23,4,19,0,development
2594,2017-12-23 09:46:13,2017-12-23,4,19,0,development
2595,2017-12-23 09:46:43,2017-12-23,4,19,0,development
2596,2017-12-23 09:47:14,2017-12-23,4,19,0,development
2597,2017-12-23 09:47:44,2017-12-23,4,19,0,development
2598,2017-12-23 09:48:15,2017-12-23,4,19,0,development
2599,2017-12-23 09:48:46,2017-12-23,4,19,0,development
2600,2017-12-23 09:49:16,2017-12-23,4,19,0,development
2601,2017-12-23 09:49:47,2017-12-23,4,19,0,development
2602,2017-12-23 09:50:18,2017-12-23,4,19,0,development
2603,2017-12-23 09:50:48,2017-12-23,4,19,0,development
2604,2017-12-23 09:51:19,2017-12-23,4,19,0,development
2605,2017-12-23 09:51:50,2017-12-23,4,19,0,development
2606,2017-12-23 09:52:20,2017-12-23,4,19,0,development
2607,2017-12-23 09:52:51,2017-12-23,4,19,0,development
2608,2017-12-23 09:53:52,2017-12-23,4,19,0,development
2609,2017-12-23 09:54:23,2017-12-23,4,19,0,development
2610,2017-12-23 09:54:53,2017-12-23,4,19,0,development
2611,2017-12-23 09:55:24,2017-12-23,4,19,0,development
2612,2017-12-23 09:55:55,2017-12-23,4,19,0,development
2613,2017-12-23 09:56:25,2017-12-23,4,19,0,development
2614,2017-12-23 09:56:56,2017-12-23,4,19,0,development
2615,2017-12-23 09:57:27,2017-12-23,4,19,0,development
2616,2017-12-23 09:57:57,2017-12-23,4,19,0,development
2617,2017-12-23 09:58:28,2017-12-23,4,19,0,development
2618,2017-12-23 09:58:58,2017-12-23,4,19,0,development
2619,2017-12-23 09:59:29,2017-12-23,4,19,0,development
2620,2017-12-23 10:00:00,2017-12-23,4,19,0,development
2621,2017-12-23 10:00:30,2017-12-23,4,19,0,development
2622,2017-12-23 10:01:01,2017-12-23,4,19,0,development
2623,2017-12-23 10:01:32,2017-12-23,4,19,0,development
2624,2017-12-23 10:02:02,2017-12-23,4,19,0,development
2625,2017-12-23 10:02:33,2017-12-23,4,19,0,development
2626,2017-12-23 10:03:04,2017-12-23,4,19,0,development
2627,2017-12-23 10:03:34,2017-12-23,4,19,0,development
2628,2017-12-23 10:04:05,2017-12-23,4,19,0,development
2629,2017-12-23 10:04:35,2017-12-23,4,19,0,development
2630,2017-12-23 10:05:06,2017-12-23,4,19,0,development
2631,2017-12-23 10:05:37,2017-12-23,4,19,0,development
2632,2017-12-23 10:06:07,2017-12-23,4,19,0,development
2633,2017-12-23 10:06:38,2017-12-23,4,19,0,development
2634,2017-12-23 10:07:09,2017-12-23,4,19,0,development
2635,2017-12-23 10:07:39,2017-12-23,4,19,0,development
2636,2017-12-23 10:08:10,2017-12-23,4,19,0,development
2637,2017-12-23 10:08:41,2017-12-23,4,19,0,development
2638,2017-12-23 10:09:11,2017-12-23,4,19,0,development
2639,2017-12-23 10:09:42,2017-12-23,4,19,0,development
2640,2017-12-23 10:10:12,2017-12-23,4,19,0,development
2641,2017-12-23 10:10:43,2017-12-23,4,19,0,development
2642,2017-12-23 10:11:14,2017-12-23,4,19,0,development
2643,2017-12-23 10:11:44,2017-12-23,4,19,0,development
2644,2017-12-23 10:12:15,2017-12-23,4,19,0,development
2645,2017-12-23 10:12:46,2017-12-23,4,19,0,development
2646,2017-12-23 10:13:16,2017-12-23,4,19,0,development
2647,2017-12-23 10:13:47,2017-12-23,4,19,0,development
2648,2017-12-23 10:14:18,2017-12-23,4,19,0,development
2649,2017-12-23 10:14:48,2017-12-23,4,19,0,development
2650,2017-12-23 10:15:19,2017-12-23,4,19,0,development
2651,2017-12-23 10:15:49,2017-12-23,4,19,0,development
2652,2017-12-23 10:16:20,2017-12-23,4,19,0,development
2653,2017-12-23 10:16:51,2017-12-23,4,19,0,development
2654,2017-12-23 10:17:21,2017-12-23,4,19,0,development
2655,2017-12-23 10:17:52,2017-12-23,4,19,0,development
2656,2017-12-23 10:18:23,2017-12-23,4,19,0,development
2657,2017-12-23 10:18:53,2017-12-23,4,19,0,development
2658,2017-12-23 10:19:24,2017-12-23,4,19,0,development
2659,2017-12-23 10:19:54,2017-12-23,4,19,0,development
2660,2017-12-23 10:20:25,2017-12-23,4,19,0,development
2661,2017-12-23 10:20:56,2017-12-23,4,19,0,development
2662,2017-12-23 10:21:26,2017-12-23,4,19,0,development
2663,2017-12-23 10:21:57,2017-12-23,4,19,0,development
2664,2017-12-23 10:22:28,2017-12-23,4,19,0,development
2665,2017-12-23 10:22:58,2017-12-23,4,19,0,development
2666,2017-12-23 10:23:29,2017-12-23,4,19,0,development
2667,2017-12-23 10:24:00,2017-12-23,4,19,0,development
2668,2017-12-23 10:24:30,2017-12-23,4,19,0,development
2669,2017-12-23 10:25:01,2017-12-23,4,19,0,development
2670,2017-12-23 10:25:31,2017-12-23,4,19,0,development
2671,2017-12-23 10:26:02,2017-12-23,4,19,0,development
2672,2017-12-23 10:26:33,2017-12-23,4,19,0,development
2673,2017-12-23 10:27:03,2017-12-23,4,19,0,development
2674,2017-12-23 10:27:34,2017-12-23,4,19,0,development
2675,2017-12-23 10:28:05,2017-12-23,4,19,0,development
2676,2017-12-23 10:28:35,2017-12-23,4,19,0,development
2677,2017-12-23 10:29:06,2017-12-23,4,19,0,development
2678,2017-12-23 10:29:37,2017-12-23,4,19,0,development
2679,2017-12-23 10:30:07,2017-12-23,4,19,0,development
2680,2017-12-23 10:30:38,2017-12-23,4,19,0,development
2681,2017-12-23 10:31:08,2017-12-23,4,19,0,development
2682,2017-12-23 10:31:39,2017-12-23,4,19,0,development
2683,2017-12-23 10:32:10,2017-12-23,4,19,0,development
2684,2017-12-23 10:32:40,2017-12-23,4,19,0,development
2685,2017-12-23 10:33:11,2017-12-23,4,19,0,development
2686,2017-12-23 10:33:42,2017-12-23,4,19,0,development
2687,2017-12-23 10:34:12,2017-12-23,4,19,0,development
2688,2017-12-23 10:34:43,2017-12-23,4,19,0,development
2689,2017-12-23 10:35:14,2017-12-23,4,19,0,development
2690,2017-12-23 10:35:44,2017-12-23,4,19,0,development
2691,2017-12-23 10:36:15,2017-12-23,4,19,0,development
2692,2017-12-23 10:36:45,2017-12-23,4,19,0,development
2693,2017-12-23 10:37:16,2017-12-23,4,19,0,development
2694,2017-12-23 10:37:47,2017-12-23,4,19,0,development
2695,2017-12-23 10:38:17,2017-12-23,4,19,0,development
2696,2017-12-23 10:38:48,2017-12-23,4,19,0,development
2697,2017-12-23 10:39:19,2017-12-23,4,19,0,development
2698,2017-12-23 10:39:49,2017-12-23,4,19,0,development
2699,2017-12-23 10:40:20,2017-12-23,4,19,0,development
2700,2017-12-23 10:40:51,2017-12-23,4,19,0,development
2701,2017-12-23 10:41:21,2017-12-23,4,19,0,development
2702,2017-12-23 10:41:52,2017-12-23,4,19,0,development
2703,2017-12-23 10:42:22,2017-12-23,4,19,0,development
2704,2017-12-23 10:42:53,2017-12-23,4,19,0,development
2705,2017-12-23 10:43:24,2017-12-23,4,19,0,development
2706,2017-12-23 10:43:54,2017-12-23,4,19,0,development
2707,2017-12-23 10:44:25,2017-12-23,4,19,0,development
2708,2017-12-23 10:44:56,2017-12-23,4,19,0,development
2709,2017-12-23 10:45:26,2017-12-23,4,19,0,development
2710,2017-12-23 10:45:57,2017-12-23,4,19,0,development
2711,2017-12-23 10:46:28,2017-12-23,4,19,0,development
2712,2017-12-23 10:46:58,2017-12-23,4,19,0,development
2713,2017-12-23 10:47:29,2017-12-23,4,19,0,development
2714,2017-12-23 10:47:59,2017-12-23,4,19,0,development
2715,2017-12-23 10:48:30,2017-12-23,4,19,0,development
2716,2017-12-23 10:49:01,2017-12-23,4,19,0,development
2717,2017-12-23 10:50:02,2017-12-23,4,19,0,development
2718,2017-12-23 10:50:33,2017-12-23,4,19,0,development
2719,2017-12-23 10:51:03,2017-12-23,4,19,0,development
2720,2017-12-23 10:51:34,2017-12-23,4,19,0,development
2721,2017-12-23 10:52:04,2017-12-23,4,19,0,development
2722,2017-12-23 10:52:35,2017-12-23,4,19,0,development
2723,2017-12-23 10:53:06,2017-12-23,4,19,0,development
2724,2017-12-23 10:53:36,2017-12-23,4,19,0,development
2725,2017-12-23 10:54:07,2017-12-23,4,19,0,development
2726,2017-12-23 10:54:38,2017-12-23,4,19,0,development
2727,2017-12-23 10:55:08,2017-12-23,4,19,0,development
2728,2017-12-23 10:55:39,2017-12-23,4,19,0,development
2729,2017-12-23 10:56:10,2017-12-23,4,19,0,development
2730,2017-12-23 10:56:40,2017-12-23,4,19,0,development
2731,2017-12-23 10:57:11,2017-12-23,4,19,0,development
2732,2017-12-23 10:57:41,2017-12-23,4,19,0,development
2733,2017-12-23 10:58:12,2017-12-23,4,19,0,development
2734,2017-12-23 10:58:43,2017-12-23,4,19,0,development
2735,2017-12-23 10:59:13,2017-12-23,4,19,0,development
2736,2017-12-23 10:59:44,2017-12-23,4,19,0,development
2737,2017-12-23 11:00:15,2017-12-23,4,19,0,development
2738,2017-12-23 11:00:45,2017-12-23,4,19,0,development
2739,2017-12-23 11:01:16,2017-12-23,4,19,0,development
2740,2017-12-23 11:01:47,2017-12-23,4,19,0,development
2741,2017-12-23 11:02:17,2017-12-23,4,19,0,development
2742,2017-12-23 11:02:48,2017-12-23,4,19,0,development
2743,2017-12-23 11:03:18,2017-12-23,4,19,0,development
2744,2017-12-23 11:03:49,2017-12-23,4,19,0,development
2745,2017-12-23 11:04:20,2017-12-23,4,19,0,development
2746,2017-12-23 11:04:50,2017-12-23,4,19,0,development
2747,2017-12-23 11:05:21,2017-12-23,4,19,0,development
2748,2017-12-23 11:05:52,2017-12-23,4,19,0,development
2749,2017-12-23 11:06:22,2017-12-23,4,19,0,development
2750,2017-12-23 11:06:53,2017-12-23,4,19,0,development
2751,2017-12-23 11:07:24,2017-12-23,4,19,0,development
2752,2017-12-23 11:07:54,2017-12-23,4,19,0,development
2753,2017-12-23 11:08:25,2017-12-23,4,19,0,development
2754,2017-12-23 11:08:55,2017-12-23,4,19,0,development
2755,2017-12-23 11:09:26,2017-12-23,4,19,0,development
2756,2017-12-23 11:09:57,2017-12-23,4,19,0,development
2757,2017-12-23 11:10:27,2017-12-23,4,19,0,development
2758,2017-12-23 11:10:58,2017-12-23,4,19,0,development
2759,2017-12-23 11:11:29,2017-12-23,4,19,0,development
2760,2017-12-23 11:11:59,2017-12-23,4,19,0,development
2761,2017-12-23 11:12:30,2017-12-23,4,19,0,development
2762,2017-12-23 11:13:01,2017-12-23,4,19,0,development
2763,2017-12-23 11:13:31,2017-12-23,4,19,0,development
2764,2017-12-23 11:14:02,2017-12-23,4,19,0,development
2765,2017-12-23 11:14:32,2017-12-23,4,19,0,development
2766,2017-12-23 11:15:03,2017-12-23,4,19,0,development
2767,2017-12-23 11:15:34,2017-12-23,4,19,0,development
2768,2017-12-23 11:16:04,2017-12-23,4,19,0,development
2769,2017-12-23 11:16:35,2017-12-23,4,19,0,development
2770,2017-12-23 11:17:06,2017-12-23,4,19,0,development
2771,2017-12-23 11:17:36,2017-12-23,4,19,0,development
2772,2017-12-23 11:18:07,2017-12-23,4,19,0,development
2773,2017-12-23 11:18:38,2017-12-23,4,19,0,development
2774,2017-12-23 11:19:08,2017-12-23,4,19,0,development
2775,2017-12-23 11:19:39,2017-12-23,4,19,0,development
2776,2017-12-23 11:20:09,2017-12-23,4,19,0,development
2777,2017-12-23 11:20:40,2017-12-23,4,19,0,development
2778,2017-12-23 11:21:11,2017-12-23,4,19,0,development
2779,2017-12-23 11:21:41,2017-12-23,4,19,0,development
2780,2017-12-23 11:22:12,2017-12-23,4,19,0,development
2781,2017-12-23 11:22:43,2017-12-23,4,19,0,development
2782,2017-12-23 11:23:13,2017-12-23,4,19,0,development
2783,2017-12-23 11:23:44,2017-12-23,4,19,0,development
2784,2017-12-23 11:24:14,2017-12-23,4,19,0,development
2785,2017-12-23 11:24:45,2017-12-23,4,19,0,development
2786,2017-12-23 11:25:16,2017-12-23,4,19,0,development
2787,2017-12-23 11:25:46,2017-12-23,4,19,0,development
2788,2017-12-23 11:26:17,2017-12-23,4,19,0,development
2789,2017-12-23 11:26:48,2017-12-23,4,19,0,development
2790,2017-12-23 11:27:18,2017-12-23,4,19,0,development
2791,2017-12-23 11:27:49,2017-12-23,4,19,0,development
2792,2017-12-23 11:28:20,2017-12-23,4,19,0,development
2793,2017-12-23 11:28:50,2017-12-23,4,19,0,development
2794,2017-12-23 11:29:21,2017-12-23,4,19,0,development
2795,2017-12-23 11:29:51,2017-12-23,4,19,0,development
2796,2017-12-23 11:30:22,2017-12-23,4,19,0,development
2797,2017-12-23 11:30:53,2017-12-23,4,19,0,development
2798,2017-12-23 11:31:23,2017-12-23,4,19,0,development
2799,2017-12-23 11:31:54,2017-12-23,4,19,0,development
2800,2017-12-23 11:32:25,2017-12-23,4,19,0,development
2801,2017-12-23 11:32:55,2017-12-23,4,19,0,development
2802,2017-12-23 11:33:26,2017-12-23,4,19,0,development
2803,2017-12-23 11:33:57,2017-12-23,4,19,0,development
2804,2017-12-23 11:34:27,2017-12-23,4,19,0,development
2805,2017-12-23 11:34:58,2017-12-23,4,19,0,development
2806,2017-12-23 11:35:28,2017-12-23,4,19,0,development
2807,2017-12-23 11:35:59,2017-12-23,4,19,0,development
2808,2017-12-23 11:36:30,2017-12-23,4,19,0,development
2809,2017-12-23 11:37:00,2017-12-23,4,19,0,development
2810,2017-12-23 11:37:31,2017-12-23,4,19,0,development
2811,2017-12-23 11:38:02,2017-12-23,4,19,0,development
2812,2017-12-23 11:38:32,2017-12-23,4,19,0,development
2813,2017-12-23 11:39:03,2017-12-23,4,19,0,development
2814,2017-12-23 11:39:34,2017-12-23,4,19,0,development
2815,2017-12-23 11:40:04,2017-12-23,4,19,0,development
2816,2017-12-23 11:40:35,2017-12-23,4,19,0,development
2817,2017-12-23 11:41:05,2017-12-23,4,19,0,development
2818,2017-12-23 11:41:36,2017-12-23,4,19,0,development
2819,2017-12-23 11:42:07,2017-12-23,4,19,0,development
2820,2017-12-23 11:42:37,2017-12-23,4,19,0,development
2821,2017-12-23 11:43:08,2017-12-23,4,19,0,development
2822,2017-12-23 11:43:39,2017-12-23,4,19,0,development
2823,2017-12-23 11:44:09,2017-12-23,4,19,0,development
2824,2017-12-23 11:44:40,2017-12-23,4,19,0,development
2825,2017-12-23 11:45:11,2017-12-23,4,19,0,development
2826,2017-12-23 11:46:12,2017-12-23,4,19,0,development
2827,2017-12-23 11:46:42,2017-12-23,4,19,0,development
2828,2017-12-23 11:47:13,2017-12-23,4,19,0,development
2829,2017-12-23 11:47:44,2017-12-23,4,19,0,development
2830,2017-12-23 11:48:14,2017-12-23,4,19,0,development
2831,2017-12-23 11:48:45,2017-12-23,4,19,0,development
2832,2017-12-23 11:49:16,2017-12-23,4,20,1,development
2833,2017-12-23 11:49:46,2017-12-23,4,20,1,development
2834,2017-12-23 11:50:17,2017-12-23,4,20,1,development
2835,2017-12-23 11:50:48,2017-12-23,4,20,1,development
2836,2017-12-23 11:51:18,2017-12-23,4,20,1,development
2837,2017-12-23 11:51:49,2017-12-23,4,20,1,development
2838,2017-12-23 11:52:19,2017-12-23,4,20,1,development
2839,2017-12-23 11:52:50,2017-12-23,4,20,1,development
2840,2017-12-23 11:53:21,2017-12-23,4,20,1,development
2841,2017-12-23 11:53:51,2017-12-23,4,20,1,development
2842,2017-12-23 11:54:22,2017-12-23,4,20,1,development
2843,2017-12-23 11:54:53,2017-12-23,4,20,1,development
2844,2017-12-23 11:55:23,2017-12-23,4,20,1,development
2845,2017-12-23 11:55:54,2017-12-23,4,20,1,development
2846,2017-12-23 11:56:24,2017-12-23,4,20,1,development
2847,2017-12-23 11:56:55,2017-12-23,4,20,1,development
2848,2017-12-23 11:57:26,2017-12-23,4,20,1,development
2849,2017-12-23 11:57:56,2017-12-23,4,20,1,development
2850,2017-12-23 11:58:27,2017-12-23,4,20,1,development
2851,2017-12-23 11:58:58,2017-12-23,4,20,1,development
2852,2017-12-23 11:59:28,2017-12-23,4,20,1,development
2853,2017-12-23 11:59:59,2017-12-23,4,20,1,development
2854,2017-12-23 12:00:30,2017-12-23,4,20,1,development
2855,2017-12-23 12:01:00,2017-12-23,4,20,1,development
2856,2017-12-23 12:01:31,2017-12-23,4,20,1,development
2857,2017-12-23 12:02:01,2017-12-23,4,20,1,development
2858,2017-12-23 12:02:32,2017-12-23,4,20,1,development
2859,2017-12-23 12:03:03,2017-12-23,4,20,1,development
2860,2017-12-23 12:03:33,2017-12-23,4,20,1,development
2861,2017-12-23 12:04:04,2017-12-23,4,20,1,development
2862,2017-12-23 12:04:35,2017-12-23,4,20,1,development
2863,2017-12-23 12:05:05,2017-12-23,4,20,1,development
2864,2017-12-23 12:05:36,2017-12-23,4,20,1,development
2865,2017-12-23 12:06:07,2017-12-23,4,20,1,development
2866,2017-12-23 12:06:37,2017-12-23,4,20,1,development
2867,2017-12-23 12:07:08,2017-12-23,4,20,1,development
2868,2017-12-23 12:07:38,2017-12-23,4,20,1,development
2869,2017-12-23 12:08:09,2017-12-23,4,20,1,development
2870,2017-12-23 12:08:40,2017-12-23,4,20,1,development
2871,2017-12-23 12:09:10,2017-12-23,4,20,1,development
2872,2017-12-23 12:09:41,2017-12-23,4,20,1,development
2873,2017-12-23 12:10:12,2017-12-23,4,20,1,development
2874,2017-12-23 12:10:42,2017-12-23,4,20,1,development
2875,2017-12-23 12:11:13,2017-12-23,4,20,1,development
2876,2017-12-23 12:11:44,2017-12-23,4,20,1,development
2877,2017-12-23 12:12:14,2017-12-23,4,20,1,development
2878,2017-12-23 12:12:45,2017-12-23,4,20,1,development
2879,2017-12-23 12:13:15,2017-12-23,4,20,1,development
2880,2017-12-23 12:13:46,2017-12-23,4,20,1,development
2881,2017-12-23 12:14:17,2017-12-23,4,20,1,development
2882,2017-12-23 12:14:47,2017-12-23,4,20,1,development
2883,2017-12-23 12:15:18,2017-12-23,4,20,1,development
2884,2017-12-23 12:15:49,2017-12-23,4,20,1,development
2885,2017-12-23 12:16:19,2017-12-23,4,20,1,development
2886,2017-12-23 12:16:50,2017-12-23,4,20,1,development
2887,2017-12-23 12:17:21,2017-12-23,4,20,1,development
2888,2017-12-23 12:17:51,2017-12-23,4,20,1,development
2889,2017-12-23 12:18:22,2017-12-23,4,20,1,development
2890,2017-12-23 12:18:52,2017-12-23,4,20,1,development
2891,2017-12-23 12:19:23,2017-12-23,4,20,1,development
2892,2017-12-23 12:19:54,2017-12-23,4,20,1,development
2893,2017-12-23 12:20:24,2017-12-23,4,20,1,development
2894,2017-12-23 12:20:55,2017-12-23,4,20,1,development
2895,2017-12-23 12:21:26,2017-12-23,4,20,1,development
2896,2017-12-23 12:21:56,2017-12-23,4,20,1,development
2897,2017-12-23 12:22:27,2017-12-23,4,20,1,development
2898,2017-12-23 12:22:58,2017-12-23,4,20,1,development
2899,2017-12-23 12:23:28,2017-12-23,4,20,1,development
2900,2017-12-23 12:23:59,2017-12-23,4,20,1,development
2901,2017-12-23 12:24:29,2017-12-23,4,20,1,development
2902,2017-12-23 12:25:00,2017-12-23,4,20,1,development
2903,2017-12-23 12:25:31,2017-12-23,4,20,1,development
2904,2017-12-23 12:26:01,2017-12-23,4,20,1,development
2905,2017-12-23 12:26:32,2017-12-23,4,20,1,development
2906,2017-12-23 12:27:03,2017-12-23,4,20,1,development
2907,2017-12-23 12:27:33,2017-12-23,4,20,1,development
2908,2017-12-23 12:28:04,2017-12-23,4,20,1,development
2909,2017-12-23 12:28:35,2017-12-23,4,20,1,development
2910,2017-12-23 12:29:05,2017-12-23,4,20,1,development
2911,2017-12-23 12:29:36,2017-12-23,4,20,1,development
2912,2017-12-23 12:30:06,2017-12-23,4,20,1,development
2913,2017-12-23 12:30:37,2017-12-23,4,20,1,development
2914,2017-12-23 12:31:08,2017-12-23,4,20,1,development
2915,2017-12-23 12:31:38,2017-12-23,4,20,1,development
2916,2017-12-23 12:32:09,2017-12-23,4,20,1,development
2917,2017-12-23 12:32:40,2017-12-23,4,20,1,development
2918,2017-12-23 12:33:10,2017-12-23,4,20,1,development
2919,2017-12-23 12:33:41,2017-12-23,4,20,1,development
2920,2017-12-23 12:34:11,2017-12-23,4,20,1,development
2921,2017-12-23 12:34:42,2017-12-23,4,20,1,development
2922,2017-12-23 12:35:13,2017-12-23,4,20,1,development
2923,2017-12-23 12:35:43,2017-12-23,4,20,1,development
2924,2017-12-23 12:36:14,2017-12-23,4,20,1,development
2925,2017-12-23 12:36:45,2017-12-23,4,20,1,development
2926,2017-12-23 12:37:15,2017-12-23,4,20,1,development
2927,2017-12-23 12:37:46,2017-12-23,4,20,1,development
2928,2017-12-23 12:38:17,2017-12-23,4,20,1,development
2929,2017-12-23 12:38:47,2017-12-23,4,20,1,development
2930,2017-12-23 12:39:18,2017-12-23,4,20,1,development
2931,2017-12-23 12:39:48,2017-12-23,4,20,1,development
2932,2017-12-23 12:40:19,2017-12-23,4,20,1,development
2933,2017-12-23 12:40:50,2017-12-23,4,20,1,development
2934,2017-12-23 12:41:51,2017-12-23,4,20,1,development
2935,2017-12-23 12:42:22,2017-12-23,4,20,1,development
2936,2017-12-23 12:42:52,2017-12-23,4,20,1,development
2937,2017-12-23 12:43:23,2017-12-23,4,20,1,development
2938,2017-12-23 12:43:54,2017-12-23,4,20,1,development
2939,2017-12-23 12:44:24,2017-12-23,4,20,1,development
2940,2017-12-23 12:44:55,2017-12-23,4,20,1,development
2941,2017-12-23 12:45:25,2017-12-23,4,20,1,development
2942,2017-12-23 12:45:56,2017-12-23,4,20,1,development
2943,2017-12-23 12:46:27,2017-12-23,4,20,1,development
2944,2017-12-23 12:46:57,2017-12-23,4,20,1,development
2945,2017-12-23 12:47:28,2017-12-23,4,20,1,development
2946,2017-12-23 12:47:59,2017-12-23,4,20,1,development
2947,2017-12-23 12:48:29,2017-12-23,4,20,1,development
2948,2017-12-23 12:49:00,2017-12-23,4,21,2,development
2949,2017-12-23 12:49:31,2017-12-23,4,21,2,development
2950,2017-12-23 12:50:01,2017-12-23,4,21,2,development
2951,2017-12-23 12:50:32,2017-12-23,4,21,2,development
2952,2017-12-23 12:51:02,2017-12-23,4,21,2,development
2953,2017-12-23 12:51:33,2017-12-23,4,21,2,development
2954,2017-12-23 12:52:04,2017-12-23,4,21,2,development
2955,2017-12-23 12:52:34,2017-12-23,4,21,2,development
2956,2017-12-23 12:53:05,2017-12-23,4,21,2,development
2957,2017-12-23 12:53:36,2017-12-23,4,21,2,development
2958,2017-12-23 12:54:06,2017-12-23,4,21,2,development
2959,2017-12-23 12:54:37,2017-12-23,4,21,2,development
2960,2017-12-23 12:55:08,2017-12-23,4,21,2,development
2961,2017-12-23 12:55:38,2017-12-23,4,21,2,development
2962,2017-12-23 12:56:09,2017-12-23,4,21,2,development
2963,2017-12-23 12:56:39,2017-12-23,4,21,2,development
2964,2017-12-23 12:57:10,2017-12-23,4,21,2,development
2965,2017-12-23 12:57:41,2017-12-23,4,21,2,development
2966,2017-12-23 12:58:11,2017-12-23,4,21,2,development
2967,2017-12-23 12:58:42,2017-12-23,4,21,2,development
2968,2017-12-23 12:59:13,2017-12-23,4,21,2,development
2969,2017-12-23 13:00:14,2017-12-23,4,21,2,development
2970,2017-12-23 13:00:45,2017-12-23,4,21,2,development
2971,2017-12-23 13:01:15,2017-12-23,4,21,2,development
2972,2017-12-23 13:01:46,2017-12-23,4,21,2,development
2973,2017-12-23 13:02:16,2017-12-23,4,21,2,development
2974,2017-12-23 13:02:47,2017-12-23,4,21,2,development
2975,2017-12-23 13:03:18,2017-12-23,4,21,2,development
2976,2017-12-23 13:03:48,2017-12-23,4,21,2,development
2977,2017-12-23 13:04:19,2017-12-23,4,21,2,development
2978,2017-12-23 13:04:50,2017-12-23,4,21,2,development
2979,2017-12-23 13:05:20,2017-12-23,4,21,2,development
2980,2017-12-23 13:05:51,2017-12-23,4,21,2,development
2981,2017-12-23 13:06:22,2017-12-23,4,21,2,development
2982,2017-12-23 13:06:52,2017-12-23,4,21,2,development
2983,2017-12-23 13:07:23,2017-12-23,4,21,2,development
2984,2017-12-23 13:07:53,2017-12-23,4,21,2,development
2985,2017-12-23 13:08:24,2017-12-23,4,21,2,development
2986,2017-12-23 13:08:55,2017-12-23,4,21,2,development
2987,2017-12-23 13:09:25,2017-12-23,4,21,2,development
2988,2017-12-23 13:09:56,2017-12-23,4,21,2,development
2989,2017-12-23 13:10:27,2017-12-23,4,21,2,development
2990,2017-12-23 13:10:57,2017-12-23,4,21,2,development
2991,2017-12-23 13:11:28,2017-12-23,4,21,2,development
2992,2017-12-23 13:11:58,2017-12-23,4,21,2,development
2993,2017-12-23 13:12:29,2017-12-23,4,21,2,development
2994,2017-12-23 13:13:00,2017-12-23,4,21,2,development
2995,2017-12-23 13:13:30,2017-12-23,4,21,2,development
2996,2017-12-23 13:14:01,2017-12-23,4,21,2,development
2997,2017-12-23 13:14:32,2017-12-23,4,21,2,development
2998,2017-12-23 13:15:02,2017-12-23,4,21,2,development
2999,2017-12-23 13:15:33,2017-12-23,4,21,2,development
3000,2017-12-23 13:16:04,2017-12-23,4,21,2,development
3001,2017-12-23 13:16:34,2017-12-23,4,21,2,development
3002,2017-12-23 13:17:05,2017-12-23,4,21,2,development
3003,2017-12-23 13:17:35,2017-12-23,4,21,2,development
3004,2017-12-23 13:18:06,2017-12-23,4,21,2,development
3005,2017-12-23 13:18:37,2017-12-23,4,21,2,development
3006,2017-12-23 13:19:07,2017-12-23,4,21,2,development
3007,2017-12-23 13:19:38,2017-12-23,4,21,2,development
3008,2017-12-23 13:20:09,2017-12-23,4,21,2,development
3009,2017-12-23 13:20:39,2017-12-23,4,21,2,development
3010,2017-12-23 13:21:10,2017-12-23,4,21,2,development
3011,2017-12-23 13:21:41,2017-12-23,4,21,2,development
3012,2017-12-23 13:22:11,2017-12-23,4,21,2,development
3013,2017-12-23 13:22:42,2017-12-23,4,21,2,development
3014,2017-12-23 13:23:12,2017-12-23,4,21,2,development
3015,2017-12-23 13:23:43,2017-12-23,4,21,2,development
3016,2017-12-23 13:24:14,2017-12-23,4,21,2,development
3017,2017-12-23 13:24:44,2017-12-23,4,21,2,development
3018,2017-12-23 13:25:15,2017-12-23,4,21,2,development
3019,2017-12-23 13:25:46,2017-12-23,4,21,2,development
3020,2017-12-23 13:26:16,2017-12-23,4,21,2,development
3021,2017-12-23 13:26:47,2017-12-23,4,21,2,development
3022,2017-12-23 13:27:18,2017-12-23,4,21,2,development
3023,2017-12-23 13:27:48,2017-12-23,4,21,2,development
3024,2017-12-23 13:28:19,2017-12-23,4,21,2,development
3025,2017-12-23 13:28:49,2017-12-23,4,21,2,development
3026,2017-12-23 13:29:20,2017-12-23,4,21,2,development
3027,2017-12-23 13:29:51,2017-12-23,4,21,2,development
3028,2017-12-23 13:30:21,2017-12-23,4,21,2,development
3029,2017-12-23 13:30:52,2017-12-23,4,21,2,development
3030,2017-12-23 13:31:23,2017-12-23,4,21,2,development
3031,2017-12-23 13:31:53,2017-12-23,4,21,2,development
3032,2017-12-23 13:32:24,2017-12-23,4,21,2,development
3033,2017-12-23 13:32:55,2017-12-23,4,21,2,development
3034,2017-12-23 13:33:25,2017-12-23,4,21,2,development
3035,2017-12-23 13:33:56,2017-12-23,4,21,2,development
3036,2017-12-23 13:34:26,2017-12-23,4,21,2,development
3037,2017-12-23 13:34:57,2017-12-23,4,21,2,development
3038,2017-12-23 13:35:28,2017-12-23,4,21,2,development
3039,2017-12-23 13:35:58,2017-12-23,4,21,2,development
3040,2017-12-23 13:36:29,2017-12-23,4,21,2,development
3041,2017-12-23 13:37:00,2017-12-23,4,21,2,development
3042,2017-12-23 13:38:01,2017-12-23,4,21,2,development
3043,2017-12-23 13:38:32,2017-12-23,4,21,2,development
3044,2017-12-23 13:39:02,2017-12-23,4,21,2,development
3045,2017-12-23 13:39:33,2017-12-23,4,21,2,development
3046,2017-12-23 13:40:03,2017-12-23,4,21,2,development
3047,2017-12-23 13:40:34,2017-12-23,4,21,2,development
3048,2017-12-23 13:41:05,2017-12-23,4,21,2,development
3049,2017-12-23 13:41:35,2017-12-23,4,21,2,development
3050,2017-12-23 13:42:06,2017-12-23,4,21,2,development
3051,2017-12-23 13:42:37,2017-12-23,4,21,2,development
3052,2017-12-23 13:43:07,2017-12-23,4,21,2,development
3053,2017-12-23 13:43:38,2017-12-23,4,21,2,development
3054,2017-12-23 13:44:08,2017-12-23,4,21,2,development
3055,2017-12-23 13:44:39,2017-12-23,4,21,2,development
3056,2017-12-23 13:45:10,2017-12-23,4,21,2,development
3057,2017-12-23 13:45:40,2017-12-23,4,21,2,development
3058,2017-12-23 13:46:11,2017-12-23,4,21,2,development
3059,2017-12-23 13:46:42,2017-12-23,4,21,2,development
3060,2017-12-23 13:47:12,2017-12-23,4,21,2,development
3061,2017-12-23 13:47:43,2017-12-23,4,21,2,development
3062,2017-12-23 13:48:14,2017-12-23,4,21,2,development
3063,2017-12-23 13:48:44,2017-12-23,4,21,2,development
3064,2017-12-23 13:49:15,2017-12-23,4,21,2,development
3065,2017-12-23 13:49:45,2017-12-23,4,21,2,development
3066,2017-12-23 13:50:16,2017-12-23,4,21,2,development
3067,2017-12-23 13:50:47,2017-12-23,4,21,2,development
3068,2017-12-23 13:51:17,2017-12-23,4,21,2,development
3069,2017-12-23 13:51:48,2017-12-23,4,21,2,development
3070,2017-12-23 13:52:19,2017-12-23,4,21,2,development
3071,2017-12-23 13:52:49,2017-12-23,4,21,2,development
3072,2017-12-23 13:53:20,2017-12-23,4,21,2,development
3073,2017-12-23 13:53:51,2017-12-23,4,21,2,development
3074,2017-12-23 13:54:21,2017-12-23,4,21,2,development
3075,2017-12-23 13:54:52,2017-12-23,4,21,2,development
3076,2017-12-23 13:55:22,2017-12-23,4,21,2,development
3077,2017-12-23 13:55:53,2017-12-23,4,21,2,development
3078,2017-12-23 13:56:24,2017-12-23,4,21,2,development
3079,2017-12-23 13:56:54,2017-12-23,4,21,2,development
3080,2017-12-23 13:57:25,2017-12-23,4,21,2,development
3081,2017-12-23 13:57:56,2017-12-23,4,21,2,development
3082,2017-12-23 13:58:26,2017-12-23,4,21,2,development
3083,2017-12-23 13:58:57,2017-12-23,4,21,2,development
3084,2017-12-23 13:59:28,2017-12-23,4,21,2,development
3085,2017-12-23 13:59:58,2017-12-23,4,21,2,development
3086,2017-12-23 14:00:29,2017-12-23,4,21,2,development
3087,2017-12-23 14:00:59,2017-12-23,4,21,2,development
3088,2017-12-23 14:01:30,2017-12-23,4,21,2,development
3089,2017-12-23 14:02:01,2017-12-23,4,21,2,development
3090,2017-12-23 14:02:31,2017-12-23,4,21,2,development
3091,2017-12-23 14:03:02,2017-12-23,4,21,2,development
3092,2017-12-23 14:03:33,2017-12-23,4,21,2,development
3093,2017-12-23 14:04:03,2017-12-23,4,21,2,development
3094,2017-12-23 14:04:34,2017-12-23,4,21,2,development
3095,2017-12-23 14:05:05,2017-12-23,4,21,2,development
3096,2017-12-23 14:05:35,2017-12-23,4,21,2,development
3097,2017-12-23 14:06:06,2017-12-23,4,21,2,development
3098,2017-12-23 14:07:07,2017-12-23,4,21,2,development
3099,2017-12-23 14:07:38,2017-12-23,4,21,2,development
3100,2017-12-23 14:08:08,2017-12-23,4,21,2,development
3101,2017-12-23 14:08:39,2017-12-23,4,21,2,development
3102,2017-12-23 14:09:10,2017-12-23,4,21,2,development
3103,2017-12-23 14:09:40,2017-12-23,4,21,2,development
3104,2017-12-23 14:10:11,2017-12-23,4,22,0,development
3105,2017-12-23 14:10:42,2017-12-23,4,22,0,development
3106,2017-12-23 14:11:12,2017-12-23,4,22,0,development
3107,2017-12-23 14:11:43,2017-12-23,4,22,0,development
3108,2017-12-23 14:12:13,2017-12-23,4,22,0,development
3109,2017-12-23 14:12:44,2017-12-23,4,22,0,development
3110,2017-12-23 14:13:15,2017-12-23,4,22,0,development
3111,2017-12-23 14:13:45,2017-12-23,4,22,0,development
3112,2017-12-23 14:14:16,2017-12-23,4,22,0,development
3113,2017-12-23 14:14:47,2017-12-23,4,22,0,development
3114,2017-12-23 14:15:17,2017-12-23,4,22,0,development
3115,2017-12-23 14:15:48,2017-12-23,4,22,0,development
3116,2017-12-23 14:16:18,2017-12-23,4,22,0,development
3117,2017-12-23 14:16:49,2017-12-23,4,22,0,development
3118,2017-12-23 14:17:20,2017-12-23,4,22,0,development
3119,2017-12-23 14:17:50,2017-12-23,4,22,0,development
3120,2017-12-23 14:18:21,2017-12-23,4,22,0,development
3121,2017-12-23 14:18:52,2017-12-23,4,22,0,development
3122,2017-12-23 14:19:22,2017-12-23,4,22,0,development
3123,2017-12-23 14:19:53,2017-12-23,4,22,0,development
3124,2017-12-23 14:20:24,2017-12-23,4,22,0,development
3125,2017-12-23 14:20:54,2017-12-23,4,22,0,development
3126,2017-12-23 14:21:25,2017-12-23,4,22,0,development
3127,2017-12-23 14:21:55,2017-12-23,4,22,0,development
3128,2017-12-23 14:22:26,2017-12-23,4,22,0,development
3129,2017-12-23 14:22:57,2017-12-23,4,22,0,development
3130,2017-12-23 14:23:27,2017-12-23,4,22,0,development
3131,2017-12-23 14:23:58,2017-12-23,4,22,0,development
3132,2017-12-23 14:24:29,2017-12-23,4,22,0,development
3133,2017-12-23 14:24:59,2017-12-23,4,22,0,development
3134,2017-12-23 14:25:30,2017-12-23,4,22,0,development
3135,2017-12-23 14:26:01,2017-12-23,4,22,0,development
3136,2017-12-23 14:26:31,2017-12-23,4,22,0,development
3137,2017-12-23 14:27:02,2017-12-23,4,22,0,development
3138,2017-12-23 14:27:32,2017-12-23,4,22,0,development
3139,2017-12-23 14:28:03,2017-12-23,4,22,0,development
3140,2017-12-23 14:28:34,2017-12-23,4,22,0,development
3141,2017-12-23 14:29:04,2017-12-23,4,22,0,development
3142,2017-12-23 14:29:35,2017-12-23,4,22,0,development
3143,2017-12-23 14:30:06,2017-12-23,4,22,0,development
3144,2017-12-23 14:30:36,2017-12-23,4,22,0,development
3145,2017-12-23 14:31:07,2017-12-23,4,22,0,development
3146,2017-12-23 14:31:38,2017-12-23,4,22,0,development
3147,2017-12-23 14:32:39,2017-12-23,4,22,0,development
3148,2017-12-23 14:33:09,2017-12-23,4,22,0,development
3149,2017-12-23 14:33:40,2017-12-23,4,22,0,development
3150,2017-12-23 14:34:11,2017-12-23,4,22,0,development
3151,2017-12-23 14:34:41,2017-12-23,4,22,0,development
3152,2017-12-23 14:35:12,2017-12-23,4,22,0,development
3153,2017-12-23 14:35:43,2017-12-23,4,22,0,development
3154,2017-12-23 14:36:13,2017-12-23,4,22,0,development
3155,2017-12-23 14:36:44,2017-12-23,4,22,0,development
3156,2017-12-23 14:37:15,2017-12-23,4,22,0,development
3157,2017-12-23 14:37:45,2017-12-23,4,22,0,development
3158,2017-12-23 14:38:16,2017-12-23,4,22,0,development
3159,2017-12-23 14:38:46,2017-12-23,4,22,0,development
3160,2017-12-23 14:39:17,2017-12-23,4,22,0,development
3161,2017-12-23 14:39:48,2017-12-23,4,22,0,development
3162,2017-12-23 14:40:18,2017-12-23,4,22,0,development
3163,2017-12-23 14:40:49,2017-12-23,4,22,0,development
3164,2017-12-23 14:41:20,2017-12-23,4,22,0,development
3165,2017-12-23 14:41:50,2017-12-23,4,22,0,development
3166,2017-12-23 14:42:21,2017-12-23,4,22,0,development
3167,2017-12-23 14:42:52,2017-12-23,4,22,0,development
3168,2017-12-23 14:43:22,2017-12-23,4,22,0,development
3169,2017-12-23 14:43:53,2017-12-23,4,22,0,development
3170,2017-12-23 14:44:23,2017-12-23,4,22,0,development
3171,2017-12-23 14:44:54,2017-12-23,4,22,0,development
3172,2017-12-23 14:45:25,2017-12-23,4,22,0,development
3173,2017-12-23 14:45:55,2017-12-23,4,22,0,development
3174,2017-12-23 14:46:26,2017-12-23,4,22,0,development
3175,2017-12-23 14:46:57,2017-12-23,4,22,0,development
3176,2017-12-23 14:47:27,2017-12-23,4,22,0,development
3177,2017-12-23 14:47:58,2017-12-23,4,22,0,development
3178,2017-12-23 14:48:29,2017-12-23,4,22,0,development
3179,2017-12-23 14:48:59,2017-12-23,4,22,0,development
3180,2017-12-23 14:49:30,2017-12-23,4,22,0,development
3181,2017-12-23 14:50:00,2017-12-23,4,22,0,development
3182,2017-12-23 14:50:31,2017-12-23,4,22,0,development
3183,2017-12-23 14:51:02,2017-12-23,4,22,0,development
3184,2017-12-23 14:51:32,2017-12-23,4,22,0,development
3185,2017-12-23 14:52:03,2017-12-23,4,22,0,development
3186,2017-12-23 14:52:34,2017-12-23,4,22,0,development
3187,2017-12-23 14:53:04,2017-12-23,4,22,0,development
3188,2017-12-23 14:53:35,2017-12-23,4,22,0,development
3189,2017-12-23 14:54:36,2017-12-23,4,22,0,development
3190,2017-12-23 14:55:07,2017-12-23,4,22,0,development
3191,2017-12-23 14:55:37,2017-12-23,4,22,0,development
3192,2017-12-23 14:56:08,2017-12-23,4,22,0,development
3193,2017-12-23 14:56:39,2017-12-23,4,22,0,development
3194,2017-12-23 14:57:09,2017-12-23,4,22,0,development
3195,2017-12-23 14:57:40,2017-12-23,4,22,0,development
3196,2017-12-23 14:58:11,2017-12-23,4,22,0,development
3197,2017-12-23 14:58:41,2017-12-23,4,22,0,development
3198,2017-12-23 14:59:12,2017-12-23,4,22,0,development
3199,2017-12-23 14:59:42,2017-12-23,4,22,0,development
3200,2017-12-23 15:00:13,2017-12-23,4,22,0,development
3201,2017-12-23 15:00:44,2017-12-23,4,22,0,development
3202,2017-12-23 15:01:14,2017-12-23,4,22,0,development
3203,2017-12-23 15:01:45,2017-12-23,4,22,0,development
3204,2017-12-23 15:02:16,2017-12-23,4,22,0,development
3205,2017-12-23 15:02:46,2017-12-23,4,22,0,development
3206,2017-12-23 15:03:17,2017-12-23,4,22,0,development
3207,2017-12-23 15:03:48,2017-12-23,4,22,0,development
3208,2017-12-23 15:04:18,2017-12-23,4,22,0,development
3209,2017-12-23 15:04:49,2017-12-23,4,22,0,development
3210,2017-12-23 15:05:19,2017-12-23,4,22,0,development
3211,2017-12-23 15:05:50,2017-12-23,4,22,0,development
3212,2017-12-23 15:06:21,2017-12-23,4,22,0,development
3213,2017-12-23 15:06:51,2017-12-23,4,22,0,development
3214,2017-12-23 15:07:22,2017-12-23,4,22,0,development
3215,2017-12-23 15:07:53,2017-12-23,4,22,0,development
3216,2017-12-23 15:08:23,2017-12-23,4,22,0,development
3217,2017-12-23 15:08:54,2017-12-23,4,22,0,development
3218,2017-12-23 15:09:25,2017-12-23,4,22,0,development
3219,2017-12-23 15:09:55,2017-12-23,4,22,0,development
3220,2017-12-23 15:10:26,2017-12-23,4,22,0,development
3221,2017-12-23 15:10:56,2017-12-23,4,22,0,development
3222,2017-12-23 15:11:27,2017-12-23,4,22,0,development
3223,2017-12-23 15:11:58,2017-12-23,4,22,0,development
3224,2017-12-23 15:12:28,2017-12-23,4,22,0,development
3225,2017-12-23 15:12:59,2017-12-23,4,22,0,development
3226,2017-12-23 15:13:30,2017-12-23,4,22,0,development
3227,2017-12-23 15:14:00,2017-12-23,4,22,0,development
3228,2017-12-23 15:14:31,2017-12-23,4,22,0,development
3229,2017-12-23 15:15:02,2017-12-23,4,22,0,development
3230,2017-12-23 15:15:32,2017-12-23,4,22,0,development
3231,2017-12-23 15:16:03,2017-12-23,4,22,0,development
3232,2017-12-23 15:16:33,2017-12-23,4,22,0,development
3233,2017-12-23 15:17:04,2017-12-23,4,22,0,development
3234,2017-12-23 15:17:35,2017-12-23,4,22,0,development
3235,2017-12-23 15:18:05,2017-12-23,4,22,0,development
3236,2017-12-23 15:18:36,2017-12-23,4,22,0,development
3237,2017-12-23 15:19:07,2017-12-23,4,22,0,development
3238,2017-12-23 15:19:37,2017-12-23,4,22,0,development
3239,2017-12-23 15:20:08,2017-12-23,4,22,0,development
3240,2017-12-23 15:20:39,2017-12-23,4,22,0,development
3241,2017-12-23 15:21:09,2017-12-23,4,22,0,development
3242,2017-12-23 15:21:40,2017-12-23,4,22,0,development
3243,2017-12-23 15:22:10,2017-12-23,4,22,0,development
3244,2017-12-23 15:22:41,2017-12-23,4,22,0,development
3245,2017-12-23 15:23:12,2017-12-23,4,22,0,development
3246,2017-12-23 15:23:42,2017-12-23,4,22,0,development
3247,2017-12-23 15:24:13,2017-12-23,4,22,0,development
3248,2017-12-23 15:24:44,2017-12-23,4,22,0,development
3249,2017-12-23 15:25:14,2017-12-23,4,22,0,development
3250,2017-12-23 15:25:45,2017-12-23,4,22,0,development
3251,2017-12-23 15:26:16,2017-12-23,4,22,0,development
3252,2017-12-23 15:26:46,2017-12-23,4,23,1,development
3253,2017-12-23 15:27:17,2017-12-23,4,23,1,development
3254,2017-12-23 15:28:18,2017-12-23,4,23,1,development
3255,2017-12-23 15:28:49,2017-12-23,4,23,1,development
3256,2017-12-23 15:29:19,2017-12-23,4,23,1,development
3257,2017-12-23 15:29:50,2017-12-23,4,23,1,development
3258,2017-12-23 15:30:21,2017-12-23,4,23,1,development
3259,2017-12-23 15:30:51,2017-12-23,4,23,1,development
3260,2017-12-23 15:31:22,2017-12-23,4,23,1,development
3261,2017-12-23 15:31:53,2017-12-23,4,23,1,development
3262,2017-12-23 15:32:23,2017-12-23,4,23,1,development
3263,2017-12-23 15:32:54,2017-12-23,4,23,1,development
3264,2017-12-23 15:33:24,2017-12-23,4,23,1,development
3265,2017-12-23 15:33:55,2017-12-23,4,23,1,development
3266,2017-12-23 15:34:26,2017-12-23,4,23,1,development
3267,2017-12-23 15:34:56,2017-12-23,4,23,1,development
3268,2017-12-23 15:35:27,2017-12-23,4,23,1,development
3269,2017-12-23 15:35:58,2017-12-23,4,23,1,development
3270,2017-12-23 15:36:28,2017-12-23,4,23,1,development
3271,2017-12-23 15:36:59,2017-12-23,4,23,1,development
3272,2017-12-23 15:37:29,2017-12-23,4,23,1,development
3273,2017-12-23 15:38:00,2017-12-23,4,23,1,development
3274,2017-12-23 15:38:31,2017-12-23,4,23,1,development
3275,2017-12-23 15:39:01,2017-12-23,4,23,1,development
3276,2017-12-23 15:39:32,2017-12-23,4,23,1,development
3277,2017-12-23 15:40:03,2017-12-23,4,23,1,development
3278,2017-12-23 15:40:33,2017-12-23,4,23,1,development
3279,2017-12-23 15:41:04,2017-12-23,4,23,1,development
3280,2017-12-23 15:41:35,2017-12-23,4,23,1,development
3281,2017-12-23 15:42:05,2017-12-23,4,23,1,development
3282,2017-12-23 15:42:36,2017-12-23,4,23,1,development
3283,2017-12-23 15:43:06,2017-12-23,4,23,1,development
3284,2017-12-23 15:43:37,2017-12-23,4,23,1,development
3285,2017-12-23 15:44:08,2017-12-23,4,23,1,development
3286,2017-12-23 15:44:38,2017-12-23,4,23,1,development
3287,2017-12-23 15:45:09,2017-12-23,4,23,1,development
3288,2017-12-23 15:45:40,2017-12-23,4,23,1,development
3289,2017-12-23 15:46:10,2017-12-23,4,23,1,development
3290,2017-12-23 15:46:41,2017-12-23,4,23,1,development
3291,2017-12-23 15:47:12,2017-12-23,4,23,1,development
3292,2017-12-23 15:47:42,2017-12-23,4,23,1,development
3293,2017-12-23 15:48:13,2017-12-23,4,23,1,development
3294,2017-12-23 15:48:43,2017-12-23,4,23,1,development
3295,2017-12-23 15:49:14,2017-12-23,4,23,1,development
3296,2017-12-23 15:49:45,2017-12-23,4,23,1,development
3297,2017-12-23 15:50:15,2017-12-23,4,23,1,development
3298,2017-12-23 15:50:46,2017-12-23,4,23,1,development
3299,2017-12-23 15:51:17,2017-12-23,4,23,1,development
3300,2017-12-23 15:51:47,2017-12-23,4,23,1,development
3301,2017-12-23 15:52:18,2017-12-23,4,23,1,development
3302,2017-12-23 15:52:49,2017-12-23,4,23,1,development
3303,2017-12-23 15:53:19,2017-12-23,4,23,1,development
3304,2017-12-23 15:53:50,2017-12-23,4,23,1,development
3305,2017-12-23 15:54:20,2017-12-23,4,23,1,development
3306,2017-12-23 15:54:51,2017-12-23,4,23,1,development
3307,2017-12-23 15:55:22,2017-12-23,4,23,1,development
3308,2017-12-23 15:55:52,2017-12-23,4,23,1,development
3309,2017-12-23 15:56:23,2017-12-23,4,23,1,development
3310,2017-12-23 15:56:54,2017-12-23,4,23,1,development
3311,2017-12-23 15:57:24,2017-12-23,4,23,1,development
3312,2017-12-23 15:57:55,2017-12-23,4,23,1,development
3313,2017-12-23 15:58:26,2017-12-23,4,23,1,development
3314,2017-12-23 15:58:56,2017-12-23,4,23,1,development
3315,2017-12-23 15:59:27,2017-12-23,4,23,1,development
3316,2017-12-23 15:59:57,2017-12-23,4,23,1,development
3317,2017-12-23 16:00:28,2017-12-23,4,23,1,development
3318,2017-12-23 16:00:59,2017-12-23,4,23,1,development
3319,2017-12-23 16:01:29,2017-12-23,4,23,1,development
3320,2017-12-23 16:02:00,2017-12-23,4,23,1,development
3321,2017-12-23 16:02:31,2017-12-23,4,23,1,development
3322,2017-12-23 16:03:01,2017-12-23,4,23,1,development
3323,2017-12-23 16:03:32,2017-12-23,4,23,1,development
3324,2017-12-23 16:04:03,2017-12-23,4,23,1,development
3325,2017-12-23 16:04:33,2017-12-23,4,23,1,development
3326,2017-12-23 16:05:04,2017-12-23,4,23,1,development
3327,2017-12-23 16:05:34,2017-12-23,4,23,1,development
3328,2017-12-23 16:06:05,2017-12-23,4,23,1,development
3329,2017-12-23 16:06:36,2017-12-23,4,23,1,development
3330,2017-12-23 16:07:06,2017-12-23,4,23,1,development
3331,2017-12-23 16:07:37,2017-12-23,4,23,1,development
3332,2017-12-23 16:08:08,2017-12-23,4,23,1,development
3333,2017-12-23 16:08:38,2017-12-23,4,23,1,development
3334,2017-12-23 16:09:09,2017-12-23,4,23,1,development
3335,2017-12-23 16:09:40,2017-12-23,4,23,1,development
3336,2017-12-23 16:10:10,2017-12-23,4,23,1,development
3337,2017-12-23 16:10:41,2017-12-23,4,23,1,development
3338,2017-12-23 16:11:11,2017-12-23,4,23,1,development
3339,2017-12-23 16:11:42,2017-12-23,4,23,1,development
3340,2017-12-23 16:12:13,2017-12-23,4,23,1,development
3341,2017-12-23 16:12:43,2017-12-23,4,23,1,development
3342,2017-12-23 16:13:14,2017-12-23,4,23,1,development
3343,2017-12-23 16:13:45,2017-12-23,4,23,1,development
3344,2017-12-23 16:14:15,2017-12-23,4,23,1,development
3345,2017-12-23 16:14:46,2017-12-23,4,23,1,development
3346,2017-12-23 16:15:16,2017-12-23,4,23,1,development
3347,2017-12-23 16:15:47,2017-12-23,4,23,1,development
3348,2017-12-23 16:16:18,2017-12-23,4,23,1,development
3349,2017-12-23 16:16:48,2017-12-23,4,23,1,development
3350,2017-12-23 16:17:19,2017-12-23,4,23,1,development
3351,2017-12-23 16:17:50,2017-12-23,4,23,1,development
3352,2017-12-23 16:18:20,2017-12-23,4,23,1,development
3353,2017-12-23 16:18:51,2017-12-23,4,23,1,development
3354,2017-12-23 16:19:22,2017-12-23,4,23,1,development
3355,2017-12-23 16:19:52,2017-12-23,4,23,1,development
3356,2017-12-23 16:20:23,2017-12-23,4,23,1,development
3357,2017-12-23 16:20:53,2017-12-23,4,23,1,development
3358,2017-12-23 16:21:24,2017-12-23,4,23,1,development
3359,2017-12-23 16:21:55,2017-12-23,4,23,1,development
3360,2017-12-23 16:22:25,2017-12-23,4,23,1,development
3361,2017-12-23 16:22:56,2017-12-23,4,23,1,development
3362,2017-12-23 16:23:27,2017-12-23,4,23,1,development
3363,2017-12-23 16:24:28,2017-12-23,4,23,1,development
3364,2017-12-23 16:24:59,2017-12-23,4,23,1,development
3365,2017-12-23 16:25:29,2017-12-23,4,23,1,development
3366,2017-12-23 16:26:00,2017-12-23,4,23,1,development
3367,2017-12-23 16:26:30,2017-12-23,4,23,1,development
3368,2017-12-23 16:27:01,2017-12-23,4,23,1,development
3369,2017-12-23 16:27:32,2017-12-23,4,23,1,development
3370,2017-12-23 16:28:02,2017-12-23,4,23,1,development
3371,2017-12-23 16:28:33,2017-12-23,4,23,1,development
3372,2017-12-23 16:29:04,2017-12-23,4,23,1,development
3373,2017-12-23 16:29:34,2017-12-23,4,23,1,development
3374,2017-12-23 16:30:05,2017-12-23,4,23,1,development
3375,2017-12-23 16:30:36,2017-12-23,4,23,1,development
3376,2017-12-23 16:31:06,2017-12-23,4,23,1,development
3377,2017-12-23 16:31:37,2017-12-23,4,23,1,development
3378,2017-12-23 16:32:07,2017-12-23,4,23,1,development
3379,2017-12-23 16:32:38,2017-12-23,4,23,1,development
3380,2017-12-23 16:33:09,2017-12-23,4,23,1,development
3381,2017-12-23 16:33:39,2017-12-23,4,23,1,development
3382,2017-12-23 16:34:10,2017-12-23,4,23,1,development
3383,2017-12-23 16:34:41,2017-12-23,4,23,1,development
3384,2017-12-23 16:35:11,2017-12-23,4,23,1,development
3385,2017-12-23 16:35:42,2017-12-23,4,23,1,development
3386,2017-12-23 16:36:13,2017-12-23,4,23,1,development
3387,2017-12-23 16:36:43,2017-12-23,4,23,1,development
3388,2017-12-23 16:37:14,2017-12-23,4,23,1,development
3389,2017-12-23 16:37:44,2017-12-23,4,23,1,development
3390,2017-12-23 16:40:18,2017-12-23,5,24,2,development
3391,2017-12-23 16:40:48,2017-12-23,5,24,2,development
3392,2017-12-23 16:41:19,2017-12-23,5,24,2,development
3393,2017-12-23 16:41:50,2017-12-23,5,24,2,development
3394,2017-12-23 16:42:20,2017-12-23,5,24,2,development
3395,2017-12-23 16:42:51,2017-12-23,5,24,2,development
3396,2017-12-23 16:43:21,2017-12-23,5,24,2,development
3397,2017-12-23 16:43:52,2017-12-23,5,24,2,development
3398,2017-12-23 16:44:23,2017-12-23,5,24,2,development
3399,2017-12-23 16:44:53,2017-12-23,5,24,2,development
3400,2017-12-23 16:45:24,2017-12-23,5,24,2,development
3401,2017-12-23 16:45:55,2017-12-23,5,24,2,development
3402,2017-12-23 16:46:25,2017-12-23,5,24,2,development
3403,2017-12-23 16:46:56,2017-12-23,5,24,2,development
3404,2017-12-23 16:47:26,2017-12-23,5,24,2,development
3405,2017-12-23 16:47:57,2017-12-23,5,24,2,development
3406,2017-12-23 16:48:28,2017-12-23,5,24,2,development
3407,2017-12-23 16:48:58,2017-12-23,5,24,2,development
3408,2017-12-23 16:49:29,2017-12-23,5,24,2,development
3409,2017-12-23 16:50:00,2017-12-23,5,24,2,development
3410,2017-12-23 16:50:30,2017-12-23,5,24,2,development
3411,2017-12-23 16:51:01,2017-12-23,5,24,2,development
3412,2017-12-23 16:51:32,2017-12-23,5,24,2,development
3413,2017-12-23 16:52:02,2017-12-23,5,24,2,development
3414,2017-12-23 16:52:33,2017-12-23,5,24,2,development
3415,2017-12-23 16:53:03,2017-12-23,5,24,2,development
3416,2017-12-23 16:53:34,2017-12-23,5,24,2,development
3417,2017-12-23 16:54:05,2017-12-23,5,24,2,development
3418,2017-12-23 16:54:35,2017-12-23,5,24,2,development
3419,2017-12-23 16:55:06,2017-12-23,5,24,2,development
3420,2017-12-23 16:55:37,2017-12-23,5,24,2,development
3421,2017-12-23 16:56:07,2017-12-23,5,24,2,development
3422,2017-12-23 16:56:38,2017-12-23,5,24,2,development
3423,2017-12-23 16:57:09,2017-12-23,5,24,2,development
3424,2017-12-23 16:57:39,2017-12-23,5,24,2,development
3425,2017-12-23 16:58:10,2017-12-23,5,24,2,development
3426,2017-12-23 16:58:40,2017-12-23,5,24,2,development
3427,2017-12-23 16:59:11,2017-12-23,5,24,2,development
3428,2017-12-23 16:59:42,2017-12-23,5,24,2,development
3429,2017-12-23 17:00:12,2017-12-23,5,24,2,development
3430,2017-12-23 17:00:43,2017-12-23,5,24,2,development
3431,2017-12-23 17:01:14,2017-12-23,5,24,2,development
3432,2017-12-23 17:01:44,2017-12-23,5,24,2,development
3433,2017-12-23 17:02:15,2017-12-23,5,24,2,development
3434,2017-12-23 17:02:46,2017-12-23,5,24,2,development
3435,2017-12-23 17:03:16,2017-12-23,5,24,2,development
3436,2017-12-23 17:03:47,2017-12-23,5,24,2,development
3437,2017-12-23 17:04:17,2017-12-23,5,24,2,development
3438,2017-12-23 17:04:48,2017-12-23,5,24,2,development
3439,2017-12-23 17:05:19,2017-12-23,5,24,2,development
3440,2017-12-23 17:05:49,2017-12-23,5,24,2,development
3441,2017-12-23 17:06:20,2017-12-23,5,24,2,development
3442,2017-12-23 17:06:51,2017-12-23,5,24,2,development
3443,2017-12-23 17:07:21,2017-12-23,5,24,2,development
3444,2017-12-23 17:07:52,2017-12-23,5,24,2,development
3445,2017-12-23 17:08:23,2017-12-23,5,24,2,development
3446,2017-12-23 17:08:53,2017-12-23,5,24,2,development
3447,2017-12-23 17:09:24,2017-12-23,5,24,2,development
3448,2017-12-23 17:09:54,2017-12-23,5,24,2,development
3449,2017-12-23 17:10:25,2017-12-23,5,24,2,development
3450,2017-12-23 17:10:56,2017-12-23,5,24,2,development
3451,2017-12-23 17:11:26,2017-12-23,5,24,2,development
3452,2017-12-23 17:11:57,2017-12-23,5,24,2,development
3453,2017-12-23 17:12:28,2017-12-23,5,24,2,development
3454,2017-12-23 17:12:58,2017-12-23,5,24,2,development
3455,2017-12-23 17:13:29,2017-12-23,5,24,2,development
3456,2017-12-23 17:14:00,2017-12-23,5,24,2,development
3457,2017-12-23 17:14:30,2017-12-23,5,24,2,development
3458,2017-12-23 17:15:01,2017-12-23,5,24,2,development
3459,2017-12-23 17:15:31,2017-12-23,5,24,2,development
3460,2017-12-23 17:16:02,2017-12-23,5,24,2,development
3461,2017-12-23 17:16:33,2017-12-23,5,24,2,development
3462,2017-12-23 17:17:03,2017-12-23,5,24,2,development
3463,2017-12-23 17:17:34,2017-12-23,5,24,2,development
3464,2017-12-23 17:18:05,2017-12-23,5,24,2,development
3465,2017-12-23 17:18:35,2017-12-23,5,24,2,development
3466,2017-12-23 17:19:06,2017-12-23,5,24,2,development
3467,2017-12-23 17:20:07,2017-12-23,5,24,2,development
3468,2017-12-23 17:20:38,2017-12-23,5,24,2,development
3469,2017-12-23 17:21:08,2017-12-23,5,24,2,development
3470,2017-12-23 17:21:39,2017-12-23,5,24,2,development
3471,2017-12-23 17:22:10,2017-12-23,5,24,2,development
3472,2017-12-23 17:22:40,2017-12-23,5,24,2,development
3473,2017-12-23 17:23:11,2017-12-23,5,24,2,development
3474,2017-12-23 17:23:42,2017-12-23,5,24,2,development
3475,2017-12-23 17:24:12,2017-12-23,5,24,2,development
3476,2017-12-23 17:24:43,2017-12-23,5,24,2,development
3477,2017-12-23 17:25:13,2017-12-23,5,24,2,development
3478,2017-12-23 17:25:44,2017-12-23,5,24,2,development
3479,2017-12-23 17:26:15,2017-12-23,5,24,2,development
3480,2017-12-23 17:26:45,2017-12-23,5,24,2,development
3481,2017-12-23 17:27:16,2017-12-23,5,24,2,development
3482,2017-12-23 17:27:47,2017-12-23,5,24,2,development
3483,2017-12-23 17:28:17,2017-12-23,5,24,2,development
3484,2017-12-23 17:28:48,2017-12-23,5,24,2,development
3485,2017-12-23 17:29:19,2017-12-23,5,24,2,development
3486,2017-12-23 17:29:49,2017-12-23,5,24,2,development
3487,2017-12-23 17:30:20,2017-12-23,5,24,2,development
3488,2017-12-23 17:30:50,2017-12-23,5,24,2,development
3489,2017-12-23 17:31:21,2017-12-23,5,24,2,development
3490,2017-12-23 17:31:52,2017-12-23,5,24,2,development
3491,2017-12-23 17:32:22,2017-12-23,5,24,2,development
3492,2017-12-23 17:32:53,2017-12-23,5,24,2,development
3493,2017-12-23 17:33:24,2017-12-23,5,24,2,development
3494,2017-12-23 17:33:54,2017-12-23,5,24,2,development
3495,2017-12-23 17:34:25,2017-12-23,5,25,3,development
3496,2017-12-23 17:34:56,2017-12-23,5,25,3,development
3497,2017-12-23 17:35:26,2017-12-23,5,25,3,development
3498,2017-12-23 17:35:57,2017-12-23,5,25,3,development
3499,2017-12-23 17:36:27,2017-12-23,5,25,3,development
3500,2017-12-23 17:36:58,2017-12-23,5,25,3,development
3501,2017-12-23 17:37:29,2017-12-23,5,25,3,development
3502,2017-12-23 17:37:59,2017-12-23,5,25,3,development
3503,2017-12-23 17:38:30,2017-12-23,5,25,3,development
3504,2017-12-23 17:39:01,2017-12-23,5,25,3,development
3505,2017-12-23 17:39:31,2017-12-23,5,25,3,development
3506,2017-12-23 17:40:02,2017-12-23,5,25,3,development
3507,2017-12-23 17:40:33,2017-12-23,5,25,3,development
3508,2017-12-23 17:41:03,2017-12-23,5,25,3,development
3509,2017-12-23 17:41:34,2017-12-23,5,25,3,development
3510,2017-12-23 17:42:04,2017-12-23,5,25,3,development
3511,2017-12-23 17:42:35,2017-12-23,5,25,3,development
3512,2017-12-23 17:43:06,2017-12-23,5,25,3,development
3513,2017-12-23 17:43:36,2017-12-23,5,25,3,development
3514,2017-12-23 17:44:07,2017-12-23,5,25,3,development
3515,2017-12-23 17:44:38,2017-12-23,5,25,3,development
3516,2017-12-23 17:45:08,2017-12-23,5,25,3,development
3517,2017-12-23 17:45:39,2017-12-23,5,25,3,development
3518,2017-12-23 17:46:09,2017-12-23,5,25,3,development
3519,2017-12-23 17:46:40,2017-12-23,5,25,3,development
3520,2017-12-23 17:47:11,2017-12-23,5,25,3,development
3521,2017-12-23 17:47:41,2017-12-23,5,25,3,development
3522,2017-12-23 17:48:12,2017-12-23,5,25,3,development
3523,2017-12-23 17:48:43,2017-12-23,5,25,3,development
3524,2017-12-23 17:49:13,2017-12-23,5,25,3,development
3525,2017-12-23 17:49:44,2017-12-23,5,25,3,development
3526,2017-12-23 17:50:15,2017-12-23,5,25,3,development
3527,2017-12-23 17:50:45,2017-12-23,5,25,3,development
3528,2017-12-23 17:51:16,2017-12-23,5,25,3,development
3529,2017-12-23 17:51:46,2017-12-23,5,25,3,development
3530,2017-12-23 17:52:17,2017-12-23,5,25,3,development
3531,2017-12-23 17:52:48,2017-12-23,5,25,3,development
3532,2017-12-23 17:53:18,2017-12-23,5,25,3,development
3533,2017-12-23 17:53:49,2017-12-23,5,25,3,development
3534,2017-12-23 17:54:20,2017-12-23,5,25,3,development
3535,2017-12-23 17:54:50,2017-12-23,5,25,3,development
3536,2017-12-23 17:55:21,2017-12-23,5,25,3,development
3537,2017-12-23 17:55:52,2017-12-23,5,25,3,development
3538,2017-12-23 17:56:22,2017-12-23,5,25,3,development
3539,2017-12-23 17:56:53,2017-12-23,5,25,3,development
3540,2017-12-23 17:57:23,2017-12-23,5,25,3,development
3541,2017-12-23 17:57:54,2017-12-23,5,25,3,development
3542,2017-12-23 17:58:25,2017-12-23,5,25,3,development
3543,2017-12-23 17:58:55,2017-12-23,5,25,3,development
3544,2017-12-23 17:59:26,2017-12-23,5,25,3,development
3545,2017-12-23 17:59:57,2017-12-23,5,25,3,development
3546,2017-12-23 18:00:27,2017-12-23,5,25,3,development
3547,2017-12-23 18:00:58,2017-12-23,5,25,3,development
3548,2017-12-23 18:01:29,2017-12-23,5,25,3,development
3549,2017-12-23 18:01:59,2017-12-23,5,25,3,development
3550,2017-12-23 18:02:30,2017-12-23,5,25,3,development
3551,2017-12-23 18:03:00,2017-12-23,5,25,3,development
3552,2017-12-23 18:03:31,2017-12-23,5,25,3,development
3553,2017-12-23 18:04:02,2017-12-23,5,25,3,development
3554,2017-12-23 18:04:32,2017-12-23,5,25,3,development
3555,2017-12-23 18:05:03,2017-12-23,5,25,3,development
3556,2017-12-23 18:05:34,2017-12-23,5,25,3,development
3557,2017-12-23 18:06:04,2017-12-23,5,25,3,development
3558,2017-12-23 18:06:35,2017-12-23,5,25,3,development
3559,2017-12-23 18:07:06,2017-12-23,5,25,3,development
3560,2017-12-23 18:07:36,2017-12-23,5,25,3,development
3561,2017-12-23 18:08:07,2017-12-23,5,25,3,development
3562,2017-12-23 18:08:37,2017-12-23,5,25,3,development
3563,2017-12-23 18:09:08,2017-12-23,5,25,3,development
3564,2017-12-23 18:09:39,2017-12-23,5,25,3,development
3565,2017-12-23 18:10:09,2017-12-23,5,25,3,development
3566,2017-12-23 18:10:40,2017-12-23,5,25,3,development
3567,2017-12-23 18:11:11,2017-12-23,5,25,3,development
3568,2017-12-23 18:11:41,2017-12-23,5,25,3,development
3569,2017-12-23 18:12:12,2017-12-23,5,25,3,development
3570,2017-12-23 18:12:43,2017-12-23,5,25,3,development
3571,2017-12-23 18:13:13,2017-12-23,5,25,3,development
3572,2017-12-23 18:13:44,2017-12-23,5,25,3,development
3573,2017-12-23 18:14:45,2017-12-23,5,25,3,development
3574,2017-12-23 18:15:16,2017-12-23,5,25,3,development
3575,2017-12-23 18:15:46,2017-12-23,5,25,3,development
3576,2017-12-23 18:16:17,2017-12-23,5,25,3,development
3577,2017-12-23 18:16:48,2017-12-23,5,25,3,development
3578,2017-12-23 18:17:18,2017-12-23,5,25,3,development
3579,2017-12-23 18:17:49,2017-12-23,5,25,3,development
3580,2017-12-23 18:18:19,2017-12-23,5,25,3,development
3581,2017-12-23 18:18:50,2017-12-23,5,25,3,development
3582,2017-12-23 18:19:21,2017-12-23,5,25,3,development
3583,2017-12-23 18:19:51,2017-12-23,5,25,3,development
3584,2017-12-23 18:20:22,2017-12-23,5,25,3,development
3585,2017-12-23 18:20:53,2017-12-23,5,25,3,development
3586,2017-12-23 18:21:23,2017-12-23,5,25,3,development
3587,2017-12-23 18:21:54,2017-12-23,5,25,3,development
3588,2017-12-23 18:22:25,2017-12-23,5,25,3,development
3589,2017-12-23 18:22:55,2017-12-23,5,25,3,development
3590,2017-12-23 18:23:26,2017-12-23,5,25,3,development
3591,2017-12-23 18:24:27,2017-12-23,5,25,3,development
3592,2017-12-23 18:24:58,2017-12-23,5,25,3,development
3593,2017-12-23 18:25:28,2017-12-23,5,25,3,development
3594,2017-12-23 18:25:59,2017-12-23,5,25,3,development
3595,2017-12-23 18:26:30,2017-12-23,5,25,3,development
3596,2017-12-23 18:27:00,2017-12-23,5,25,3,development
3597,2017-12-23 18:27:31,2017-12-23,5,25,3,development
3598,2017-12-23 18:28:02,2017-12-23,5,25,3,development
3599,2017-12-23 18:28:32,2017-12-23,5,25,3,development
3600,2017-12-23 18:29:03,2017-12-23,5,25,3,development
3601,2017-12-23 18:29:33,2017-12-23,5,25,3,development
3602,2017-12-23 18:30:04,2017-12-23,5,25,3,development
3603,2017-12-23 18:30:35,2017-12-23,5,25,3,development
3604,2017-12-23 18:31:05,2017-12-23,5,25,3,development
3605,2017-12-23 18:31:36,2017-12-23,5,25,3,development
3606,2017-12-23 18:32:07,2017-12-23,5,25,3,development
3607,2017-12-23 18:32:37,2017-12-23,5,25,3,development
3608,2017-12-23 18:33:08,2017-12-23,5,25,3,development
3609,2017-12-23 18:33:39,2017-12-23,5,25,3,development
3610,2017-12-23 18:34:09,2017-12-23,5,25,3,development
3611,2017-12-23 18:34:40,2017-12-23,5,25,3,development
3612,2017-12-23 18:35:10,2017-12-23,5,25,3,development
3613,2017-12-23 18:35:41,2017-12-23,5,25,3,development
3614,2017-12-23 18:36:12,2017-12-23,5,25,3,development
3615,2017-12-23 18:36:42,2017-12-23,5,25,3,development
3616,2017-12-23 18:37:13,2017-12-23,5,25,3,development
3617,2017-12-23 18:37:44,2017-12-23,5,25,3,development
3618,2017-12-23 18:38:14,2017-12-23,5,25,3,development
3619,2017-12-23 18:38:45,2017-12-23,5,25,3,development
3620,2017-12-23 18:39:16,2017-12-23,5,25,3,development
3621,2017-12-23 18:39:46,2017-12-23,5,25,3,development
3622,2017-12-23 18:40:17,2017-12-23,5,25,3,development
3623,2017-12-23 18:40:47,2017-12-23,5,25,3,development
3624,2017-12-23 18:41:18,2017-12-23,5,25,3,development
3625,2017-12-23 18:41:49,2017-12-23,5,26,2,development
3626,2017-12-23 18:42:19,2017-12-23,5,26,2,development
3627,2017-12-23 18:42:50,2017-12-23,5,26,2,development
3628,2017-12-23 18:43:21,2017-12-23,5,26,2,development
3629,2017-12-23 18:43:51,2017-12-23,5,26,2,development
3630,2017-12-23 18:44:22,2017-12-23,5,26,2,development
3631,2017-12-23 18:44:53,2017-12-23,5,26,2,development
3632,2017-12-23 18:45:23,2017-12-23,5,26,2,development
3633,2017-12-23 18:45:54,2017-12-23,5,26,2,development
3634,2017-12-23 18:46:24,2017-12-23,5,26,2,development
3635,2017-12-23 18:46:55,2017-12-23,5,26,2,development
3636,2017-12-23 18:47:26,2017-12-23,5,26,2,development
3637,2017-12-23 18:47:56,2017-12-23,5,26,2,development
3638,2017-12-23 18:48:27,2017-12-23,5,26,2,development
3639,2017-12-23 18:48:58,2017-12-23,5,26,2,development
3640,2017-12-23 18:49:28,2017-12-23,5,26,2,development
3641,2017-12-23 18:49:59,2017-12-23,5,26,2,development
3642,2017-12-23 18:50:30,2017-12-23,5,26,2,development
3643,2017-12-23 18:51:00,2017-12-23,5,26,2,development
3644,2017-12-23 18:51:31,2017-12-23,5,26,2,development
3645,2017-12-23 18:52:01,2017-12-23,5,26,2,development
3646,2017-12-23 18:52:32,2017-12-23,5,26,2,development
3647,2017-12-23 18:53:03,2017-12-23,5,26,2,development
3648,2017-12-23 18:53:33,2017-12-23,5,26,2,development
3649,2017-12-23 18:54:04,2017-12-23,5,26,2,development
3650,2017-12-23 18:54:35,2017-12-23,5,26,2,development
3651,2017-12-23 18:55:05,2017-12-23,5,26,2,development
3652,2017-12-23 18:55:36,2017-12-23,5,26,2,development
3653,2017-12-23 18:56:07,2017-12-23,5,26,2,development
3654,2017-12-23 18:56:37,2017-12-23,5,26,2,development
3655,2017-12-23 18:57:08,2017-12-23,5,26,2,development
3656,2017-12-23 18:57:38,2017-12-23,5,26,2,development
3657,2017-12-23 18:58:09,2017-12-23,5,26,2,development
3658,2017-12-23 18:58:40,2017-12-23,5,26,2,development
3659,2017-12-23 18:59:10,2017-12-23,5,26,2,development
3660,2017-12-23 18:59:41,2017-12-23,5,26,2,development
3661,2017-12-23 19:00:12,2017-12-23,5,26,2,development
3662,2017-12-23 19:00:42,2017-12-23,5,26,2,development
3663,2017-12-23 19:01:13,2017-12-23,5,26,2,development
3664,2017-12-23 19:01:43,2017-12-23,5,26,2,development
3665,2017-12-23 19:02:14,2017-12-23,5,26,2,development
3666,2017-12-23 19:02:45,2017-12-23,5,26,2,development
3667,2017-12-23 19:03:15,2017-12-23,5,26,2,development
3668,2017-12-23 19:03:46,2017-12-23,5,26,2,development
3669,2017-12-23 19:04:17,2017-12-23,5,26,2,development
3670,2017-12-23 19:04:47,2017-12-23,5,26,2,development
3671,2017-12-23 19:05:18,2017-12-23,5,26,2,development
3672,2017-12-23 19:05:49,2017-12-23,5,26,2,development
3673,2017-12-23 19:06:19,2017-12-23,5,26,2,development
3674,2017-12-23 19:06:50,2017-12-23,5,26,2,development
3675,2017-12-23 19:07:20,2017-12-23,5,26,2,development
3676,2017-12-23 19:07:51,2017-12-23,5,26,2,development
3677,2017-12-23 19:08:22,2017-12-23,5,26,2,development
3678,2017-12-23 19:09:23,2017-12-23,5,26,2,development
3679,2017-12-23 19:09:54,2017-12-23,5,26,2,development
3680,2017-12-23 19:10:24,2017-12-23,5,26,2,development
3681,2017-12-23 19:10:55,2017-12-23,5,26,2,development
3682,2017-12-23 19:11:26,2017-12-23,5,26,2,development
3683,2017-12-23 19:11:56,2017-12-23,5,26,2,development
3684,2017-12-23 19:12:27,2017-12-23,5,26,2,development
3685,2017-12-23 19:12:57,2017-12-23,5,26,2,development
3686,2017-12-23 19:13:28,2017-12-23,5,26,2,development
3687,2017-12-23 19:13:59,2017-12-23,5,26,2,development
3688,2017-12-23 19:14:29,2017-12-23,5,26,2,development
3689,2017-12-23 19:15:00,2017-12-23,5,26,2,development
3690,2017-12-23 19:15:31,2017-12-23,5,26,2,development
3691,2017-12-23 19:16:01,2017-12-23,5,26,2,development
3692,2017-12-23 19:16:32,2017-12-23,5,26,2,development
3693,2017-12-23 19:17:03,2017-12-23,5,26,2,development
3694,2017-12-23 19:17:33,2017-12-23,5,26,2,development
3695,2017-12-23 19:18:04,2017-12-23,5,26,2,development
3696,2017-12-23 19:18:34,2017-12-23,5,26,2,development
3697,2017-12-23 19:19:05,2017-12-23,5,26,2,development
3698,2017-12-23 19:19:36,2017-12-23,5,26,2,development
3699,2017-12-23 19:20:06,2017-12-23,5,26,2,development
3700,2017-12-23 19:20:37,2017-12-23,5,26,2,development
3701,2017-12-23 19:21:08,2017-12-23,5,26,2,development
3702,2017-12-23 19:21:38,2017-12-23,5,26,2,development
3703,2017-12-23 19:22:09,2017-12-23,5,26,2,development
3704,2017-12-23 19:22:40,2017-12-23,5,26,2,development
3705,2017-12-23 19:23:10,2017-12-23,5,26,2,development
3706,2017-12-23 19:23:41,2017-12-23,5,26,2,development
3707,2017-12-23 19:24:11,2017-12-23,5,26,2,development
3708,2017-12-23 19:24:42,2017-12-23,5,26,2,development
3709,2017-12-23 19:25:13,2017-12-23,5,26,2,development
3710,2017-12-23 19:25:43,2017-12-23,5,26,2,development
3711,2017-12-23 19:26:14,2017-12-23,5,26,2,development
3712,2017-12-23 19:26:45,2017-12-23,5,26,2,development
3713,2017-12-23 19:27:15,2017-12-23,5,26,2,development
3714,2017-12-23 19:27:46,2017-12-23,5,26,2,development
3715,2017-12-23 19:28:17,2017-12-23,5,26,2,development
3716,2017-12-23 19:28:47,2017-12-23,5,26,2,development
3717,2017-12-23 19:29:18,2017-12-23,5,26,2,development
3718,2017-12-23 19:29:48,2017-12-23,5,26,2,development
3719,2017-12-23 19:30:19,2017-12-23,5,26,2,development
3720,2017-12-23 19:30:50,2017-12-23,5,26,2,development
3721,2017-12-23 19:31:20,2017-12-23,5,26,2,development
3722,2017-12-23 19:31:51,2017-12-23,5,26,2,development
3723,2017-12-23 19:32:22,2017-12-23,5,26,2,development
3724,2017-12-23 19:32:52,2017-12-23,5,26,2,development
3725,2017-12-23 19:33:23,2017-12-23,5,26,2,development
3726,2017-12-23 19:33:54,2017-12-23,5,26,2,development
3727,2017-12-23 19:34:24,2017-12-23,5,26,2,development
3728,2017-12-23 19:34:55,2017-12-23,5,26,2,development
3729,2017-12-23 19:35:25,2017-12-23,5,26,2,development
3730,2017-12-23 19:35:56,2017-12-23,5,26,2,development
3731,2017-12-23 19:36:27,2017-12-23,5,26,2,development
3732,2017-12-23 19:36:57,2017-12-23,5,26,2,development
3733,2017-12-23 19:37:28,2017-12-23,5,26,2,development
3734,2017-12-23 19:37:59,2017-12-23,5,26,2,development
3735,2017-12-23 19:38:29,2017-12-23,5,26,2,development
3736,2017-12-23 19:39:00,2017-12-23,5,26,2,development
3737,2017-12-23 19:39:31,2017-12-23,5,26,2,development
3738,2017-12-23 19:40:01,2017-12-23,5,26,2,development
3739,2017-12-23 19:40:32,2017-12-23,5,26,2,development
3740,2017-12-23 19:41:02,2017-12-23,5,26,2,development
3741,2017-12-23 19:41:33,2017-12-23,5,26,2,development
3742,2017-12-23 19:42:04,2017-12-23,5,26,2,development
3743,2017-12-23 19:42:34,2017-12-23,5,26,2,development
3744,2017-12-23 19:43:05,2017-12-23,5,26,2,development
3745,2017-12-23 19:43:36,2017-12-23,5,26,2,development
3746,2017-12-23 19:44:06,2017-12-23,5,26,2,development
3747,2017-12-23 19:44:37,2017-12-23,5,26,2,development
3748,2017-12-23 19:45:08,2017-12-23,5,26,2,development
3749,2017-12-23 19:45:38,2017-12-23,5,26,2,development
3750,2017-12-23 19:46:09,2017-12-23,5,26,2,development
3751,2017-12-23 19:46:39,2017-12-23,5,26,2,development
3752,2017-12-23 19:47:10,2017-12-23,5,26,2,development
3753,2017-12-23 19:47:41,2017-12-23,5,26,2,development
3754,2017-12-23 19:48:11,2017-12-23,5,26,2,development
3755,2017-12-23 19:48:42,2017-12-23,5,26,2,development
3756,2017-12-23 19:49:13,2017-12-23,5,26,2,development
3757,2017-12-23 19:49:43,2017-12-23,5,26,2,development
3758,2017-12-23 19:50:14,2017-12-23,5,26,2,development
3759,2017-12-23 19:50:44,2017-12-23,5,26,2,development
3760,2017-12-23 19:51:15,2017-12-23,5,26,2,development
3761,2017-12-23 19:51:46,2017-12-23,5,26,2,development
3762,2017-12-23 19:52:16,2017-12-23,5,27,0,development
3763,2017-12-23 19:52:47,2017-12-23,5,27,0,development
3764,2017-12-23 19:53:18,2017-12-23,5,27,0,development
3765,2017-12-23 19:53:48,2017-12-23,5,27,0,development
3766,2017-12-23 19:54:19,2017-12-23,5,27,0,development
3767,2017-12-23 19:54:50,2017-12-23,5,27,0,development
3768,2017-12-23 19:55:20,2017-12-23,5,27,0,development
3769,2017-12-23 19:55:51,2017-12-23,5,27,0,development
3770,2017-12-23 19:56:21,2017-12-23,5,27,0,development
3771,2017-12-23 19:56:52,2017-12-23,5,27,0,development
3772,2017-12-23 19:57:23,2017-12-23,5,27,0,development
3773,2017-12-23 19:57:53,2017-12-23,5,27,0,development
3774,2017-12-23 19:58:24,2017-12-23,5,27,0,development
3775,2017-12-23 19:58:55,2017-12-23,5,27,0,development
3776,2017-12-23 19:59:25,2017-12-23,5,27,0,development
3777,2017-12-23 19:59:56,2017-12-23,5,27,0,development
3778,2017-12-23 20:00:27,2017-12-23,5,27,0,development
3779,2017-12-23 20:00:57,2017-12-23,5,27,0,development
3780,2017-12-23 20:01:28,2017-12-23,5,27,0,development
3781,2017-12-23 20:01:58,2017-12-23,5,27,0,development
3782,2017-12-23 20:02:29,2017-12-23,5,27,0,development
3783,2017-12-23 20:03:00,2017-12-23,5,27,0,development
3784,2017-12-23 20:03:30,2017-12-23,5,27,0,development
3785,2017-12-23 20:04:01,2017-12-23,5,27,0,development
3786,2017-12-23 20:04:32,2017-12-23,5,27,0,development
3787,2017-12-23 20:05:33,2017-12-23,5,27,0,development
3788,2017-12-23 20:06:04,2017-12-23,5,27,0,development
3789,2017-12-23 20:06:34,2017-12-23,5,27,0,development
3790,2017-12-23 20:07:05,2017-12-23,5,27,0,development
3791,2017-12-23 20:07:35,2017-12-23,5,27,0,development
3792,2017-12-23 20:08:06,2017-12-23,5,27,0,development
3793,2017-12-23 20:08:37,2017-12-23,5,27,0,development
3794,2017-12-23 20:09:07,2017-12-23,5,27,0,development
3795,2017-12-23 20:09:38,2017-12-23,5,27,0,development
3796,2017-12-23 20:10:09,2017-12-23,5,27,0,development
3797,2017-12-23 20:10:39,2017-12-23,5,27,0,development
3798,2017-12-23 20:11:10,2017-12-23,5,27,0,development
3799,2017-12-23 20:11:41,2017-12-23,5,27,0,development
3800,2017-12-23 20:12:11,2017-12-23,5,27,0,development
3801,2017-12-23 20:12:42,2017-12-23,5,27,0,development
3802,2017-12-23 20:13:12,2017-12-23,5,27,0,development
3803,2017-12-23 20:13:43,2017-12-23,5,27,0,development
3804,2017-12-23 20:14:14,2017-12-23,5,27,0,development
3805,2017-12-23 20:14:44,2017-12-23,5,27,0,development
3806,2017-12-23 20:15:15,2017-12-23,5,27,0,development
3807,2017-12-23 20:15:46,2017-12-23,5,27,0,development
3808,2017-12-23 20:16:16,2017-12-23,5,27,0,development
3809,2017-12-23 20:16:47,2017-12-23,5,27,0,development
3810,2017-12-23 20:17:17,2017-12-23,5,27,0,development
3811,2017-12-23 20:17:48,2017-12-23,5,27,0,development
3812,2017-12-23 20:18:19,2017-12-23,5,27,0,development
3813,2017-12-23 20:18:49,2017-12-23,5,27,0,development
3814,2017-12-23 20:19:20,2017-12-23,5,27,0,development
3815,2017-12-23 20:19:51,2017-12-23,5,27,0,development
3816,2017-12-23 20:20:21,2017-12-23,5,27,0,development
3817,2017-12-23 20:20:52,2017-12-23,5,27,0,development
3818,2017-12-23 20:21:23,2017-12-23,5,27,0,development
3819,2017-12-23 20:21:53,2017-12-23,5,27,0,development
3820,2017-12-23 20:22:24,2017-12-23,5,27,0,development
3821,2017-12-23 20:22:54,2017-12-23,5,27,0,development
3822,2017-12-23 20:23:25,2017-12-23,5,27,0,development
3823,2017-12-23 20:23:56,2017-12-23,5,27,0,development
3824,2017-12-23 20:24:26,2017-12-23,5,27,0,development
3825,2017-12-23 20:24:57,2017-12-23,5,27,0,development
3826,2017-12-23 20:25:28,2017-12-23,5,27,0,development
3827,2017-12-23 20:25:58,2017-12-23,5,27,0,development
3828,2017-12-23 20:26:29,2017-12-23,5,27,0,development
3829,2017-12-23 20:27:00,2017-12-23,5,27,0,development
3830,2017-12-23 20:27:30,2017-12-23,5,27,0,development
3831,2017-12-23 20:28:01,2017-12-23,5,27,0,development
3832,2017-12-23 20:28:31,2017-12-23,5,27,0,development
3833,2017-12-23 20:29:02,2017-12-23,5,27,0,development
3834,2017-12-23 20:29:33,2017-12-23,5,27,0,development
3835,2017-12-23 20:30:03,2017-12-23,5,27,0,development
3836,2017-12-23 20:30:34,2017-12-23,5,27,0,development
3837,2017-12-23 20:31:05,2017-12-23,5,27,0,development
3838,2017-12-23 20:31:35,2017-12-23,5,27,0,development
3839,2017-12-23 20:32:06,2017-12-23,5,27,0,development
3840,2017-12-23 20:32:37,2017-12-23,5,27,0,development
3841,2017-12-23 20:33:07,2017-12-23,5,27,0,development
3842,2017-12-23 20:33:38,2017-12-23,5,27,0,development
3843,2017-12-23 20:34:08,2017-12-23,5,27,0,development
3844,2017-12-23 20:34:39,2017-12-23,5,27,0,development
3845,2017-12-23 20:35:10,2017-12-23,5,27,0,development
3846,2017-12-23 20:35:40,2017-12-23,5,27,0,development
3847,2017-12-23 20:36:11,2017-12-23,5,27,0,development
3848,2017-12-23 20:36:42,2017-12-23,5,27,0,development
3849,2017-12-23 20:37:12,2017-12-23,5,27,0,development
3850,2017-12-23 20:37:43,2017-12-23,5,27,0,development
3851,2017-12-23 20:38:14,2017-12-23,5,27,0,development
3852,2017-12-23 20:38:44,2017-12-23,5,27,0,development
3853,2017-12-23 20:39:15,2017-12-23,5,27,0,development
3854,2017-12-23 20:39:45,2017-12-23,5,27,0,development
3855,2017-12-23 20:40:16,2017-12-23,5,27,0,development
3856,2017-12-23 20:40:47,2017-12-23,5,27,0,development
3857,2017-12-23 20:41:17,2017-12-23,5,27,0,development
3858,2017-12-23 20:41:48,2017-12-23,5,27,0,development
3859,2017-12-23 20:42:19,2017-12-23,5,27,0,development
3860,2017-12-23 20:42:49,2017-12-23,5,27,0,development
3861,2017-12-23 20:43:20,2017-12-23,5,27,0,development
3862,2017-12-23 20:43:51,2017-12-23,5,27,0,development
3863,2017-12-23 20:44:21,2017-12-23,5,27,0,development
3864,2017-12-23 20:44:52,2017-12-23,5,27,0,development
3865,2017-12-23 20:45:22,2017-12-23,5,27,0,development
3866,2017-12-23 20:45:53,2017-12-23,5,27,0,development
3867,2017-12-23 20:46:24,2017-12-23,5,27,0,development
3868,2017-12-23 20:46:54,2017-12-23,5,27,0,development
3869,2017-12-23 20:47:25,2017-12-23,5,27,0,development
3870,2017-12-23 20:47:56,2017-12-23,5,27,0,development
3871,2017-12-23 20:48:26,2017-12-23,5,27,0,development
3872,2017-12-23 20:48:57,2017-12-23,5,27,0,development
3873,2017-12-23 20:49:28,2017-12-23,5,27,0,development
3874,2017-12-23 20:49:58,2017-12-23,5,27,0,development
3875,2017-12-23 20:50:29,2017-12-23,5,27,0,development
3876,2017-12-23 20:50:59,2017-12-23,5,27,0,development
3877,2017-12-23 20:51:30,2017-12-23,5,27,0,development
3878,2017-12-23 20:52:01,2017-12-23,5,27,0,development
3879,2017-12-23 20:52:31,2017-12-23,5,27,0,development
3880,2017-12-23 20:53:02,2017-12-23,5,27,0,development
3881,2017-12-23 20:53:33,2017-12-23,5,27,0,development
3882,2017-12-23 20:54:03,2017-12-23,5,27,0,development
3883,2017-12-23 20:54:34,2017-12-23,5,27,0,development
3884,2017-12-23 20:55:04,2017-12-23,5,27,0,development
3885,2017-12-23 20:55:35,2017-12-23,5,27,0,development
3886,2017-12-23 20:56:06,2017-12-23,5,27,0,development
3887,2017-12-23 20:56:36,2017-12-23,5,27,0,development
3888,2017-12-23 20:57:07,2017-12-23,5,27,0,development
3889,2017-12-23 20:57:38,2017-12-23,5,27,0,development
3890,2017-12-23 20:58:08,2017-12-23,5,27,0,development
3891,2017-12-23 20:58:39,2017-12-23,5,27,0,development
3892,2017-12-23 20:59:10,2017-12-23,5,27,0,development
3893,2017-12-23 20:59:40,2017-12-23,5,27,0,development
3894,2017-12-23 21:00:11,2017-12-23,5,27,0,development
3895,2017-12-23 21:01:12,2017-12-23,5,27,0,development
3896,2017-12-23 21:01:43,2017-12-23,5,27,0,development
3897,2017-12-23 21:02:13,2017-12-23,5,27,0,development
3898,2017-12-23 21:02:44,2017-12-23,5,27,0,development
3899,2017-12-23 21:03:15,2017-12-23,5,27,0,development
3900,2017-12-23 21:03:45,2017-12-23,5,27,0,development
3901,2017-12-23 21:04:16,2017-12-23,5,27,0,development
3902,2017-12-23 21:04:47,2017-12-23,5,27,0,development
3903,2017-12-23 21:05:17,2017-12-23,5,27,0,development
3904,2017-12-23 21:05:48,2017-12-23,5,27,0,development
3905,2017-12-23 21:06:18,2017-12-23,5,27,0,development
3906,2017-12-23 21:06:49,2017-12-23,5,27,0,development
3907,2017-12-23 21:07:20,2017-12-23,5,27,0,development
3908,2017-12-23 21:07:50,2017-12-23,5,27,0,development
3909,2017-12-23 21:08:21,2017-12-23,5,27,0,development
3910,2017-12-23 21:08:52,2017-12-23,5,27,0,development
3911,2017-12-23 21:09:22,2017-12-23,5,27,0,development
3912,2017-12-23 21:09:53,2017-12-23,5,27,0,development
3913,2017-12-23 21:10:24,2017-12-23,5,27,0,development
3914,2017-12-23 21:10:54,2017-12-23,5,27,0,development
3915,2017-12-23 21:11:25,2017-12-23,5,27,0,development
3916,2017-12-23 21:11:55,2017-12-23,5,27,0,development
3917,2017-12-23 21:12:26,2017-12-23,5,27,0,development
3918,2017-12-23 21:12:57,2017-12-23,5,27,0,development
3919,2017-12-23 21:13:27,2017-12-23,5,27,0,development
3920,2017-12-23 21:13:58,2017-12-23,5,27,0,development
3921,2017-12-23 21:14:29,2017-12-23,5,27,0,development
3922,2017-12-23 21:14:59,2017-12-23,5,27,0,development
3923,2017-12-23 21:15:30,2017-12-23,5,27,0,development
3924,2017-12-23 21:16:01,2017-12-23,5,27,0,development
3925,2017-12-23 21:16:31,2017-12-23,5,27,0,development
3926,2017-12-23 21:17:02,2017-12-23,5,27,0,development
3927,2017-12-23 21:17:32,2017-12-23,5,27,0,development
3928,2017-12-23 21:18:03,2017-12-23,5,27,0,development
3929,2017-12-23 21:18:34,2017-12-23,5,27,0,development
3930,2017-12-23 21:19:04,2017-12-23,5,27,0,development
3931,2017-12-23 21:19:35,2017-12-23,5,27,0,development
3932,2017-12-23 21:20:06,2017-12-23,5,27,0,development
3933,2017-12-23 21:20:36,2017-12-23,5,27,0,development
3934,2017-12-23 21:21:07,2017-12-23,5,27,0,development
3935,2017-12-23 21:21:38,2017-12-23,5,27,0,development
3936,2017-12-23 21:22:08,2017-12-23,5,27,0,development
3937,2017-12-23 21:22:39,2017-12-23,5,27,0,development
3938,2017-12-23 21:23:09,2017-12-23,5,27,0,development
3939,2017-12-23 21:23:40,2017-12-23,5,27,0,development
3940,2017-12-23 21:24:11,2017-12-23,5,27,0,development
3941,2017-12-23 21:24:41,2017-12-23,5,27,0,development
3942,2017-12-23 21:25:12,2017-12-23,5,27,0,development
3943,2017-12-23 21:25:43,2017-12-23,5,27,0,development
3944,2017-12-23 21:26:13,2017-12-23,5,27,0,development
3945,2017-12-23 21:26:44,2017-12-23,5,27,0,development
3946,2017-12-23 21:27:45,2017-12-23,5,27,0,development
3947,2017-12-23 21:28:16,2017-12-23,5,27,0,development
3948,2017-12-23 21:28:46,2017-12-23,5,27,0,development
3949,2017-12-23 21:29:17,2017-12-23,5,27,0,development
3950,2017-12-23 21:29:48,2017-12-23,5,27,0,development
3951,2017-12-23 21:30:18,2017-12-23,5,27,0,development
3952,2017-12-23 21:30:49,2017-12-23,5,27,0,development
3953,2017-12-23 21:31:20,2017-12-23,5,27,0,development
3954,2017-12-23 21:31:50,2017-12-23,5,27,0,development
3955,2017-12-23 21:32:21,2017-12-23,5,27,0,development
3956,2017-12-23 21:32:51,2017-12-23,5,27,0,development
3957,2017-12-23 21:33:22,2017-12-23,5,27,0,development
3958,2017-12-23 21:33:53,2017-12-23,5,27,0,development
3959,2017-12-23 21:34:23,2017-12-23,5,27,0,development
3960,2017-12-23 21:34:54,2017-12-23,5,27,0,development
3961,2017-12-23 21:35:25,2017-12-23,5,27,0,development
3962,2017-12-23 21:35:55,2017-12-23,5,27,0,development
3963,2017-12-23 21:36:26,2017-12-23,5,27,0,development
3964,2017-12-23 21:36:57,2017-12-23,5,27,0,development
3965,2017-12-23 21:37:27,2017-12-23,5,27,0,development
3966,2017-12-23 21:37:58,2017-12-23,5,27,0,development
3967,2017-12-23 21:38:28,2017-12-23,5,27,0,development
3968,2017-12-23 21:38:59,2017-12-23,5,27,0,development
3969,2017-12-23 21:39:30,2017-12-23,5,27,0,development
3970,2017-12-23 21:40:00,2017-12-23,5,27,0,development
3971,2017-12-23 21:40:31,2017-12-23,5,27,0,development
3972,2017-12-23 21:41:02,2017-12-23,5,27,0,development
3973,2017-12-23 21:41:32,2017-12-23,5,27,0,development
3974,2017-12-23 21:42:03,2017-12-23,5,27,0,development
3975,2017-12-23 21:42:34,2017-12-23,5,27,0,development
3976,2017-12-23 21:43:04,2017-12-23,5,27,0,development
3977,2017-12-23 21:43:35,2017-12-23,5,27,0,development
3978,2017-12-23 21:44:05,2017-12-23,5,27,0,development
3979,2017-12-23 21:44:36,2017-12-23,5,27,0,development
3980,2017-12-23 21:45:07,2017-12-23,5,27,0,development
3981,2017-12-23 21:45:37,2017-12-23,5,27,0,development
3982,2017-12-23 21:46:08,2017-12-23,5,27,0,development
3983,2017-12-23 21:46:39,2017-12-23,5,27,0,development
3984,2017-12-23 21:47:09,2017-12-23,5,27,0,development
3985,2017-12-23 21:47:40,2017-12-23,5,27,0,development
3986,2017-12-23 21:48:11,2017-12-23,5,27,0,development
3987,2017-12-23 21:48:41,2017-12-23,5,27,0,development
3988,2017-12-23 21:49:12,2017-12-23,5,27,0,development
3989,2017-12-23 21:49:42,2017-12-23,5,27,0,development
3990,2017-12-23 21:50:13,2017-12-23,5,27,0,development
3991,2017-12-23 21:50:44,2017-12-23,5,27,0,development
3992,2017-12-23 21:51:14,2017-12-23,5,27,0,development
3993,2017-12-23 21:51:45,2017-12-23,5,27,0,development
3994,2017-12-23 21:52:16,2017-12-23,5,27,0,development
3995,2017-12-23 21:52:46,2017-12-23,5,27,0,development
3996,2017-12-23 21:53:17,2017-12-23,5,27,0,development
3997,2017-12-23 21:53:48,2017-12-23,5,27,0,development
3998,2017-12-23 21:54:18,2017-12-23,5,27,0,development
3999,2017-12-23 21:54:49,2017-12-23,5,27,0,development
4000,2017-12-23 21:55:19,2017-12-23,5,27,0,development
4001,2017-12-23 21:55:50,2017-12-23,5,27,0,development
4002,2017-12-23 21:56:21,2017-12-23,5,27,0,development
4003,2017-12-23 21:57:22,2017-12-23,5,27,0,development
4004,2017-12-23 21:57:53,2017-12-23,5,27,0,development
4005,2017-12-23 21:58:23,2017-12-23,5,27,0,development
4006,2017-12-23 21:58:54,2017-12-23,5,27,0,development
4007,2017-12-23 21:59:24,2017-12-23,5,27,0,development
4008,2017-12-23 21:59:55,2017-12-23,5,27,0,development
4009,2017-12-23 22:00:26,2017-12-23,5,27,0,development
4010,2017-12-23 22:00:56,2017-12-23,5,27,0,development
4011,2017-12-23 22:01:27,2017-12-23,5,27,0,development
4012,2017-12-23 22:01:58,2017-12-23,5,27,0,development
4013,2017-12-23 22:02:28,2017-12-23,5,27,0,development
4014,2017-12-23 22:02:59,2017-12-23,5,27,0,development
4015,2017-12-23 22:03:30,2017-12-23,5,27,0,development
4016,2017-12-23 22:04:00,2017-12-23,5,27,0,development
4017,2017-12-23 22:04:31,2017-12-23,5,27,0,development
4018,2017-12-23 22:05:01,2017-12-23,5,27,0,development
4019,2017-12-23 22:05:32,2017-12-23,5,27,0,development
4020,2017-12-23 22:06:03,2017-12-23,5,27,0,development
4021,2017-12-23 22:06:33,2017-12-23,5,27,0,development
4022,2017-12-23 22:07:04,2017-12-23,5,27,0,development
4023,2017-12-23 22:07:35,2017-12-23,5,27,0,development
4024,2017-12-23 22:08:05,2017-12-23,5,27,0,development
4025,2017-12-23 22:08:36,2017-12-23,5,27,0,development
4026,2017-12-23 22:09:07,2017-12-23,5,27,0,development
4027,2017-12-23 22:09:37,2017-12-23,5,27,0,development
4028,2017-12-23 22:10:08,2017-12-23,5,27,0,development
4029,2017-12-23 22:10:38,2017-12-23,5,27,0,development
4030,2017-12-23 22:11:09,2017-12-23,5,27,0,development
4031,2017-12-23 22:11:40,2017-12-23,5,27,0,development
4032,2017-12-23 22:12:10,2017-12-23,5,27,0,development
4033,2017-12-23 22:12:41,2017-12-23,5,27,0,development
4034,2017-12-23 22:13:12,2017-12-23,5,27,0,development
4035,2017-12-23 22:13:42,2017-12-23,5,27,0,development
4036,2017-12-23 22:14:13,2017-12-23,5,27,0,development
4037,2017-12-23 22:14:44,2017-12-23,5,27,0,development
4038,2017-12-23 22:15:14,2017-12-23,5,27,0,development
4039,2017-12-23 22:15:45,2017-12-23,5,27,0,development
4040,2017-12-23 22:16:15,2017-12-23,5,27,0,development
4041,2017-12-23 22:16:46,2017-12-23,5,27,0,development
4042,2017-12-23 22:17:17,2017-12-23,5,27,0,development
4043,2017-12-23 22:17:47,2017-12-23,5,27,0,development
4044,2017-12-23 22:18:18,2017-12-23,5,27,0,development
4045,2017-12-23 22:18:49,2017-12-23,5,27,0,development
4046,2017-12-23 22:19:19,2017-12-23,5,27,0,development
4047,2017-12-23 22:19:50,2017-12-23,5,27,0,development
4048,2017-12-23 22:20:21,2017-12-23,5,27,0,development
4049,2017-12-23 22:20:51,2017-12-23,5,27,0,development
4050,2017-12-23 22:21:22,2017-12-23,5,27,0,development
4051,2017-12-23 22:21:52,2017-12-23,5,27,0,development
4052,2017-12-23 22:22:23,2017-12-23,5,27,0,development
4053,2017-12-23 22:22:54,2017-12-23,5,27,0,development
4054,2017-12-23 22:23:24,2017-12-23,5,27,0,development
4055,2017-12-23 22:23:55,2017-12-23,5,27,0,development
4056,2017-12-23 22:24:26,2017-12-23,5,27,0,development
4057,2017-12-23 22:24:56,2017-12-23,5,27,0,development
4058,2017-12-23 22:25:27,2017-12-23,5,27,0,development
4059,2017-12-23 22:25:58,2017-12-23,5,27,0,development
4060,2017-12-23 22:26:28,2017-12-23,5,27,0,development
4061,2017-12-23 22:26:59,2017-12-23,5,27,0,development
4062,2017-12-23 22:27:29,2017-12-23,5,27,0,development
4063,2017-12-23 22:28:00,2017-12-23,5,27,0,development
4064,2017-12-23 22:28:31,2017-12-23,5,27,0,development
4065,2017-12-23 22:29:01,2017-12-23,5,27,0,development
4066,2017-12-23 22:29:32,2017-12-23,5,27,0,development
4067,2017-12-23 22:30:03,2017-12-23,5,27,0,development
4068,2017-12-23 22:30:33,2017-12-23,5,27,0,development
4069,2017-12-23 22:31:04,2017-12-23,5,27,0,development
4070,2017-12-23 22:31:34,2017-12-23,5,27,0,development
4071,2017-12-23 22:32:05,2017-12-23,5,27,0,development
4072,2017-12-23 22:32:36,2017-12-23,5,27,0,development
4073,2017-12-23 22:33:06,2017-12-23,5,27,0,development
4074,2017-12-23 22:33:37,2017-12-23,5,27,0,development
4075,2017-12-23 22:34:08,2017-12-23,5,27,0,development
4076,2017-12-23 22:34:38,2017-12-23,5,27,0,development
4077,2017-12-23 22:35:09,2017-12-23,5,27,0,development
4078,2017-12-23 22:35:40,2017-12-23,5,27,0,development
4079,2017-12-23 22:36:10,2017-12-23,5,27,0,development
4080,2017-12-23 22:36:41,2017-12-23,5,27,0,development
4081,2017-12-23 22:37:11,2017-12-23,5,27,0,development
4082,2017-12-23 22:37:42,2017-12-23,5,27,0,development
4083,2017-12-23 22:38:13,2017-12-23,5,27,0,development
4084,2017-12-23 22:38:43,2017-12-23,5,27,0,development
4085,2017-12-23 22:39:14,2017-12-23,5,27,0,development
4086,2017-12-23 22:39:45,2017-12-23,5,27,0,development
4087,2017-12-23 22:40:15,2017-12-23,5,27,0,development
4088,2017-12-23 22:40:46,2017-12-23,5,27,0,development
4089,2017-12-23 22:41:17,2017-12-23,5,27,0,development
4090,2017-12-23 22:41:47,2017-12-23,5,27,0,development
4091,2017-12-23 22:42:18,2017-12-23,5,27,0,development
4092,2017-12-23 22:42:48,2017-12-23,5,27,0,development
4093,2017-12-23 22:43:19,2017-12-23,5,27,0,development
4094,2017-12-23 22:43:50,2017-12-23,5,27,0,development
4095,2017-12-23 22:44:20,2017-12-23,5,27,0,development
4096,2017-12-23 22:44:51,2017-12-23,5,27,0,development
4097,2017-12-23 22:45:22,2017-12-23,5,27,0,development
4098,2017-12-23 22:45:52,2017-12-23,5,27,0,development
4099,2017-12-23 22:46:23,2017-12-23,5,27,0,development
4100,2017-12-23 22:46:54,2017-12-23,5,27,0,development
4101,2017-12-23 22:47:24,2017-12-23,5,27,0,development
4102,2017-12-23 22:47:55,2017-12-23,5,27,0,development
4103,2017-12-23 22:48:25,2017-12-23,5,27,0,development
4104,2017-12-23 22:48:56,2017-12-23,5,27,0,development
4105,2017-12-23 22:49:27,2017-12-23,5,27,0,development
4106,2017-12-23 22:49:57,2017-12-23,5,27,0,development
4107,2017-12-23 22:50:28,2017-12-23,5,27,0,development
4108,2017-12-23 22:50:59,2017-12-23,5,27,0,development
4109,2017-12-23 22:51:29,2017-12-23,5,27,0,development
4110,2017-12-23 22:52:00,2017-12-23,5,27,0,development
4111,2017-12-23 22:52:31,2017-12-23,5,27,0,development
4112,2017-12-23 22:53:01,2017-12-23,5,27,0,development
4113,2017-12-23 22:53:32,2017-12-23,5,27,0,development
4114,2017-12-23 22:54:33,2017-12-23,5,27,0,development
4115,2017-12-23 22:55:04,2017-12-23,5,27,0,development
4116,2017-12-23 22:55:34,2017-12-23,5,27,0,development
4117,2017-12-23 22:56:05,2017-12-23,5,27,0,development
4118,2017-12-23 22:56:36,2017-12-23,5,27,0,development
4119,2017-12-23 22:57:06,2017-12-23,5,27,0,development
4120,2017-12-23 22:57:37,2017-12-23,5,27,0,development
4121,2017-12-23 22:58:08,2017-12-23,5,27,0,development
4122,2017-12-23 22:58:38,2017-12-23,5,27,0,development
4123,2017-12-23 22:59:09,2017-12-23,5,27,0,development
4124,2017-12-23 22:59:39,2017-12-23,5,27,0,development
4125,2017-12-23 23:00:10,2017-12-23,5,27,0,development
4126,2017-12-23 23:00:41,2017-12-23,5,27,0,development
4127,2017-12-23 23:01:11,2017-12-23,5,27,0,development
4128,2017-12-23 23:01:42,2017-12-23,5,27,0,development
4129,2017-12-23 23:02:13,2017-12-23,5,27,0,development
4130,2017-12-23 23:02:43,2017-12-23,5,27,0,development
4131,2017-12-23 23:03:14,2017-12-23,5,27,0,development
4132,2017-12-23 23:03:45,2017-12-23,5,27,0,development
4133,2017-12-23 23:04:15,2017-12-23,5,27,0,development
4134,2017-12-23 23:04:46,2017-12-23,5,27,0,development
4135,2017-12-23 23:05:16,2017-12-23,5,27,0,development
4136,2017-12-23 23:05:47,2017-12-23,5,27,0,development
4137,2017-12-23 23:06:18,2017-12-23,5,27,0,development
4138,2017-12-23 23:06:48,2017-12-23,5,27,0,development
4139,2017-12-23 23:07:19,2017-12-23,5,27,0,development
4140,2017-12-23 23:07:50,2017-12-23,5,27,0,development
4141,2017-12-23 23:08:20,2017-12-23,5,27,0,development
4142,2017-12-23 23:08:51,2017-12-23,5,27,0,development
4143,2017-12-23 23:09:21,2017-12-23,5,27,0,development
4144,2017-12-23 23:09:52,2017-12-23,5,27,0,development
4145,2017-12-23 23:10:23,2017-12-23,5,27,0,development
4146,2017-12-23 23:10:53,2017-12-23,5,27,0,development
4147,2017-12-23 23:11:24,2017-12-23,5,27,0,development
4148,2017-12-23 23:11:55,2017-12-23,5,27,0,development
4149,2017-12-23 23:12:25,2017-12-23,5,27,0,development
4150,2017-12-23 23:12:56,2017-12-23,5,27,0,development
4151,2017-12-23 23:13:27,2017-12-23,5,27,0,development
4152,2017-12-23 23:13:57,2017-12-23,5,27,0,development
4153,2017-12-23 23:14:28,2017-12-23,5,27,0,development
4154,2017-12-23 23:14:58,2017-12-23,5,27,0,development
4155,2017-12-23 23:15:29,2017-12-23,5,27,0,development
4156,2017-12-23 23:16:00,2017-12-23,5,27,0,development
4157,2017-12-23 23:16:30,2017-12-23,5,27,0,development
4158,2017-12-23 23:17:01,2017-12-23,5,27,0,development
4159,2017-12-23 23:17:32,2017-12-23,5,27,0,development
4160,2017-12-23 23:18:02,2017-12-23,5,27,0,development
4161,2017-12-23 23:18:33,2017-12-23,5,27,0,development
4162,2017-12-23 23:19:04,2017-12-23,5,27,0,development
4163,2017-12-23 23:19:34,2017-12-23,5,27,0,development
4164,2017-12-23 23:20:05,2017-12-23,5,27,0,development
4165,2017-12-23 23:20:35,2017-12-23,5,27,0,development
4166,2017-12-23 23:21:06,2017-12-23,5,27,0,development
4167,2017-12-23 23:21:37,2017-12-23,5,27,0,development
4168,2017-12-23 23:22:07,2017-12-23,5,27,0,development
4169,2017-12-23 23:22:38,2017-12-23,5,27,0,development
4170,2017-12-23 23:23:09,2017-12-23,5,27,0,development
4171,2017-12-23 23:23:39,2017-12-23,5,27,0,development
4172,2017-12-23 23:24:10,2017-12-23,5,27,0,development
4173,2017-12-23 23:24:41,2017-12-23,5,27,0,development
4174,2017-12-23 23:25:11,2017-12-23,5,27,0,development
4175,2017-12-23 23:25:42,2017-12-23,5,27,0,development
4176,2017-12-23 23:26:12,2017-12-23,5,27,0,development
4177,2017-12-23 23:26:43,2017-12-23,5,27,0,development
4178,2017-12-23 23:27:14,2017-12-23,5,27,0,development
4179,2017-12-23 23:27:44,2017-12-23,5,27,0,development
4180,2017-12-23 23:28:15,2017-12-23,5,27,0,development
4181,2017-12-23 23:28:46,2017-12-23,5,27,0,development
4182,2017-12-23 23:29:16,2017-12-23,5,27,0,development
4183,2017-12-23 23:29:47,2017-12-23,5,27,0,development
4184,2017-12-23 23:30:18,2017-12-23,5,27,0,development
4185,2017-12-23 23:30:48,2017-12-23,5,27,0,development
4186,2017-12-23 23:31:19,2017-12-23,5,27,0,development
4187,2017-12-23 23:31:49,2017-12-23,5,27,0,development
4188,2017-12-23 23:32:20,2017-12-23,5,27,0,development
4189,2017-12-23 23:32:51,2017-12-23,5,27,0,development
4190,2017-12-23 23:33:21,2017-12-23,5,27,0,development
4191,2017-12-23 23:33:52,2017-12-23,5,27,0,development
4192,2017-12-23 23:34:23,2017-12-23,5,27,0,development
4193,2017-12-23 23:34:53,2017-12-23,5,27,0,development
4194,2017-12-23 23:35:24,2017-12-23,5,27,0,development
4195,2017-12-23 23:35:55,2017-12-23,5,27,0,development
4196,2017-12-23 23:36:25,2017-12-23,5,27,0,development
4197,2017-12-23 23:36:56,2017-12-23,5,27,0,development
4198,2017-12-23 23:37:26,2017-12-23,5,27,0,development
4199,2017-12-23 23:37:57,2017-12-23,5,27,0,development
4200,2017-12-23 23:38:28,2017-12-23,5,27,0,development
4201,2017-12-23 23:38:58,2017-12-23,5,27,0,development
4202,2017-12-23 23:39:29,2017-12-23,5,27,0,development
4203,2017-12-23 23:40:00,2017-12-23,5,27,0,development
4204,2017-12-23 23:40:30,2017-12-23,5,27,0,development
4205,2017-12-23 23:41:01,2017-12-23,5,27,0,development
4206,2017-12-23 23:41:32,2017-12-23,5,27,0,development
4207,2017-12-23 23:42:02,2017-12-23,5,27,0,development
4208,2017-12-23 23:42:33,2017-12-23,5,27,0,development
4209,2017-12-23 23:43:03,2017-12-23,5,27,0,development
4210,2017-12-23 23:43:34,2017-12-23,5,27,0,development
4211,2017-12-23 23:44:05,2017-12-23,5,27,0,development
4212,2017-12-23 23:44:35,2017-12-23,5,27,0,development
4213,2017-12-23 23:45:06,2017-12-23,5,27,0,development
4214,2017-12-23 23:45:37,2017-12-23,5,27,0,development
4215,2017-12-23 23:46:07,2017-12-23,5,27,0,development
4216,2017-12-23 23:46:38,2017-12-23,5,27,0,development
4217,2017-12-23 23:47:08,2017-12-23,5,27,0,development
4218,2017-12-23 23:47:39,2017-12-23,5,27,0,development
4219,2017-12-23 23:48:10,2017-12-23,5,27,0,development
4220,2017-12-23 23:48:40,2017-12-23,5,27,0,development
4221,2017-12-23 23:49:11,2017-12-23,5,27,0,development
4222,2017-12-23 23:49:42,2017-12-23,5,27,0,development
4223,2017-12-23 23:50:43,2017-12-23,5,27,0,development
4224,2017-12-23 23:51:14,2017-12-23,5,27,0,development
4225,2017-12-23 23:51:44,2017-12-23,5,27,0,development
4226,2017-12-23 23:52:15,2017-12-23,5,27,0,development
4227,2017-12-23 23:52:45,2017-12-23,5,27,0,development
4228,2017-12-23 23:53:16,2017-12-23,5,27,0,development
4229,2017-12-23 23:53:47,2017-12-23,5,27,0,development
4230,2017-12-23 23:54:17,2017-12-23,5,27,0,development
4231,2017-12-23 23:54:48,2017-12-23,5,27,0,development
4232,2017-12-23 23:55:19,2017-12-23,5,27,0,development
4233,2017-12-23 23:56:20,2017-12-23,5,27,0,development
4234,2017-12-23 23:56:51,2017-12-23,5,27,0,development
4235,2017-12-23 23:57:21,2017-12-23,5,27,0,development
4236,2017-12-23 23:57:52,2017-12-23,5,27,0,development
4237,2017-12-23 23:58:22,2017-12-23,5,27,0,development
4238,2017-12-23 23:58:53,2017-12-23,5,27,0,development
4239,2017-12-23 23:59:24,2017-12-23,5,27,0,development
4240,2017-12-23 23:59:54,2017-12-23,5,27,0,development
4241,2017-12-24 00:00:56,2017-12-24,5,27,0,development
4242,2017-12-24 00:01:26,2017-12-24,5,27,0,development
4243,2017-12-24 00:01:57,2017-12-24,5,27,0,development
4244,2017-12-24 00:02:28,2017-12-24,5,27,0,development
4245,2017-12-24 00:02:58,2017-12-24,5,27,0,development
4246,2017-12-24 00:03:29,2017-12-24,5,27,0,development
4247,2017-12-24 00:03:59,2017-12-24,5,27,0,development
4248,2017-12-24 00:04:30,2017-12-24,5,27,0,development
4249,2017-12-24 00:05:01,2017-12-24,5,27,0,development
4250,2017-12-24 00:05:31,2017-12-24,5,27,0,development
4251,2017-12-24 00:06:02,2017-12-24,5,27,0,development
4252,2017-12-24 00:06:33,2017-12-24,5,27,0,development
4253,2017-12-24 00:07:03,2017-12-24,5,27,0,development
4254,2017-12-24 00:07:34,2017-12-24,5,27,0,development
4255,2017-12-24 00:08:05,2017-12-24,5,27,0,development
4256,2017-12-24 00:08:35,2017-12-24,5,27,0,development
4257,2017-12-24 00:09:06,2017-12-24,5,27,0,development
4258,2017-12-24 00:09:36,2017-12-24,5,27,0,development
4259,2017-12-24 00:10:07,2017-12-24,5,27,0,development
4260,2017-12-24 00:10:38,2017-12-24,5,27,0,development
4261,2017-12-24 00:11:08,2017-12-24,5,27,0,development
4262,2017-12-24 00:11:39,2017-12-24,5,27,0,development
4263,2017-12-24 00:12:10,2017-12-24,5,27,0,development
4264,2017-12-24 00:12:40,2017-12-24,5,27,0,development
4265,2017-12-24 00:13:11,2017-12-24,5,27,0,development
4266,2017-12-24 00:13:42,2017-12-24,5,27,0,development
4267,2017-12-24 00:14:12,2017-12-24,5,27,0,development
4268,2017-12-24 00:14:43,2017-12-24,5,27,0,development
4269,2017-12-24 00:15:13,2017-12-24,5,27,0,development
4270,2017-12-24 00:15:44,2017-12-24,5,27,0,development
4271,2017-12-24 00:16:15,2017-12-24,5,27,0,development
4272,2017-12-24 00:16:45,2017-12-24,5,27,0,development
4273,2017-12-24 00:17:16,2017-12-24,5,27,0,development
4274,2017-12-24 00:17:47,2017-12-24,5,27,0,development
4275,2017-12-24 00:18:17,2017-12-24,5,27,0,development
4276,2017-12-24 00:18:48,2017-12-24,5,27,0,development
4277,2017-12-24 00:19:19,2017-12-24,5,27,0,development
4278,2017-12-24 00:19:49,2017-12-24,5,27,0,development
4279,2017-12-24 00:20:20,2017-12-24,5,27,0,development
4280,2017-12-24 00:20:50,2017-12-24,5,27,0,development
4281,2017-12-24 00:21:21,2017-12-24,5,27,0,development
4282,2017-12-24 00:21:52,2017-12-24,5,27,0,development
4283,2017-12-24 00:22:22,2017-12-24,5,27,0,development
4284,2017-12-24 00:22:53,2017-12-24,5,27,0,development
4285,2017-12-24 00:23:24,2017-12-24,5,27,0,development
4286,2017-12-24 00:23:54,2017-12-24,5,27,0,development
4287,2017-12-24 00:24:25,2017-12-24,5,27,0,development
4288,2017-12-24 00:24:56,2017-12-24,5,27,0,development
4289,2017-12-24 00:25:26,2017-12-24,5,27,0,development
4290,2017-12-24 00:25:57,2017-12-24,5,27,0,development
4291,2017-12-24 00:26:27,2017-12-24,5,27,0,development
4292,2017-12-24 00:26:58,2017-12-24,5,27,0,development
4293,2017-12-24 00:27:29,2017-12-24,5,27,0,development
4294,2017-12-24 00:27:59,2017-12-24,5,27,0,development
4295,2017-12-24 00:28:30,2017-12-24,5,27,0,development
4296,2017-12-24 00:29:01,2017-12-24,5,27,0,development
4297,2017-12-24 00:29:31,2017-12-24,5,27,0,development
4298,2017-12-24 00:30:02,2017-12-24,5,27,0,development
4299,2017-12-24 00:30:32,2017-12-24,5,27,0,development
4300,2017-12-24 00:31:03,2017-12-24,5,27,0,development
4301,2017-12-24 00:31:34,2017-12-24,5,27,0,development
4302,2017-12-24 00:32:04,2017-12-24,5,27,0,development
4303,2017-12-24 00:32:35,2017-12-24,5,27,0,development
4304,2017-12-24 00:33:06,2017-12-24,5,27,0,development
4305,2017-12-24 00:33:36,2017-12-24,5,27,0,development
4306,2017-12-24 00:34:07,2017-12-24,5,27,0,development
4307,2017-12-24 00:34:38,2017-12-24,5,27,0,development
4308,2017-12-24 00:35:08,2017-12-24,5,27,0,development
4309,2017-12-24 00:35:39,2017-12-24,5,27,0,development
4310,2017-12-24 00:36:09,2017-12-24,5,27,0,development
4311,2017-12-24 00:36:40,2017-12-24,5,27,0,development
4312,2017-12-24 00:37:11,2017-12-24,5,27,0,development
4313,2017-12-24 00:37:41,2017-12-24,5,27,0,development
4314,2017-12-24 00:38:12,2017-12-24,5,27,0,development
4315,2017-12-24 00:38:43,2017-12-24,5,27,0,development
4316,2017-12-24 00:39:13,2017-12-24,5,27,0,development
4317,2017-12-24 00:39:44,2017-12-24,5,27,0,development
4318,2017-12-24 00:40:15,2017-12-24,5,27,0,development
4319,2017-12-24 00:40:45,2017-12-24,5,27,0,development
4320,2017-12-24 00:41:16,2017-12-24,5,27,0,development
4321,2017-12-24 00:42:17,2017-12-24,5,27,0,development
4322,2017-12-24 00:42:48,2017-12-24,5,27,0,development
4323,2017-12-24 00:43:18,2017-12-24,5,27,0,development
4324,2017-12-24 00:43:49,2017-12-24,5,27,0,development
4325,2017-12-24 00:44:20,2017-12-24,5,27,0,development
4326,2017-12-24 00:44:50,2017-12-24,5,27,0,development
4327,2017-12-24 00:45:21,2017-12-24,5,27,0,development
4328,2017-12-24 00:45:52,2017-12-24,5,27,0,development
4329,2017-12-24 00:46:53,2017-12-24,5,27,0,development
4330,2017-12-24 00:47:23,2017-12-24,5,27,0,development
4331,2017-12-24 00:47:54,2017-12-24,5,27,0,development
4332,2017-12-24 00:48:25,2017-12-24,5,27,0,development
4333,2017-12-24 00:48:55,2017-12-24,5,27,0,development
4334,2017-12-24 00:49:26,2017-12-24,5,27,0,development
4335,2017-12-24 00:49:57,2017-12-24,5,27,0,development
4336,2017-12-24 00:50:27,2017-12-24,5,27,0,development
4337,2017-12-24 00:50:58,2017-12-24,5,27,0,development
4338,2017-12-24 00:51:29,2017-12-24,5,27,0,development
4339,2017-12-24 00:51:59,2017-12-24,5,27,0,development
4340,2017-12-24 00:52:30,2017-12-24,5,27,0,development
4341,2017-12-24 00:53:00,2017-12-24,5,27,0,development
4342,2017-12-24 00:53:31,2017-12-24,5,27,0,development
4343,2017-12-24 00:54:02,2017-12-24,5,27,0,development
4344,2017-12-24 00:54:32,2017-12-24,5,27,0,development
4345,2017-12-24 00:55:03,2017-12-24,5,27,0,development
4346,2017-12-24 00:55:34,2017-12-24,5,27,0,development
4347,2017-12-24 00:56:04,2017-12-24,5,27,0,development
4348,2017-12-24 00:56:35,2017-12-24,5,27,0,development
4349,2017-12-24 00:57:06,2017-12-24,5,27,0,development
4350,2017-12-24 00:57:36,2017-12-24,5,27,0,development
4351,2017-12-24 00:58:07,2017-12-24,5,27,0,development
4352,2017-12-24 00:58:37,2017-12-24,5,27,0,development
4353,2017-12-24 00:59:08,2017-12-24,5,27,0,development
4354,2017-12-24 00:59:39,2017-12-24,5,27,0,development
4355,2017-12-24 01:00:09,2017-12-24,5,27,0,development
4356,2017-12-24 01:00:40,2017-12-24,5,27,0,development
4357,2017-12-24 01:01:11,2017-12-24,5,27,0,development
4358,2017-12-24 01:01:41,2017-12-24,5,27,0,development
4359,2017-12-24 01:02:12,2017-12-24,5,27,0,development
4360,2017-12-24 01:02:42,2017-12-24,5,27,0,development
4361,2017-12-24 01:03:13,2017-12-24,5,27,0,development
4362,2017-12-24 01:03:44,2017-12-24,5,27,0,development
4363,2017-12-24 01:04:14,2017-12-24,5,27,0,development
4364,2017-12-24 01:04:45,2017-12-24,5,27,0,development
4365,2017-12-24 01:05:16,2017-12-24,5,27,0,development
4366,2017-12-24 01:05:46,2017-12-24,5,27,0,development
4367,2017-12-24 01:06:17,2017-12-24,5,27,0,development
4368,2017-12-24 01:06:48,2017-12-24,5,27,0,development
4369,2017-12-24 01:07:18,2017-12-24,5,27,0,development
4370,2017-12-24 01:07:49,2017-12-24,5,27,0,development
4371,2017-12-24 01:08:19,2017-12-24,5,27,0,development
4372,2017-12-24 01:08:50,2017-12-24,5,27,0,development
4373,2017-12-24 01:09:21,2017-12-24,5,27,0,development
4374,2017-12-24 01:09:51,2017-12-24,5,27,0,development
4375,2017-12-24 01:10:22,2017-12-24,5,27,0,development
4376,2017-12-24 01:10:53,2017-12-24,5,27,0,development
4377,2017-12-24 01:11:23,2017-12-24,5,27,0,development
4378,2017-12-24 01:11:54,2017-12-24,5,27,0,development
4379,2017-12-24 01:12:25,2017-12-24,5,27,0,development
4380,2017-12-24 01:12:55,2017-12-24,5,27,0,development
4381,2017-12-24 01:13:26,2017-12-24,5,27,0,development
4382,2017-12-24 01:13:56,2017-12-24,5,27,0,development
4383,2017-12-24 01:14:27,2017-12-24,5,27,0,development
4384,2017-12-24 01:14:58,2017-12-24,5,27,0,development
4385,2017-12-24 01:15:28,2017-12-24,5,27,0,development
4386,2017-12-24 01:15:59,2017-12-24,5,27,0,development
4387,2017-12-24 01:16:30,2017-12-24,5,27,0,development
4388,2017-12-24 01:17:00,2017-12-24,5,27,0,development
4389,2017-12-24 01:17:31,2017-12-24,5,27,0,development
4390,2017-12-24 01:18:02,2017-12-24,5,27,0,development
4391,2017-12-24 01:18:32,2017-12-24,5,27,0,development
4392,2017-12-24 01:19:03,2017-12-24,5,27,0,development
4393,2017-12-24 01:19:33,2017-12-24,5,27,0,development
4394,2017-12-24 01:20:04,2017-12-24,5,27,0,development
4395,2017-12-24 01:20:35,2017-12-24,5,27,0,development
4396,2017-12-24 01:21:05,2017-12-24,5,27,0,development
4397,2017-12-24 01:21:36,2017-12-24,5,27,0,development
4398,2017-12-24 01:22:07,2017-12-24,5,27,0,development
4399,2017-12-24 01:22:37,2017-12-24,5,27,0,development
4400,2017-12-24 01:23:08,2017-12-24,5,27,0,development
4401,2017-12-24 01:23:39,2017-12-24,5,27,0,development
4402,2017-12-24 01:24:09,2017-12-24,5,27,0,development
4403,2017-12-24 01:24:40,2017-12-24,5,27,0,development
4404,2017-12-24 01:25:10,2017-12-24,5,27,0,development
4405,2017-12-24 01:25:41,2017-12-24,5,27,0,development
4406,2017-12-24 01:26:12,2017-12-24,5,27,0,development
4407,2017-12-24 01:26:42,2017-12-24,5,27,0,development
4408,2017-12-24 01:27:13,2017-12-24,5,27,0,development
4409,2017-12-24 01:27:44,2017-12-24,5,27,0,development
4410,2017-12-24 01:28:14,2017-12-24,5,27,0,development
4411,2017-12-24 01:28:45,2017-12-24,5,27,0,development
4412,2017-12-24 01:29:16,2017-12-24,5,27,0,development
4413,2017-12-24 01:29:46,2017-12-24,5,27,0,development
4414,2017-12-24 01:30:17,2017-12-24,5,27,0,development
4415,2017-12-24 01:30:47,2017-12-24,5,27,0,development
4416,2017-12-24 01:31:18,2017-12-24,5,27,0,development
4417,2017-12-24 01:31:49,2017-12-24,5,27,0,development
4418,2017-12-24 01:32:19,2017-12-24,5,27,0,development
4419,2017-12-24 01:32:50,2017-12-24,5,27,0,development
4420,2017-12-24 01:33:21,2017-12-24,5,27,0,development
4421,2017-12-24 01:33:51,2017-12-24,5,27,0,development
4422,2017-12-24 01:34:22,2017-12-24,5,27,0,development
4423,2017-12-24 01:34:53,2017-12-24,5,27,0,development
4424,2017-12-24 01:35:23,2017-12-24,5,27,0,development
4425,2017-12-24 01:35:54,2017-12-24,5,27,0,development
4426,2017-12-24 01:36:24,2017-12-24,5,27,0,development
4427,2017-12-24 01:36:55,2017-12-24,5,27,0,development
4428,2017-12-24 01:37:26,2017-12-24,5,27,0,development
4429,2017-12-24 01:37:56,2017-12-24,5,27,0,development
4430,2017-12-24 01:38:27,2017-12-24,5,27,0,development
4431,2017-12-24 01:38:58,2017-12-24,5,27,0,development
4432,2017-12-24 01:39:28,2017-12-24,5,27,0,development
4433,2017-12-24 01:39:59,2017-12-24,5,27,0,development
4434,2017-12-24 01:40:29,2017-12-24,5,27,0,development
4435,2017-12-24 01:41:00,2017-12-24,5,27,0,development
4436,2017-12-24 01:41:31,2017-12-24,5,27,0,development
4437,2017-12-24 01:42:32,2017-12-24,5,27,0,development
4438,2017-12-24 01:43:03,2017-12-24,5,27,0,development
4439,2017-12-24 01:43:33,2017-12-24,5,27,0,development
4440,2017-12-24 01:44:04,2017-12-24,5,27,0,development
4441,2017-12-24 01:44:35,2017-12-24,5,27,0,development
4442,2017-12-24 01:45:05,2017-12-24,5,27,0,development
4443,2017-12-24 01:45:36,2017-12-24,5,27,0,development
4444,2017-12-24 01:46:06,2017-12-24,5,27,0,development
4445,2017-12-24 01:46:37,2017-12-24,5,27,0,development
4446,2017-12-24 01:47:08,2017-12-24,5,27,0,development
4447,2017-12-24 01:47:38,2017-12-24,5,27,0,development
4448,2017-12-24 01:48:09,2017-12-24,5,27,0,development
4449,2017-12-24 01:48:40,2017-12-24,5,27,0,development
4450,2017-12-24 01:49:10,2017-12-24,5,27,0,development
4451,2017-12-24 01:49:41,2017-12-24,5,27,0,development
4452,2017-12-24 01:50:12,2017-12-24,5,27,0,development
4453,2017-12-24 01:50:42,2017-12-24,5,27,0,development
4454,2017-12-24 01:51:13,2017-12-24,5,27,0,development
4455,2017-12-24 01:51:43,2017-12-24,5,27,0,development
4456,2017-12-24 01:52:14,2017-12-24,5,27,0,development
4457,2017-12-24 01:52:45,2017-12-24,5,27,0,development
4458,2017-12-24 01:53:15,2017-12-24,5,27,0,development
4459,2017-12-24 01:53:46,2017-12-24,5,27,0,development
4460,2017-12-24 01:54:17,2017-12-24,5,27,0,development
4461,2017-12-24 01:54:47,2017-12-24,5,27,0,development
4462,2017-12-24 01:55:18,2017-12-24,5,27,0,development
4463,2017-12-24 01:55:49,2017-12-24,5,27,0,development
4464,2017-12-24 01:56:19,2017-12-24,5,27,0,development
4465,2017-12-24 01:56:50,2017-12-24,5,27,0,development
4466,2017-12-24 01:57:20,2017-12-24,5,27,0,development
4467,2017-12-24 01:57:51,2017-12-24,5,27,0,development
4468,2017-12-24 01:58:22,2017-12-24,5,27,0,development
4469,2017-12-24 01:58:52,2017-12-24,5,27,0,development
4470,2017-12-24 01:59:23,2017-12-24,5,27,0,development
4471,2017-12-24 01:59:54,2017-12-24,5,27,0,development
4472,2017-12-24 02:00:24,2017-12-24,5,27,0,development
4473,2017-12-24 02:00:55,2017-12-24,5,27,0,development
4474,2017-12-24 02:01:26,2017-12-24,5,27,0,development
4475,2017-12-24 02:01:56,2017-12-24,5,27,0,development
4476,2017-12-24 02:02:27,2017-12-24,5,27,0,development
4477,2017-12-24 02:02:57,2017-12-24,5,27,0,development
4478,2017-12-24 02:03:28,2017-12-24,5,27,0,development
4479,2017-12-24 02:03:59,2017-12-24,5,27,0,development
4480,2017-12-24 02:04:29,2017-12-24,5,27,0,development
4481,2017-12-24 02:05:00,2017-12-24,5,27,0,development
4482,2017-12-24 02:05:31,2017-12-24,5,27,0,development
4483,2017-12-24 02:06:01,2017-12-24,5,27,0,development
4484,2017-12-24 02:06:32,2017-12-24,5,27,0,development
4485,2017-12-24 02:07:03,2017-12-24,5,27,0,development
4486,2017-12-24 02:07:33,2017-12-24,5,27,0,development
4487,2017-12-24 02:08:04,2017-12-24,5,27,0,development
4488,2017-12-24 02:08:34,2017-12-24,5,27,0,development
4489,2017-12-24 02:09:05,2017-12-24,5,27,0,development
4490,2017-12-24 02:09:36,2017-12-24,5,27,0,development
4491,2017-12-24 02:10:06,2017-12-24,5,27,0,development
4492,2017-12-24 02:10:37,2017-12-24,5,27,0,development
4493,2017-12-24 02:11:08,2017-12-24,5,27,0,development
4494,2017-12-24 02:11:38,2017-12-24,5,27,0,development
4495,2017-12-24 02:12:09,2017-12-24,5,27,0,development
4496,2017-12-24 02:12:39,2017-12-24,5,27,0,development
4497,2017-12-24 02:13:10,2017-12-24,5,27,0,development
4498,2017-12-24 02:13:41,2017-12-24,5,27,0,development
4499,2017-12-24 02:14:11,2017-12-24,5,27,0,development
4500,2017-12-24 02:14:42,2017-12-24,5,27,0,development
4501,2017-12-24 02:15:13,2017-12-24,5,27,0,development
4502,2017-12-24 02:15:43,2017-12-24,5,27,0,development
4503,2017-12-24 02:16:14,2017-12-24,5,27,0,development
4504,2017-12-24 02:16:45,2017-12-24,5,27,0,development
4505,2017-12-24 02:17:15,2017-12-24,5,27,0,development
4506,2017-12-24 02:17:46,2017-12-24,5,27,0,development
4507,2017-12-24 02:18:16,2017-12-24,5,27,0,development
4508,2017-12-24 02:18:47,2017-12-24,5,27,0,development
4509,2017-12-24 02:19:18,2017-12-24,5,27,0,development
4510,2017-12-24 02:19:48,2017-12-24,5,27,0,development
4511,2017-12-24 02:20:19,2017-12-24,5,27,0,development
4512,2017-12-24 02:20:50,2017-12-24,5,27,0,development
4513,2017-12-24 02:21:20,2017-12-24,5,27,0,development
4514,2017-12-24 02:21:51,2017-12-24,5,27,0,development
4515,2017-12-24 02:22:22,2017-12-24,5,27,0,development
4516,2017-12-24 02:22:52,2017-12-24,5,27,0,development
4517,2017-12-24 02:23:23,2017-12-24,5,27,0,development
4518,2017-12-24 02:23:53,2017-12-24,5,27,0,development
4519,2017-12-24 02:24:24,2017-12-24,5,27,0,development
4520,2017-12-24 02:24:55,2017-12-24,5,27,0,development
4521,2017-12-24 02:25:25,2017-12-24,5,27,0,development
4522,2017-12-24 02:25:56,2017-12-24,5,27,0,development
4523,2017-12-24 02:26:27,2017-12-24,5,27,0,development
4524,2017-12-24 02:26:57,2017-12-24,5,27,0,development
4525,2017-12-24 02:27:28,2017-12-24,5,27,0,development
4526,2017-12-24 02:27:59,2017-12-24,5,27,0,development
4527,2017-12-24 02:28:29,2017-12-24,5,27,0,development
4528,2017-12-24 02:29:00,2017-12-24,5,27,0,development
4529,2017-12-24 02:29:30,2017-12-24,5,27,0,development
4530,2017-12-24 02:30:01,2017-12-24,5,27,0,development
4531,2017-12-24 02:30:32,2017-12-24,5,27,0,development
4532,2017-12-24 02:31:02,2017-12-24,5,27,0,development
4533,2017-12-24 02:31:33,2017-12-24,5,27,0,development
4534,2017-12-24 02:32:04,2017-12-24,5,27,0,development
4535,2017-12-24 02:32:34,2017-12-24,5,27,0,development
4536,2017-12-24 02:33:05,2017-12-24,5,27,0,development
4537,2017-12-24 02:33:36,2017-12-24,5,27,0,development
4538,2017-12-24 02:34:06,2017-12-24,5,27,0,development
4539,2017-12-24 02:34:37,2017-12-24,5,27,0,development
4540,2017-12-24 02:35:07,2017-12-24,5,27,0,development
4541,2017-12-24 02:35:38,2017-12-24,5,27,0,development
4542,2017-12-24 02:36:09,2017-12-24,5,27,0,development
4543,2017-12-24 02:36:39,2017-12-24,5,27,0,development
4544,2017-12-24 02:37:10,2017-12-24,5,27,0,development
4545,2017-12-24 02:37:41,2017-12-24,5,27,0,development
4546,2017-12-24 02:38:11,2017-12-24,5,27,0,development
4547,2017-12-24 02:38:42,2017-12-24,5,27,0,development
4548,2017-12-24 02:39:13,2017-12-24,5,27,0,development
4549,2017-12-24 02:40:14,2017-12-24,5,27,0,development
4550,2017-12-24 02:40:44,2017-12-24,5,27,0,development
4551,2017-12-24 02:41:15,2017-12-24,5,27,0,development
4552,2017-12-24 02:41:46,2017-12-24,5,27,0,development
4553,2017-12-24 02:42:16,2017-12-24,5,27,0,development
4554,2017-12-24 02:42:47,2017-12-24,5,27,0,development
4555,2017-12-24 02:43:18,2017-12-24,5,27,0,development
4556,2017-12-24 02:43:48,2017-12-24,5,27,0,development
4557,2017-12-24 02:44:19,2017-12-24,5,27,0,development
4558,2017-12-24 02:44:49,2017-12-24,5,27,0,development
4559,2017-12-24 02:45:20,2017-12-24,5,27,0,development
4560,2017-12-24 02:45:51,2017-12-24,5,27,0,development
4561,2017-12-24 02:46:21,2017-12-24,5,27,0,development
4562,2017-12-24 02:46:52,2017-12-24,5,27,0,development
4563,2017-12-24 02:47:23,2017-12-24,5,27,0,development
4564,2017-12-24 02:47:53,2017-12-24,5,27,0,development
4565,2017-12-24 02:48:24,2017-12-24,5,27,0,development
4566,2017-12-24 02:48:55,2017-12-24,5,27,0,development
4567,2017-12-24 02:49:25,2017-12-24,5,27,0,development
4568,2017-12-24 02:49:56,2017-12-24,5,27,0,development
4569,2017-12-24 02:50:26,2017-12-24,5,27,0,development
4570,2017-12-24 02:50:57,2017-12-24,5,27,0,development
4571,2017-12-24 02:51:28,2017-12-24,5,27,0,development
4572,2017-12-24 02:51:58,2017-12-24,5,27,0,development
4573,2017-12-24 02:52:29,2017-12-24,5,27,0,development
4574,2017-12-24 02:53:00,2017-12-24,5,27,0,development
4575,2017-12-24 02:53:30,2017-12-24,5,27,0,development
4576,2017-12-24 02:54:01,2017-12-24,5,27,0,development
4577,2017-12-24 02:54:32,2017-12-24,5,27,0,development
4578,2017-12-24 02:55:02,2017-12-24,5,27,0,development
4579,2017-12-24 02:55:33,2017-12-24,5,27,0,development
4580,2017-12-24 02:56:03,2017-12-24,5,27,0,development
4581,2017-12-24 02:56:34,2017-12-24,5,27,0,development
4582,2017-12-24 02:57:05,2017-12-24,5,27,0,development
4583,2017-12-24 02:57:35,2017-12-24,5,27,0,development
4584,2017-12-24 02:58:06,2017-12-24,5,27,0,development
4585,2017-12-24 02:58:37,2017-12-24,5,27,0,development
4586,2017-12-24 02:59:07,2017-12-24,5,27,0,development
4587,2017-12-24 02:59:38,2017-12-24,5,27,0,development
4588,2017-12-24 03:00:09,2017-12-24,5,27,0,development
4589,2017-12-24 03:00:39,2017-12-24,5,27,0,development
4590,2017-12-24 03:01:10,2017-12-24,5,27,0,development
4591,2017-12-24 03:01:40,2017-12-24,5,27,0,development
4592,2017-12-24 03:02:11,2017-12-24,5,27,0,development
4593,2017-12-24 03:02:42,2017-12-24,5,27,0,development
4594,2017-12-24 03:03:12,2017-12-24,5,27,0,development
4595,2017-12-24 03:03:43,2017-12-24,5,27,0,development
4596,2017-12-24 03:04:14,2017-12-24,5,27,0,development
4597,2017-12-24 03:04:44,2017-12-24,5,27,0,development
4598,2017-12-24 03:05:15,2017-12-24,5,27,0,development
4599,2017-12-24 03:05:46,2017-12-24,5,27,0,development
4600,2017-12-24 03:06:16,2017-12-24,5,27,0,development
4601,2017-12-24 03:06:47,2017-12-24,5,27,0,development
4602,2017-12-24 03:07:17,2017-12-24,5,27,0,development
4603,2017-12-24 03:07:48,2017-12-24,5,27,0,development
4604,2017-12-24 03:08:19,2017-12-24,5,27,0,development
4605,2017-12-24 03:08:49,2017-12-24,5,27,0,development
4606,2017-12-24 03:09:20,2017-12-24,5,27,0,development
4607,2017-12-24 03:09:51,2017-12-24,5,27,0,development
4608,2017-12-24 03:10:21,2017-12-24,5,27,0,development
4609,2017-12-24 03:10:52,2017-12-24,5,27,0,development
4610,2017-12-24 03:11:23,2017-12-24,5,27,0,development
4611,2017-12-24 03:11:53,2017-12-24,5,27,0,development
4612,2017-12-24 03:12:24,2017-12-24,5,27,0,development
4613,2017-12-24 03:12:54,2017-12-24,5,27,0,development
4614,2017-12-24 03:13:25,2017-12-24,5,27,0,development
4615,2017-12-24 03:13:56,2017-12-24,5,27,0,development
4616,2017-12-24 03:14:26,2017-12-24,5,27,0,development
4617,2017-12-24 03:14:57,2017-12-24,5,27,0,development
4618,2017-12-24 03:15:28,2017-12-24,5,27,0,development
4619,2017-12-24 03:15:58,2017-12-24,5,27,0,development
4620,2017-12-24 03:16:29,2017-12-24,5,27,0,development
4621,2017-12-24 03:16:59,2017-12-24,5,27,0,development
4622,2017-12-24 03:17:30,2017-12-24,5,27,0,development
4623,2017-12-24 03:18:01,2017-12-24,5,27,0,development
4624,2017-12-24 03:18:31,2017-12-24,5,27,0,development
4625,2017-12-24 03:19:02,2017-12-24,5,27,0,development
4626,2017-12-24 03:19:33,2017-12-24,5,27,0,development
4627,2017-12-24 03:20:03,2017-12-24,5,27,0,development
4628,2017-12-24 03:20:34,2017-12-24,5,27,0,development
4629,2017-12-24 03:21:05,2017-12-24,5,27,0,development
4630,2017-12-24 03:21:35,2017-12-24,5,27,0,development
4631,2017-12-24 03:22:06,2017-12-24,5,27,0,development
4632,2017-12-24 03:22:36,2017-12-24,5,27,0,development
4633,2017-12-24 03:23:07,2017-12-24,5,27,0,development
4634,2017-12-24 03:23:38,2017-12-24,5,27,0,development
4635,2017-12-24 03:24:08,2017-12-24,5,27,0,development
4636,2017-12-24 03:24:39,2017-12-24,5,27,0,development
4637,2017-12-24 03:25:10,2017-12-24,5,27,0,development
4638,2017-12-24 03:25:40,2017-12-24,5,27,0,development
4639,2017-12-24 03:26:11,2017-12-24,5,27,0,development
4640,2017-12-24 03:26:42,2017-12-24,5,27,0,development
4641,2017-12-24 03:27:12,2017-12-24,5,27,0,development
4642,2017-12-24 03:27:43,2017-12-24,5,27,0,development
4643,2017-12-24 03:28:44,2017-12-24,5,27,0,development
4644,2017-12-24 03:29:15,2017-12-24,5,27,0,development
4645,2017-12-24 03:29:45,2017-12-24,5,27,0,development
4646,2017-12-24 03:30:16,2017-12-24,5,27,0,development
4647,2017-12-24 03:30:47,2017-12-24,5,27,0,development
4648,2017-12-24 03:31:17,2017-12-24,5,27,0,development
4649,2017-12-24 03:31:48,2017-12-24,5,27,0,development
4650,2017-12-24 03:32:19,2017-12-24,5,27,0,development
4651,2017-12-24 03:32:49,2017-12-24,5,27,0,development
4652,2017-12-24 03:33:20,2017-12-24,5,27,0,development
4653,2017-12-24 03:33:50,2017-12-24,5,27,0,development
4654,2017-12-24 03:34:21,2017-12-24,5,27,0,development
4655,2017-12-24 03:34:52,2017-12-24,5,27,0,development
4656,2017-12-24 03:35:53,2017-12-24,5,27,0,development
4657,2017-12-24 03:36:24,2017-12-24,5,27,0,development
4658,2017-12-24 03:36:54,2017-12-24,5,27,0,development
4659,2017-12-24 03:37:25,2017-12-24,5,27,0,development
4660,2017-12-24 03:37:56,2017-12-24,5,27,0,development
4661,2017-12-24 03:38:26,2017-12-24,5,27,0,development
4662,2017-12-24 03:38:57,2017-12-24,5,27,0,development
4663,2017-12-24 03:39:27,2017-12-24,5,27,0,development
4664,2017-12-24 03:39:58,2017-12-24,5,27,0,development
4665,2017-12-24 03:40:29,2017-12-24,5,27,0,development
4666,2017-12-24 03:40:59,2017-12-24,5,27,0,development
4667,2017-12-24 03:41:30,2017-12-24,5,27,0,development
4668,2017-12-24 03:42:01,2017-12-24,5,27,0,development
4669,2017-12-24 03:42:31,2017-12-24,5,27,0,development
4670,2017-12-24 03:43:02,2017-12-24,5,27,0,development
4671,2017-12-24 03:43:33,2017-12-24,5,27,0,development
4672,2017-12-24 03:44:03,2017-12-24,5,27,0,development
4673,2017-12-24 03:44:34,2017-12-24,5,27,0,development
4674,2017-12-24 03:45:04,2017-12-24,5,27,0,development
4675,2017-12-24 03:45:35,2017-12-24,5,27,0,development
4676,2017-12-24 03:46:06,2017-12-24,5,27,0,development
4677,2017-12-24 03:46:36,2017-12-24,5,27,0,development
4678,2017-12-24 03:47:07,2017-12-24,5,27,0,development
4679,2017-12-24 03:47:38,2017-12-24,5,27,0,development
4680,2017-12-24 03:48:08,2017-12-24,5,27,0,development
4681,2017-12-24 03:48:39,2017-12-24,5,27,0,development
4682,2017-12-24 03:49:09,2017-12-24,5,27,0,development
4683,2017-12-24 03:49:40,2017-12-24,5,27,0,development
4684,2017-12-24 03:50:11,2017-12-24,5,27,0,development
4685,2017-12-24 03:50:41,2017-12-24,5,27,0,development
4686,2017-12-24 03:51:12,2017-12-24,5,27,0,development
4687,2017-12-24 03:51:43,2017-12-24,5,27,0,development
4688,2017-12-24 03:52:13,2017-12-24,5,27,0,development
4689,2017-12-24 03:52:44,2017-12-24,5,27,0,development
4690,2017-12-24 03:53:15,2017-12-24,5,27,0,development
4691,2017-12-24 03:53:45,2017-12-24,5,27,0,development
4692,2017-12-24 03:54:16,2017-12-24,5,27,0,development
4693,2017-12-24 03:54:46,2017-12-24,5,27,0,development
4694,2017-12-24 03:55:17,2017-12-24,5,27,0,development
4695,2017-12-24 03:55:48,2017-12-24,5,27,0,development
4696,2017-12-24 03:56:18,2017-12-24,5,27,0,development
4697,2017-12-24 03:56:49,2017-12-24,5,27,0,development
4698,2017-12-24 03:57:20,2017-12-24,5,27,0,development
4699,2017-12-24 03:57:50,2017-12-24,5,27,0,development
4700,2017-12-24 03:58:21,2017-12-24,5,27,0,development
4701,2017-12-24 03:58:52,2017-12-24,5,27,0,development
4702,2017-12-24 03:59:22,2017-12-24,5,27,0,development
4703,2017-12-24 03:59:53,2017-12-24,5,27,0,development
4704,2017-12-24 04:00:23,2017-12-24,5,27,0,development
4705,2017-12-24 04:00:54,2017-12-24,5,27,0,development
4706,2017-12-24 04:01:25,2017-12-24,5,27,0,development
4707,2017-12-24 04:01:55,2017-12-24,5,27,0,development
4708,2017-12-24 04:02:26,2017-12-24,5,27,0,development
4709,2017-12-24 04:02:57,2017-12-24,5,27,0,development
4710,2017-12-24 04:03:27,2017-12-24,5,27,0,development
4711,2017-12-24 04:03:58,2017-12-24,5,27,0,development
4712,2017-12-24 04:04:29,2017-12-24,5,27,0,development
4713,2017-12-24 04:04:59,2017-12-24,5,27,0,development
4714,2017-12-24 04:05:30,2017-12-24,5,27,0,development
4715,2017-12-24 04:06:00,2017-12-24,5,27,0,development
4716,2017-12-24 04:06:31,2017-12-24,5,27,0,development
4717,2017-12-24 04:07:02,2017-12-24,5,27,0,development
4718,2017-12-24 04:07:32,2017-12-24,5,27,0,development
4719,2017-12-24 04:08:03,2017-12-24,5,27,0,development
4720,2017-12-24 04:08:34,2017-12-24,5,27,0,development
4721,2017-12-24 04:09:04,2017-12-24,5,27,0,development
4722,2017-12-24 04:09:35,2017-12-24,5,27,0,development
4723,2017-12-24 04:10:06,2017-12-24,5,27,0,development
4724,2017-12-24 04:10:36,2017-12-24,5,27,0,development
4725,2017-12-24 04:11:07,2017-12-24,5,27,0,development
4726,2017-12-24 04:11:37,2017-12-24,5,27,0,development
4727,2017-12-24 04:12:08,2017-12-24,5,27,0,development
4728,2017-12-24 04:12:39,2017-12-24,5,27,0,development
4729,2017-12-24 04:13:09,2017-12-24,5,27,0,development
4730,2017-12-24 04:13:40,2017-12-24,5,27,0,development
4731,2017-12-24 04:14:11,2017-12-24,5,27,0,development
4732,2017-12-24 04:14:41,2017-12-24,5,27,0,development
4733,2017-12-24 04:15:12,2017-12-24,5,27,0,development
4734,2017-12-24 04:15:43,2017-12-24,5,27,0,development
4735,2017-12-24 04:16:13,2017-12-24,5,27,0,development
4736,2017-12-24 04:16:44,2017-12-24,5,27,0,development
4737,2017-12-24 04:17:14,2017-12-24,5,27,0,development
4738,2017-12-24 04:17:45,2017-12-24,5,27,0,development
4739,2017-12-24 04:18:16,2017-12-24,5,27,0,development
4740,2017-12-24 04:18:46,2017-12-24,5,27,0,development
4741,2017-12-24 04:19:17,2017-12-24,5,27,0,development
4742,2017-12-24 04:19:48,2017-12-24,5,27,0,development
4743,2017-12-24 04:20:18,2017-12-24,5,27,0,development
4744,2017-12-24 04:20:49,2017-12-24,5,27,0,development
4745,2017-12-24 04:21:19,2017-12-24,5,27,0,development
4746,2017-12-24 04:21:50,2017-12-24,5,27,0,development
4747,2017-12-24 04:22:21,2017-12-24,5,27,0,development
4748,2017-12-24 04:22:51,2017-12-24,5,27,0,development
4749,2017-12-24 04:23:22,2017-12-24,5,27,0,development
4750,2017-12-24 04:23:53,2017-12-24,5,27,0,development
4751,2017-12-24 04:24:23,2017-12-24,5,27,0,development
4752,2017-12-24 04:24:54,2017-12-24,5,27,0,development
4753,2017-12-24 04:25:25,2017-12-24,5,27,0,development
4754,2017-12-24 04:25:55,2017-12-24,5,27,0,development
4755,2017-12-24 04:26:26,2017-12-24,5,27,0,development
4756,2017-12-24 04:26:56,2017-12-24,5,27,0,development
4757,2017-12-24 04:27:27,2017-12-24,5,27,0,development
4758,2017-12-24 04:27:58,2017-12-24,5,27,0,development
4759,2017-12-24 04:28:28,2017-12-24,5,27,0,development
4760,2017-12-24 04:28:59,2017-12-24,5,27,0,development
4761,2017-12-24 04:29:30,2017-12-24,5,27,0,development
4762,2017-12-24 04:30:00,2017-12-24,5,27,0,development
4763,2017-12-24 04:30:31,2017-12-24,5,27,0,development
4764,2017-12-24 04:31:02,2017-12-24,5,27,0,development
4765,2017-12-24 04:31:32,2017-12-24,5,27,0,development
4766,2017-12-24 04:32:03,2017-12-24,5,27,0,development
4767,2017-12-24 04:33:04,2017-12-24,5,27,0,development
4768,2017-12-24 04:33:35,2017-12-24,5,27,0,development
4769,2017-12-24 04:34:05,2017-12-24,5,27,0,development
4770,2017-12-24 04:34:36,2017-12-24,5,27,0,development
4771,2017-12-24 04:35:07,2017-12-24,5,27,0,development
4772,2017-12-24 04:35:37,2017-12-24,5,27,0,development
4773,2017-12-24 04:36:08,2017-12-24,5,27,0,development
4774,2017-12-24 04:36:39,2017-12-24,5,27,0,development
4775,2017-12-24 04:37:09,2017-12-24,5,27,0,development
4776,2017-12-24 04:37:40,2017-12-24,5,27,0,development
4777,2017-12-24 04:38:10,2017-12-24,5,27,0,development
4778,2017-12-24 04:38:41,2017-12-24,5,27,0,development
4779,2017-12-24 04:39:12,2017-12-24,5,27,0,development
4780,2017-12-24 04:39:42,2017-12-24,5,27,0,development
4781,2017-12-24 04:40:13,2017-12-24,5,27,0,development
4782,2017-12-24 04:40:44,2017-12-24,5,27,0,development
4783,2017-12-24 04:41:14,2017-12-24,5,27,0,development
4784,2017-12-24 04:41:45,2017-12-24,5,27,0,development
4785,2017-12-24 04:42:16,2017-12-24,5,27,0,development
4786,2017-12-24 04:42:46,2017-12-24,5,27,0,development
4787,2017-12-24 04:43:17,2017-12-24,5,27,0,development
4788,2017-12-24 04:44:18,2017-12-24,5,27,0,development
4789,2017-12-24 04:44:49,2017-12-24,5,27,0,development
4790,2017-12-24 04:45:19,2017-12-24,5,27,0,development
4791,2017-12-24 04:45:50,2017-12-24,5,27,0,development
4792,2017-12-24 04:46:21,2017-12-24,5,27,0,development
4793,2017-12-24 04:46:51,2017-12-24,5,27,0,development
4794,2017-12-24 04:47:22,2017-12-24,5,27,0,development
4795,2017-12-24 04:47:53,2017-12-24,5,27,0,development
4796,2017-12-24 04:48:23,2017-12-24,5,27,0,development
4797,2017-12-24 04:48:54,2017-12-24,5,27,0,development
4798,2017-12-24 04:49:24,2017-12-24,5,27,0,development
4799,2017-12-24 04:49:55,2017-12-24,5,27,0,development
4800,2017-12-24 04:50:26,2017-12-24,5,27,0,development
4801,2017-12-24 04:50:56,2017-12-24,5,27,0,development
4802,2017-12-24 04:51:27,2017-12-24,5,27,0,development
4803,2017-12-24 04:51:58,2017-12-24,5,27,0,development
4804,2017-12-24 04:52:28,2017-12-24,5,27,0,development
4805,2017-12-24 04:52:59,2017-12-24,5,27,0,development
4806,2017-12-24 04:53:30,2017-12-24,5,27,0,development
4807,2017-12-24 04:54:00,2017-12-24,5,27,0,development
4808,2017-12-24 04:54:31,2017-12-24,5,27,0,development
4809,2017-12-24 04:55:01,2017-12-24,5,27,0,development
4810,2017-12-24 04:55:32,2017-12-24,5,27,0,development
4811,2017-12-24 04:56:03,2017-12-24,5,27,0,development
4812,2017-12-24 04:56:33,2017-12-24,5,27,0,development
4813,2017-12-24 04:57:04,2017-12-24,5,27,0,development
4814,2017-12-24 04:57:35,2017-12-24,5,27,0,development
4815,2017-12-24 04:58:05,2017-12-24,5,27,0,development
4816,2017-12-24 04:58:36,2017-12-24,5,27,0,development
4817,2017-12-24 04:59:07,2017-12-24,5,27,0,development
4818,2017-12-24 04:59:37,2017-12-24,5,27,0,development
4819,2017-12-24 05:00:08,2017-12-24,5,27,0,development
4820,2017-12-24 05:00:38,2017-12-24,5,27,0,development
4821,2017-12-24 05:01:09,2017-12-24,5,27,0,development
4822,2017-12-24 05:01:40,2017-12-24,5,27,0,development
4823,2017-12-24 05:02:10,2017-12-24,5,27,0,development
4824,2017-12-24 05:02:41,2017-12-24,5,27,0,development
4825,2017-12-24 05:03:12,2017-12-24,5,27,0,development
4826,2017-12-24 05:03:42,2017-12-24,5,27,0,development
4827,2017-12-24 05:04:13,2017-12-24,5,27,0,development
4828,2017-12-24 05:04:43,2017-12-24,5,27,0,development
4829,2017-12-24 05:05:14,2017-12-24,5,27,0,development
4830,2017-12-24 05:05:45,2017-12-24,5,27,0,development
4831,2017-12-24 05:06:15,2017-12-24,5,27,0,development
4832,2017-12-24 05:06:46,2017-12-24,5,27,0,development
4833,2017-12-24 05:07:17,2017-12-24,5,27,0,development
4834,2017-12-24 05:07:47,2017-12-24,5,27,0,development
4835,2017-12-24 05:08:18,2017-12-24,5,27,0,development
4836,2017-12-24 05:08:49,2017-12-24,5,27,0,development
4837,2017-12-24 05:09:19,2017-12-24,5,27,0,development
4838,2017-12-24 05:09:50,2017-12-24,5,27,0,development
4839,2017-12-24 05:10:20,2017-12-24,5,27,0,development
4840,2017-12-24 05:10:51,2017-12-24,5,27,0,development
4841,2017-12-24 05:11:22,2017-12-24,5,27,0,development
4842,2017-12-24 05:11:52,2017-12-24,5,27,0,development
4843,2017-12-24 05:12:23,2017-12-24,5,27,0,development
4844,2017-12-24 05:12:54,2017-12-24,5,27,0,development
4845,2017-12-24 05:13:24,2017-12-24,5,27,0,development
4846,2017-12-24 05:13:55,2017-12-24,5,27,0,development
4847,2017-12-24 05:14:26,2017-12-24,5,27,0,development
4848,2017-12-24 05:14:56,2017-12-24,5,27,0,development
4849,2017-12-24 05:15:27,2017-12-24,5,27,0,development
4850,2017-12-24 05:15:57,2017-12-24,5,27,0,development
4851,2017-12-24 05:16:28,2017-12-24,5,27,0,development
4852,2017-12-24 05:16:59,2017-12-24,5,27,0,development
4853,2017-12-24 05:17:29,2017-12-24,5,27,0,development
4854,2017-12-24 05:18:00,2017-12-24,5,27,0,development
4855,2017-12-24 05:18:31,2017-12-24,5,27,0,development
4856,2017-12-24 05:19:01,2017-12-24,5,27,0,development
4857,2017-12-24 05:19:32,2017-12-24,5,27,0,development
4858,2017-12-24 05:20:03,2017-12-24,5,27,0,development
4859,2017-12-24 05:20:33,2017-12-24,5,27,0,development
4860,2017-12-24 05:21:04,2017-12-24,5,27,0,development
4861,2017-12-24 05:21:34,2017-12-24,5,27,0,development
4862,2017-12-24 05:22:05,2017-12-24,5,27,0,development
4863,2017-12-24 05:22:36,2017-12-24,5,27,0,development
4864,2017-12-24 05:23:06,2017-12-24,5,27,0,development
4865,2017-12-24 05:23:37,2017-12-24,5,27,0,development
4866,2017-12-24 05:24:08,2017-12-24,5,27,0,development
4867,2017-12-24 05:24:38,2017-12-24,5,27,0,development
4868,2017-12-24 05:25:09,2017-12-24,5,27,0,development
4869,2017-12-24 05:25:40,2017-12-24,5,27,0,development
4870,2017-12-24 05:26:10,2017-12-24,5,27,0,development
4871,2017-12-24 05:26:41,2017-12-24,5,27,0,development
4872,2017-12-24 05:27:42,2017-12-24,5,27,0,development
4873,2017-12-24 05:28:13,2017-12-24,5,27,0,development
4874,2017-12-24 05:29:14,2017-12-24,5,27,0,development
4875,2017-12-24 05:29:45,2017-12-24,5,27,0,development
4876,2017-12-24 05:30:15,2017-12-24,5,27,0,development
4877,2017-12-24 05:30:46,2017-12-24,5,27,0,development
4878,2017-12-24 05:31:17,2017-12-24,5,27,0,development
4879,2017-12-24 05:31:47,2017-12-24,5,27,0,development
4880,2017-12-24 05:32:18,2017-12-24,5,27,0,development
4881,2017-12-24 05:32:48,2017-12-24,5,27,0,development
4882,2017-12-24 05:33:19,2017-12-24,5,27,0,development
4883,2017-12-24 05:33:50,2017-12-24,5,27,0,development
4884,2017-12-24 05:34:20,2017-12-24,5,27,0,development
4885,2017-12-24 05:34:51,2017-12-24,5,27,0,development
4886,2017-12-24 05:35:22,2017-12-24,5,27,0,development
4887,2017-12-24 05:35:52,2017-12-24,5,27,0,development
4888,2017-12-24 05:36:23,2017-12-24,5,27,0,development
4889,2017-12-24 05:36:53,2017-12-24,5,27,0,development
4890,2017-12-24 05:37:24,2017-12-24,5,27,0,development
4891,2017-12-24 05:37:55,2017-12-24,5,27,0,development
4892,2017-12-24 05:38:25,2017-12-24,5,27,0,development
4893,2017-12-24 05:38:56,2017-12-24,5,27,0,development
4894,2017-12-24 05:39:27,2017-12-24,5,27,0,development
4895,2017-12-24 05:39:57,2017-12-24,5,27,0,development
4896,2017-12-24 05:40:28,2017-12-24,5,27,0,development
4897,2017-12-24 05:40:59,2017-12-24,5,27,0,development
4898,2017-12-24 05:41:29,2017-12-24,5,27,0,development
4899,2017-12-24 05:42:00,2017-12-24,5,27,0,development
4900,2017-12-24 05:42:30,2017-12-24,5,27,0,development
4901,2017-12-24 05:43:01,2017-12-24,5,27,0,development
4902,2017-12-24 05:43:32,2017-12-24,5,27,0,development
4903,2017-12-24 05:44:02,2017-12-24,5,27,0,development
4904,2017-12-24 05:44:33,2017-12-24,5,27,0,development
4905,2017-12-24 05:45:04,2017-12-24,5,27,0,development
4906,2017-12-24 05:45:34,2017-12-24,5,27,0,development
4907,2017-12-24 05:46:05,2017-12-24,5,27,0,development
4908,2017-12-24 05:46:36,2017-12-24,5,27,0,development
4909,2017-12-24 05:47:06,2017-12-24,5,27,0,development
4910,2017-12-24 05:47:37,2017-12-24,5,27,0,development
4911,2017-12-24 05:48:07,2017-12-24,5,27,0,development
4912,2017-12-24 05:48:38,2017-12-24,5,27,0,development
4913,2017-12-24 05:49:09,2017-12-24,5,27,0,development
4914,2017-12-24 05:49:39,2017-12-24,5,27,0,development
4915,2017-12-24 05:50:10,2017-12-24,5,27,0,development
4916,2017-12-24 05:50:41,2017-12-24,5,27,0,development
4917,2017-12-24 05:51:11,2017-12-24,5,27,0,development
4918,2017-12-24 05:51:42,2017-12-24,5,27,0,development
4919,2017-12-24 05:52:13,2017-12-24,5,27,0,development
4920,2017-12-24 05:52:43,2017-12-24,5,27,0,development
4921,2017-12-24 05:53:14,2017-12-24,5,27,0,development
4922,2017-12-24 05:53:44,2017-12-24,5,27,0,development
4923,2017-12-24 05:54:15,2017-12-24,5,27,0,development
4924,2017-12-24 05:54:46,2017-12-24,5,27,0,development
4925,2017-12-24 05:55:16,2017-12-24,5,27,0,development
4926,2017-12-24 05:55:47,2017-12-24,5,27,0,development
4927,2017-12-24 05:56:18,2017-12-24,5,27,0,development
4928,2017-12-24 05:56:48,2017-12-24,5,27,0,development
4929,2017-12-24 05:57:19,2017-12-24,5,27,0,development
4930,2017-12-24 05:57:50,2017-12-24,5,27,0,development
4931,2017-12-24 05:58:20,2017-12-24,5,27,0,development
4932,2017-12-24 05:58:51,2017-12-24,5,27,0,development
4933,2017-12-24 05:59:21,2017-12-24,5,27,0,development
4934,2017-12-24 05:59:52,2017-12-24,5,27,0,development
4935,2017-12-24 06:00:23,2017-12-24,5,27,0,development
4936,2017-12-24 06:00:53,2017-12-24,5,27,0,development
4937,2017-12-24 06:01:24,2017-12-24,5,27,0,development
4938,2017-12-24 06:01:55,2017-12-24,5,27,0,development
4939,2017-12-24 06:02:25,2017-12-24,5,27,0,development
4940,2017-12-24 06:02:56,2017-12-24,5,27,0,development
4941,2017-12-24 06:03:27,2017-12-24,5,27,0,development
4942,2017-12-24 06:03:57,2017-12-24,5,27,0,development
4943,2017-12-24 06:04:28,2017-12-24,5,27,0,development
4944,2017-12-24 06:04:58,2017-12-24,5,27,0,development
4945,2017-12-24 06:05:29,2017-12-24,5,27,0,development
4946,2017-12-24 06:06:00,2017-12-24,5,27,0,development
4947,2017-12-24 06:06:30,2017-12-24,5,27,0,development
4948,2017-12-24 06:07:01,2017-12-24,5,27,0,development
4949,2017-12-24 06:07:32,2017-12-24,5,27,0,development
4950,2017-12-24 06:08:02,2017-12-24,5,27,0,development
4951,2017-12-24 06:08:33,2017-12-24,5,27,0,development
4952,2017-12-24 06:09:04,2017-12-24,5,27,0,development
4953,2017-12-24 06:09:34,2017-12-24,5,27,0,development
4954,2017-12-24 06:10:05,2017-12-24,5,27,0,development
4955,2017-12-24 06:10:35,2017-12-24,5,27,0,development
4956,2017-12-24 06:11:06,2017-12-24,5,27,0,development
4957,2017-12-24 06:11:37,2017-12-24,5,27,0,development
4958,2017-12-24 06:12:07,2017-12-24,5,27,0,development
4959,2017-12-24 06:12:38,2017-12-24,5,27,0,development
4960,2017-12-24 06:13:09,2017-12-24,5,27,0,development
4961,2017-12-24 06:13:39,2017-12-24,5,27,0,development
4962,2017-12-24 06:14:10,2017-12-24,5,27,0,development
4963,2017-12-24 06:14:40,2017-12-24,5,27,0,development
4964,2017-12-24 06:15:11,2017-12-24,5,27,0,development
4965,2017-12-24 06:15:42,2017-12-24,5,27,0,development
4966,2017-12-24 06:16:12,2017-12-24,5,27,0,development
4967,2017-12-24 06:16:43,2017-12-24,5,27,0,development
4968,2017-12-24 06:17:14,2017-12-24,5,27,0,development
4969,2017-12-24 06:17:44,2017-12-24,5,27,0,development
4970,2017-12-24 06:18:15,2017-12-24,5,27,0,development
4971,2017-12-24 06:18:46,2017-12-24,5,27,0,development
4972,2017-12-24 06:19:16,2017-12-24,5,27,0,development
4973,2017-12-24 06:19:47,2017-12-24,5,27,0,development
4974,2017-12-24 06:20:17,2017-12-24,5,27,0,development
4975,2017-12-24 06:20:48,2017-12-24,5,27,0,development
4976,2017-12-24 06:21:19,2017-12-24,5,27,0,development
4977,2017-12-24 06:21:49,2017-12-24,5,27,0,development
4978,2017-12-24 06:22:20,2017-12-24,5,27,0,development
4979,2017-12-24 06:22:51,2017-12-24,5,27,0,development
4980,2017-12-24 06:23:21,2017-12-24,5,27,0,development
4981,2017-12-24 06:23:52,2017-12-24,5,27,0,development
4982,2017-12-24 06:24:23,2017-12-24,5,27,0,development
4983,2017-12-24 06:24:53,2017-12-24,5,27,0,development
4984,2017-12-24 06:25:24,2017-12-24,5,27,0,development
4985,2017-12-24 06:26:25,2017-12-24,5,27,0,development
4986,2017-12-24 06:26:56,2017-12-24,5,27,0,development
4987,2017-12-24 06:27:26,2017-12-24,5,27,0,development
4988,2017-12-24 06:27:57,2017-12-24,5,27,0,development
4989,2017-12-24 06:28:28,2017-12-24,5,27,0,development
4990,2017-12-24 06:28:58,2017-12-24,5,27,0,development
4991,2017-12-24 06:29:29,2017-12-24,5,27,0,development
4992,2017-12-24 06:30:00,2017-12-24,5,27,0,development
4993,2017-12-24 06:30:30,2017-12-24,5,27,0,development
4994,2017-12-24 06:31:01,2017-12-24,5,27,0,development
4995,2017-12-24 06:31:31,2017-12-24,5,27,0,development
4996,2017-12-24 06:32:02,2017-12-24,5,27,0,development
4997,2017-12-24 06:32:33,2017-12-24,5,27,0,development
4998,2017-12-24 06:33:03,2017-12-24,5,27,0,development
4999,2017-12-24 06:33:34,2017-12-24,5,27,0,development
5000,2017-12-24 06:34:05,2017-12-24,5,27,0,development
5001,2017-12-24 06:34:35,2017-12-24,5,27,0,development
5002,2017-12-24 06:35:06,2017-12-24,5,27,0,development
5003,2017-12-24 06:35:37,2017-12-24,5,27,0,development
5004,2017-12-24 06:36:07,2017-12-24,5,27,0,development
5005,2017-12-24 06:36:38,2017-12-24,5,27,0,development
5006,2017-12-24 06:37:08,2017-12-24,5,27,0,development
5007,2017-12-24 06:37:39,2017-12-24,5,27,0,development
5008,2017-12-24 06:38:10,2017-12-24,5,27,0,development
5009,2017-12-24 06:38:40,2017-12-24,5,27,0,development
5010,2017-12-24 06:39:11,2017-12-24,5,27,0,development
5011,2017-12-24 06:39:42,2017-12-24,5,27,0,development
5012,2017-12-24 06:40:12,2017-12-24,5,27,0,development
5013,2017-12-24 06:40:43,2017-12-24,5,27,0,development
5014,2017-12-24 06:41:14,2017-12-24,5,27,0,development
5015,2017-12-24 06:41:44,2017-12-24,5,27,0,development
5016,2017-12-24 06:42:15,2017-12-24,5,27,0,development
5017,2017-12-24 06:42:45,2017-12-24,5,27,0,development
5018,2017-12-24 06:43:16,2017-12-24,5,27,0,development
5019,2017-12-24 06:43:47,2017-12-24,5,27,0,development
5020,2017-12-24 06:44:17,2017-12-24,5,27,0,development
5021,2017-12-24 06:44:48,2017-12-24,5,27,0,development
5022,2017-12-24 06:45:19,2017-12-24,5,27,0,development
5023,2017-12-24 06:45:49,2017-12-24,5,27,0,development
5024,2017-12-24 06:46:20,2017-12-24,5,27,0,development
5025,2017-12-24 06:46:50,2017-12-24,5,27,0,development
5026,2017-12-24 06:47:21,2017-12-24,5,27,0,development
5027,2017-12-24 06:47:52,2017-12-24,5,27,0,development
5028,2017-12-24 06:48:22,2017-12-24,5,27,0,development
5029,2017-12-24 06:48:53,2017-12-24,5,27,0,development
5030,2017-12-24 06:49:24,2017-12-24,5,27,0,development
5031,2017-12-24 06:49:54,2017-12-24,5,27,0,development
5032,2017-12-24 06:50:25,2017-12-24,5,27,0,development
5033,2017-12-24 06:50:56,2017-12-24,5,27,0,development
5034,2017-12-24 06:51:26,2017-12-24,5,27,0,development
5035,2017-12-24 06:51:57,2017-12-24,5,27,0,development
5036,2017-12-24 06:52:27,2017-12-24,5,27,0,development
5037,2017-12-24 06:52:58,2017-12-24,5,27,0,development
5038,2017-12-24 06:53:29,2017-12-24,5,27,0,development
5039,2017-12-24 06:53:59,2017-12-24,5,27,0,development
5040,2017-12-24 06:54:30,2017-12-24,5,27,0,development
5041,2017-12-24 06:55:01,2017-12-24,5,27,0,development
5042,2017-12-24 06:55:31,2017-12-24,5,27,0,development
5043,2017-12-24 06:56:02,2017-12-24,5,27,0,development
5044,2017-12-24 06:56:33,2017-12-24,5,27,0,development
5045,2017-12-24 06:57:03,2017-12-24,5,27,0,development
5046,2017-12-24 06:57:34,2017-12-24,5,27,0,development
5047,2017-12-24 06:58:04,2017-12-24,5,27,0,development
5048,2017-12-24 06:58:35,2017-12-24,5,27,0,development
5049,2017-12-24 06:59:06,2017-12-24,5,27,0,development
5050,2017-12-24 06:59:36,2017-12-24,5,27,0,development
5051,2017-12-24 07:00:07,2017-12-24,5,27,0,development
5052,2017-12-24 07:00:38,2017-12-24,5,27,0,development
5053,2017-12-24 07:01:08,2017-12-24,5,27,0,development
5054,2017-12-24 07:01:39,2017-12-24,5,27,0,development
5055,2017-12-24 07:02:10,2017-12-24,5,27,0,development
5056,2017-12-24 07:02:40,2017-12-24,5,27,0,development
5057,2017-12-24 07:03:11,2017-12-24,5,27,0,development
5058,2017-12-24 07:03:41,2017-12-24,5,27,0,development
5059,2017-12-24 07:04:12,2017-12-24,5,27,0,development
5060,2017-12-24 07:04:43,2017-12-24,5,27,0,development
5061,2017-12-24 07:05:13,2017-12-24,5,27,0,development
5062,2017-12-24 07:05:44,2017-12-24,5,27,0,development
5063,2017-12-24 07:06:15,2017-12-24,5,27,0,development
5064,2017-12-24 07:06:45,2017-12-24,5,27,0,development
5065,2017-12-24 07:07:16,2017-12-24,5,27,0,development
5066,2017-12-24 07:07:47,2017-12-24,5,27,0,development
5067,2017-12-24 07:08:17,2017-12-24,5,27,0,development
5068,2017-12-24 07:08:48,2017-12-24,5,27,0,development
5069,2017-12-24 07:09:18,2017-12-24,5,27,0,development
5070,2017-12-24 07:09:49,2017-12-24,5,27,0,development
5071,2017-12-24 07:10:20,2017-12-24,5,27,0,development
5072,2017-12-24 07:10:50,2017-12-24,5,27,0,development
5073,2017-12-24 07:11:21,2017-12-24,5,27,0,development
5074,2017-12-24 07:11:52,2017-12-24,5,27,0,development
5075,2017-12-24 07:12:22,2017-12-24,5,27,0,development
5076,2017-12-24 07:12:53,2017-12-24,5,27,0,development
5077,2017-12-24 07:13:24,2017-12-24,5,27,0,development
5078,2017-12-24 07:13:54,2017-12-24,5,27,0,development
5079,2017-12-24 07:14:25,2017-12-24,5,27,0,development
5080,2017-12-24 07:14:55,2017-12-24,5,27,0,development
5081,2017-12-24 07:15:26,2017-12-24,5,27,0,development
5082,2017-12-24 07:15:57,2017-12-24,5,27,0,development
5083,2017-12-24 07:16:27,2017-12-24,5,27,0,development
5084,2017-12-24 07:16:58,2017-12-24,5,27,0,development
5085,2017-12-24 07:17:29,2017-12-24,5,27,0,development
5086,2017-12-24 07:17:59,2017-12-24,5,27,0,development
5087,2017-12-24 07:18:30,2017-12-24,5,27,0,development
5088,2017-12-24 07:19:00,2017-12-24,5,27,0,development
5089,2017-12-24 07:19:31,2017-12-24,5,27,0,development
5090,2017-12-24 07:20:02,2017-12-24,5,27,0,development
5091,2017-12-24 07:20:32,2017-12-24,5,27,0,development
5092,2017-12-24 07:21:03,2017-12-24,5,27,0,development
5093,2017-12-24 07:21:34,2017-12-24,5,27,0,development
5094,2017-12-24 07:22:35,2017-12-24,5,27,0,development
5095,2017-12-24 07:23:06,2017-12-24,5,27,0,development
5096,2017-12-24 07:23:36,2017-12-24,5,27,0,development
5097,2017-12-24 07:24:07,2017-12-24,5,27,0,development
5098,2017-12-24 07:24:37,2017-12-24,5,27,0,development
5099,2017-12-24 07:25:08,2017-12-24,5,27,0,development
5100,2017-12-24 07:25:39,2017-12-24,5,27,0,development
5101,2017-12-24 07:26:09,2017-12-24,5,27,0,development
5102,2017-12-24 07:26:40,2017-12-24,5,27,0,development
5103,2017-12-24 07:27:11,2017-12-24,5,27,0,development
5104,2017-12-24 07:27:41,2017-12-24,5,27,0,development
5105,2017-12-24 07:28:12,2017-12-24,5,27,0,development
5106,2017-12-24 07:28:43,2017-12-24,5,27,0,development
5107,2017-12-24 07:29:13,2017-12-24,5,27,0,development
5108,2017-12-24 07:29:44,2017-12-24,5,27,0,development
5109,2017-12-24 07:30:14,2017-12-24,5,27,0,development
5110,2017-12-24 07:30:45,2017-12-24,5,27,0,development
5111,2017-12-24 07:31:16,2017-12-24,5,27,0,development
5112,2017-12-24 07:31:46,2017-12-24,5,27,0,development
5113,2017-12-24 07:32:17,2017-12-24,5,27,0,development
5114,2017-12-24 07:32:48,2017-12-24,5,27,0,development
5115,2017-12-24 07:33:18,2017-12-24,5,27,0,development
5116,2017-12-24 07:33:49,2017-12-24,5,27,0,development
5117,2017-12-24 07:34:20,2017-12-24,5,27,0,development
5118,2017-12-24 07:34:50,2017-12-24,5,27,0,development
5119,2017-12-24 07:35:21,2017-12-24,5,27,0,development
5120,2017-12-24 07:35:51,2017-12-24,5,27,0,development
5121,2017-12-24 07:36:22,2017-12-24,5,27,0,development
5122,2017-12-24 07:36:53,2017-12-24,5,27,0,development
5123,2017-12-24 07:37:23,2017-12-24,5,27,0,development
5124,2017-12-24 07:37:54,2017-12-24,5,27,0,development
5125,2017-12-24 07:38:25,2017-12-24,5,27,0,development
5126,2017-12-24 07:38:55,2017-12-24,5,27,0,development
5127,2017-12-24 07:39:26,2017-12-24,5,27,0,development
5128,2017-12-24 07:39:57,2017-12-24,5,27,0,development
5129,2017-12-24 07:40:27,2017-12-24,5,27,0,development
5130,2017-12-24 07:40:58,2017-12-24,5,27,0,development
5131,2017-12-24 07:41:59,2017-12-24,5,27,0,development
5132,2017-12-24 07:42:30,2017-12-24,5,27,0,development
5133,2017-12-24 07:43:00,2017-12-24,5,27,0,development
5134,2017-12-24 07:43:31,2017-12-24,5,27,0,development
5135,2017-12-24 07:44:02,2017-12-24,5,27,0,development
5136,2017-12-24 07:44:32,2017-12-24,5,27,0,development
5137,2017-12-24 07:45:03,2017-12-24,5,27,0,development
5138,2017-12-24 07:45:34,2017-12-24,5,27,0,development
5139,2017-12-24 07:46:04,2017-12-24,5,27,0,development
5140,2017-12-24 07:46:35,2017-12-24,5,27,0,development
5141,2017-12-24 07:47:05,2017-12-24,5,27,0,development
5142,2017-12-24 07:47:36,2017-12-24,5,27,0,development
5143,2017-12-24 07:48:07,2017-12-24,5,27,0,development
5144,2017-12-24 07:48:37,2017-12-24,5,27,0,development
5145,2017-12-24 07:49:08,2017-12-24,5,27,0,development
5146,2017-12-24 07:49:39,2017-12-24,5,27,0,development
5147,2017-12-24 07:50:09,2017-12-24,5,27,0,development
5148,2017-12-24 07:50:40,2017-12-24,5,27,0,development
5149,2017-12-24 07:51:10,2017-12-24,5,27,0,development
5150,2017-12-24 07:51:41,2017-12-24,5,27,0,development
5151,2017-12-24 07:52:12,2017-12-24,5,27,0,development
5152,2017-12-24 07:52:42,2017-12-24,5,27,0,development
5153,2017-12-24 07:53:13,2017-12-24,5,27,0,development
5154,2017-12-24 07:53:44,2017-12-24,5,27,0,development
5155,2017-12-24 07:54:14,2017-12-24,5,27,0,development
5156,2017-12-24 07:54:45,2017-12-24,5,27,0,development
5157,2017-12-24 07:55:16,2017-12-24,5,27,0,development
5158,2017-12-24 07:55:46,2017-12-24,5,27,0,development
5159,2017-12-24 07:56:17,2017-12-24,5,27,0,development
5160,2017-12-24 07:56:47,2017-12-24,5,27,0,development
5161,2017-12-24 07:57:18,2017-12-24,5,27,0,development
5162,2017-12-24 07:57:49,2017-12-24,5,27,0,development
5163,2017-12-24 07:58:19,2017-12-24,5,27,0,development
5164,2017-12-24 07:58:50,2017-12-24,5,27,0,development
5165,2017-12-24 07:59:21,2017-12-24,5,27,0,development
5166,2017-12-24 07:59:51,2017-12-24,5,27,0,development
5167,2017-12-24 08:00:22,2017-12-24,5,27,0,development
5168,2017-12-24 08:00:53,2017-12-24,5,27,0,development
5169,2017-12-24 08:01:23,2017-12-24,5,27,0,development
5170,2017-12-24 08:01:54,2017-12-24,5,27,0,development
5171,2017-12-24 08:02:24,2017-12-24,5,27,0,development
5172,2017-12-24 08:02:55,2017-12-24,5,27,0,development
5173,2017-12-24 08:03:26,2017-12-24,5,27,0,development
5174,2017-12-24 08:03:56,2017-12-24,5,27,0,development
5175,2017-12-24 08:04:27,2017-12-24,5,27,0,development
5176,2017-12-24 08:04:58,2017-12-24,5,27,0,development
5177,2017-12-24 08:05:28,2017-12-24,5,27,0,development
5178,2017-12-24 08:05:59,2017-12-24,5,27,0,development
5179,2017-12-24 08:06:30,2017-12-24,5,27,0,development
5180,2017-12-24 08:07:00,2017-12-24,5,27,0,development
5181,2017-12-24 08:07:31,2017-12-24,5,27,0,development
5182,2017-12-24 08:08:01,2017-12-24,5,27,0,development
5183,2017-12-24 08:08:32,2017-12-24,5,27,0,development
5184,2017-12-24 08:09:03,2017-12-24,5,27,0,development
5185,2017-12-24 08:09:33,2017-12-24,5,27,0,development
5186,2017-12-24 08:10:04,2017-12-24,5,27,0,development
5187,2017-12-24 08:10:35,2017-12-24,5,27,0,development
5188,2017-12-24 08:11:05,2017-12-24,5,27,0,development
5189,2017-12-24 08:11:36,2017-12-24,5,27,0,development
5190,2017-12-24 08:12:07,2017-12-24,5,27,0,development
5191,2017-12-24 08:12:37,2017-12-24,5,27,0,development
5192,2017-12-24 08:13:08,2017-12-24,5,27,0,development
5193,2017-12-24 08:13:38,2017-12-24,5,27,0,development
5194,2017-12-24 08:14:09,2017-12-24,5,27,0,development
5195,2017-12-24 08:14:40,2017-12-24,5,27,0,development
5196,2017-12-24 08:15:10,2017-12-24,5,27,0,development
5197,2017-12-24 08:15:41,2017-12-24,5,27,0,development
5198,2017-12-24 08:16:12,2017-12-24,5,27,0,development
5199,2017-12-24 08:16:42,2017-12-24,5,27,0,development
5200,2017-12-24 08:17:13,2017-12-24,5,27,0,development
5201,2017-12-24 08:17:44,2017-12-24,5,27,0,development
5202,2017-12-24 08:18:14,2017-12-24,5,27,0,development
5203,2017-12-24 08:18:45,2017-12-24,5,27,0,development
5204,2017-12-24 08:19:46,2017-12-24,5,27,0,development
5205,2017-12-24 08:20:17,2017-12-24,5,27,0,development
5206,2017-12-24 08:20:47,2017-12-24,5,27,0,development
5207,2017-12-24 08:21:18,2017-12-24,5,27,0,development
5208,2017-12-24 08:21:49,2017-12-24,5,27,0,development
5209,2017-12-24 08:22:19,2017-12-24,5,27,0,development
5210,2017-12-24 08:22:50,2017-12-24,5,27,0,development
5211,2017-12-24 08:23:20,2017-12-24,5,27,0,development
5212,2017-12-24 08:23:51,2017-12-24,5,27,0,development
5213,2017-12-24 08:24:22,2017-12-24,5,27,0,development
5214,2017-12-24 08:24:52,2017-12-24,5,27,0,development
5215,2017-12-24 08:25:23,2017-12-24,5,27,0,development
5216,2017-12-24 08:25:54,2017-12-24,5,27,0,development
5217,2017-12-24 08:26:24,2017-12-24,5,27,0,development
5218,2017-12-24 08:26:55,2017-12-24,5,27,0,development
5219,2017-12-24 08:27:26,2017-12-24,5,27,0,development
5220,2017-12-24 08:27:56,2017-12-24,5,27,0,development
5221,2017-12-24 08:28:27,2017-12-24,5,27,0,development
5222,2017-12-24 08:28:57,2017-12-24,5,27,0,development
5223,2017-12-24 08:29:28,2017-12-24,5,27,0,development
5224,2017-12-24 08:29:59,2017-12-24,5,27,0,development
5225,2017-12-24 08:30:29,2017-12-24,5,27,0,development
5226,2017-12-24 08:31:00,2017-12-24,5,27,0,development
5227,2017-12-24 08:31:31,2017-12-24,5,27,0,development
5228,2017-12-24 08:32:01,2017-12-24,5,27,0,development
5229,2017-12-24 08:32:32,2017-12-24,5,27,0,development
5230,2017-12-24 08:33:03,2017-12-24,5,27,0,development
5231,2017-12-24 08:33:33,2017-12-24,5,27,0,development
5232,2017-12-24 08:34:04,2017-12-24,5,27,0,development
5233,2017-12-24 08:34:34,2017-12-24,5,27,0,development
5234,2017-12-24 08:35:05,2017-12-24,5,27,0,development
5235,2017-12-24 08:35:36,2017-12-24,5,27,0,development
5236,2017-12-24 08:36:06,2017-12-24,5,27,0,development
5237,2017-12-24 08:36:37,2017-12-24,5,27,0,development
5238,2017-12-24 08:37:08,2017-12-24,5,27,0,development
5239,2017-12-24 08:37:38,2017-12-24,5,27,0,development
5240,2017-12-24 08:38:09,2017-12-24,5,27,0,development
5241,2017-12-24 08:38:40,2017-12-24,5,27,0,development
5242,2017-12-24 08:39:10,2017-12-24,5,27,0,development
5243,2017-12-24 08:39:41,2017-12-24,5,27,0,development
5244,2017-12-24 08:40:11,2017-12-24,5,27,0,development
5245,2017-12-24 08:40:42,2017-12-24,5,27,0,development
5246,2017-12-24 08:41:13,2017-12-24,5,27,0,development
5247,2017-12-24 08:41:43,2017-12-24,5,27,0,development
5248,2017-12-24 08:42:14,2017-12-24,5,27,0,development
5249,2017-12-24 08:42:45,2017-12-24,5,27,0,development
5250,2017-12-24 08:43:15,2017-12-24,5,27,0,development
5251,2017-12-24 08:43:46,2017-12-24,5,27,0,development
5252,2017-12-24 08:44:17,2017-12-24,5,27,0,development
5253,2017-12-24 08:44:47,2017-12-24,5,27,0,development
5254,2017-12-24 08:45:18,2017-12-24,5,27,0,development
5255,2017-12-24 08:45:48,2017-12-24,5,27,0,development
5256,2017-12-24 08:46:19,2017-12-24,5,27,0,development
5257,2017-12-24 08:46:50,2017-12-24,5,27,0,development
5258,2017-12-24 08:47:20,2017-12-24,5,27,0,development
5259,2017-12-24 08:47:51,2017-12-24,5,27,0,development
5260,2017-12-24 08:48:22,2017-12-24,5,27,0,development
5261,2017-12-24 08:48:52,2017-12-24,5,27,0,development
5262,2017-12-24 08:49:23,2017-12-24,5,27,0,development
5263,2017-12-24 08:49:54,2017-12-24,5,27,0,development
5264,2017-12-24 08:50:24,2017-12-24,5,27,0,development
5265,2017-12-24 08:50:55,2017-12-24,5,27,0,development
5266,2017-12-24 08:51:25,2017-12-24,5,27,0,development
5267,2017-12-24 08:51:56,2017-12-24,5,27,0,development
5268,2017-12-24 08:52:27,2017-12-24,5,27,0,development
5269,2017-12-24 08:52:57,2017-12-24,5,27,0,development
5270,2017-12-24 08:53:28,2017-12-24,5,27,0,development
5271,2017-12-24 08:53:59,2017-12-24,5,27,0,development
5272,2017-12-24 08:54:29,2017-12-24,5,27,0,development
5273,2017-12-24 08:55:00,2017-12-24,5,27,0,development
5274,2017-12-24 08:55:30,2017-12-24,5,27,0,development
5275,2017-12-24 08:56:01,2017-12-24,5,27,0,development
5276,2017-12-24 08:56:32,2017-12-24,5,27,0,development
5277,2017-12-24 08:57:02,2017-12-24,5,27,0,development
5278,2017-12-24 08:57:33,2017-12-24,5,27,0,development
5279,2017-12-24 08:58:04,2017-12-24,5,27,0,development
5280,2017-12-24 08:58:34,2017-12-24,5,27,0,development
5281,2017-12-24 08:59:05,2017-12-24,5,27,0,development
5282,2017-12-24 08:59:36,2017-12-24,5,27,0,development
5283,2017-12-24 09:00:06,2017-12-24,5,27,0,development
5284,2017-12-24 09:00:37,2017-12-24,5,27,0,development
5285,2017-12-24 09:01:07,2017-12-24,5,27,0,development
5286,2017-12-24 09:01:38,2017-12-24,5,27,0,development
5287,2017-12-24 09:02:09,2017-12-24,5,27,0,development
5288,2017-12-24 09:02:39,2017-12-24,5,27,0,development
5289,2017-12-24 09:03:10,2017-12-24,5,27,0,development
5290,2017-12-24 09:03:41,2017-12-24,5,27,0,development
5291,2017-12-24 09:04:11,2017-12-24,5,27,0,development
5292,2017-12-24 09:04:42,2017-12-24,5,27,0,development
5293,2017-12-24 09:05:13,2017-12-24,5,27,0,development
5294,2017-12-24 09:05:43,2017-12-24,5,27,0,development
5295,2017-12-24 09:06:14,2017-12-24,5,27,0,development
5296,2017-12-24 09:06:44,2017-12-24,5,27,0,development
5297,2017-12-24 09:07:15,2017-12-24,5,27,0,development
5298,2017-12-24 09:07:46,2017-12-24,5,27,0,development
5299,2017-12-24 09:08:16,2017-12-24,5,27,0,development
5300,2017-12-24 09:08:47,2017-12-24,5,27,0,development
5301,2017-12-24 09:09:18,2017-12-24,5,27,0,development
5302,2017-12-24 09:09:48,2017-12-24,5,27,0,development
5303,2017-12-24 09:10:19,2017-12-24,5,27,0,development
5304,2017-12-24 09:10:50,2017-12-24,5,27,0,development
5305,2017-12-25 09:11:42,2017-12-25,6,28,0,test
5306,2017-12-25 09:12:12,2017-12-25,6,28,0,test
5307,2017-12-25 09:12:43,2017-12-25,6,28,0,test
5308,2017-12-25 09:13:13,2017-12-25,6,28,0,test
5309,2017-12-25 09:13:44,2017-12-25,6,28,0,test
5310,2017-12-25 09:14:15,2017-12-25,6,28,0,test
5311,2017-12-25 09:14:45,2017-12-25,6,28,0,test
5312,2017-12-25 09:15:16,2017-12-25,6,28,0,test
5313,2017-12-25 09:15:47,2017-12-25,6,28,0,test
5314,2017-12-25 09:16:17,2017-12-25,6,28,0,test
5315,2017-12-25 09:16:48,2017-12-25,6,28,0,test
5316,2017-12-25 09:17:19,2017-12-25,6,28,0,test
5317,2017-12-25 09:17:49,2017-12-25,6,28,0,test
5318,2017-12-25 09:18:20,2017-12-25,6,28,0,test
5319,2017-12-25 09:18:50,2017-12-25,6,28,0,test
5320,2017-12-25 09:19:21,2017-12-25,6,28,0,test
5321,2017-12-25 09:19:52,2017-12-25,6,28,0,test
5322,2017-12-25 09:20:53,2017-12-25,6,28,0,test
5323,2017-12-25 09:21:24,2017-12-25,6,28,0,test
5324,2017-12-25 09:21:54,2017-12-25,6,28,0,test
5325,2017-12-25 09:22:25,2017-12-25,6,28,0,test
5326,2017-12-25 09:22:56,2017-12-25,6,28,0,test
5327,2017-12-25 09:23:26,2017-12-25,6,28,0,test
5328,2017-12-25 09:23:57,2017-12-25,6,28,0,test
5329,2017-12-25 09:24:27,2017-12-25,6,28,0,test
5330,2017-12-25 09:24:58,2017-12-25,6,28,0,test
5331,2017-12-25 09:25:59,2017-12-25,6,28,0,test
5332,2017-12-25 09:26:30,2017-12-25,6,28,0,test
5333,2017-12-25 09:27:01,2017-12-25,6,28,0,test
5334,2017-12-25 09:27:31,2017-12-25,6,28,0,test
5335,2017-12-25 09:28:02,2017-12-25,6,28,0,test
5336,2017-12-25 09:28:33,2017-12-25,6,28,0,test
5337,2017-12-25 09:29:03,2017-12-25,6,28,0,test
5338,2017-12-25 09:29:34,2017-12-25,6,28,0,test
5339,2017-12-25 09:30:04,2017-12-25,6,28,0,test
5340,2017-12-25 09:30:35,2017-12-25,6,28,0,test
5341,2017-12-25 09:31:06,2017-12-25,6,28,0,test
5342,2017-12-25 09:31:36,2017-12-25,6,28,0,test
5343,2017-12-25 09:32:07,2017-12-25,6,28,0,test
5344,2017-12-25 09:32:38,2017-12-25,6,28,0,test
5345,2017-12-25 09:33:08,2017-12-25,6,28,0,test
5346,2017-12-25 09:33:39,2017-12-25,6,28,0,test
5347,2017-12-25 09:34:10,2017-12-25,6,28,0,test
5348,2017-12-25 09:34:40,2017-12-25,6,28,0,test
5349,2017-12-25 09:35:11,2017-12-25,6,28,0,test
5350,2017-12-25 09:35:41,2017-12-25,6,28,0,test
5351,2017-12-25 09:36:12,2017-12-25,6,28,0,test
5352,2017-12-25 09:36:43,2017-12-25,6,28,0,test
5353,2017-12-25 09:37:13,2017-12-25,6,28,0,test
5354,2017-12-25 09:37:44,2017-12-25,6,28,0,test
5355,2017-12-25 09:38:15,2017-12-25,6,28,0,test
5356,2017-12-25 09:38:45,2017-12-25,6,28,0,test
5357,2017-12-25 09:39:16,2017-12-25,6,28,0,test
5358,2017-12-25 09:39:46,2017-12-25,6,28,0,test
5359,2017-12-25 09:40:17,2017-12-25,6,28,0,test
5360,2017-12-25 09:40:48,2017-12-25,6,28,0,test
5361,2017-12-25 09:41:18,2017-12-25,6,28,0,test
5362,2017-12-25 09:41:49,2017-12-25,6,28,0,test
5363,2017-12-25 09:42:20,2017-12-25,6,28,0,test
5364,2017-12-25 09:42:50,2017-12-25,6,28,0,test
5365,2017-12-25 09:43:21,2017-12-25,6,28,0,test
5366,2017-12-25 09:43:52,2017-12-25,6,28,0,test
5367,2017-12-25 09:44:22,2017-12-25,6,28,0,test
5368,2017-12-25 09:44:53,2017-12-25,6,28,0,test
5369,2017-12-25 09:45:54,2017-12-25,6,28,0,test
5370,2017-12-25 09:46:25,2017-12-25,6,28,0,test
5371,2017-12-25 09:46:55,2017-12-25,6,28,0,test
5372,2017-12-25 09:47:26,2017-12-25,6,28,0,test
5373,2017-12-25 09:47:57,2017-12-25,6,28,0,test
5374,2017-12-25 09:48:27,2017-12-25,6,28,0,test
5375,2017-12-25 09:48:58,2017-12-25,6,28,0,test
5376,2017-12-25 09:49:29,2017-12-25,6,28,0,test
5377,2017-12-25 09:49:59,2017-12-25,6,28,0,test
5378,2017-12-25 09:50:30,2017-12-25,6,28,0,test
5379,2017-12-25 09:51:00,2017-12-25,6,28,0,test
5380,2017-12-25 09:51:31,2017-12-25,6,28,0,test
5381,2017-12-25 09:52:02,2017-12-25,6,28,0,test
5382,2017-12-25 09:52:32,2017-12-25,6,28,0,test
5383,2017-12-25 09:53:03,2017-12-25,6,28,0,test
5384,2017-12-25 09:53:34,2017-12-25,6,28,0,test
5385,2017-12-25 09:54:04,2017-12-25,6,28,0,test
5386,2017-12-25 09:54:35,2017-12-25,6,28,0,test
5387,2017-12-25 09:55:06,2017-12-25,6,28,0,test
5388,2017-12-25 09:55:36,2017-12-25,6,28,0,test
5389,2017-12-25 09:56:07,2017-12-25,6,28,0,test
5390,2017-12-25 09:56:37,2017-12-25,6,28,0,test
5391,2017-12-25 09:57:08,2017-12-25,6,28,0,test
5392,2017-12-25 09:57:39,2017-12-25,6,28,0,test
5393,2017-12-25 09:58:09,2017-12-25,6,28,0,test
5394,2017-12-25 09:58:40,2017-12-25,6,28,0,test
5395,2017-12-25 09:59:11,2017-12-25,6,28,0,test
5396,2017-12-25 09:59:41,2017-12-25,6,28,0,test
5397,2017-12-25 10:00:12,2017-12-25,6,28,0,test
5398,2017-12-25 10:00:43,2017-12-25,6,28,0,test
5399,2017-12-25 10:01:13,2017-12-25,6,28,0,test
5400,2017-12-25 10:01:44,2017-12-25,6,28,0,test
5401,2017-12-25 10:02:14,2017-12-25,6,28,0,test
5402,2017-12-25 10:02:45,2017-12-25,6,28,0,test
5403,2017-12-25 10:03:16,2017-12-25,6,28,0,test
5404,2017-12-25 10:03:46,2017-12-25,6,28,0,test
5405,2017-12-25 10:04:17,2017-12-25,6,28,0,test
5406,2017-12-25 10:04:48,2017-12-25,6,28,0,test
5407,2017-12-25 10:05:18,2017-12-25,6,28,0,test
5408,2017-12-25 10:05:49,2017-12-25,6,28,0,test
5409,2017-12-25 10:06:20,2017-12-25,6,28,0,test
5410,2017-12-25 10:06:50,2017-12-25,6,28,0,test
5411,2017-12-25 10:07:21,2017-12-25,6,28,0,test
5412,2017-12-25 10:07:51,2017-12-25,6,28,0,test
5413,2017-12-25 10:08:22,2017-12-25,6,28,0,test
5414,2017-12-25 10:08:53,2017-12-25,6,28,0,test
5415,2017-12-25 10:09:23,2017-12-25,6,28,0,test
5416,2017-12-25 10:09:54,2017-12-25,6,28,0,test
5417,2017-12-25 10:10:25,2017-12-25,6,28,0,test
5418,2017-12-25 10:10:55,2017-12-25,6,28,0,test
5419,2017-12-25 10:11:26,2017-12-25,6,28,0,test
5420,2017-12-25 10:11:56,2017-12-25,6,28,0,test
5421,2017-12-25 10:12:27,2017-12-25,6,28,0,test
5422,2017-12-25 10:12:58,2017-12-25,6,28,0,test
5423,2017-12-25 10:13:28,2017-12-25,6,28,0,test
5424,2017-12-25 10:13:59,2017-12-25,6,28,0,test
5425,2017-12-25 10:14:30,2017-12-25,6,28,0,test
5426,2017-12-25 10:15:00,2017-12-25,6,28,0,test
5427,2017-12-25 10:15:31,2017-12-25,6,28,0,test
5428,2017-12-25 10:16:02,2017-12-25,6,28,0,test
5429,2017-12-25 10:16:32,2017-12-25,6,28,0,test
5430,2017-12-25 10:17:03,2017-12-25,6,28,0,test
5431,2017-12-25 10:17:33,2017-12-25,6,28,0,test
5432,2017-12-25 10:18:04,2017-12-25,6,28,0,test
5433,2017-12-25 10:18:35,2017-12-25,6,28,0,test
5434,2017-12-25 10:19:05,2017-12-25,6,28,0,test
5435,2017-12-25 10:19:36,2017-12-25,6,28,0,test
5436,2017-12-25 10:20:07,2017-12-25,6,28,0,test
5437,2017-12-25 10:20:37,2017-12-25,6,28,0,test
5438,2017-12-25 10:21:08,2017-12-25,6,28,0,test
5439,2017-12-25 10:21:39,2017-12-25,6,28,0,test
5440,2017-12-25 10:22:09,2017-12-25,6,28,0,test
5441,2017-12-25 10:22:40,2017-12-25,6,28,0,test
5442,2017-12-25 10:23:10,2017-12-25,6,28,0,test
5443,2017-12-25 10:23:41,2017-12-25,6,28,0,test
5444,2017-12-25 10:24:12,2017-12-25,6,28,0,test
5445,2017-12-25 10:24:42,2017-12-25,6,28,0,test
5446,2017-12-25 10:25:13,2017-12-25,6,28,0,test
5447,2017-12-25 10:25:44,2017-12-25,6,28,0,test
5448,2017-12-25 10:26:14,2017-12-25,6,28,0,test
5449,2017-12-25 10:26:45,2017-12-25,6,28,0,test
5450,2017-12-25 10:27:16,2017-12-25,6,28,0,test
5451,2017-12-25 10:27:46,2017-12-25,6,28,0,test
5452,2017-12-25 10:28:17,2017-12-25,6,28,0,test
5453,2017-12-25 10:28:47,2017-12-25,6,28,0,test
5454,2017-12-25 10:29:18,2017-12-25,6,28,0,test
5455,2017-12-25 10:29:49,2017-12-25,6,28,0,test
5456,2017-12-25 10:30:19,2017-12-25,6,28,0,test
5457,2017-12-25 10:30:50,2017-12-25,6,28,0,test
5458,2017-12-25 10:31:21,2017-12-25,6,28,0,test
5459,2017-12-25 10:31:51,2017-12-25,6,28,0,test
5460,2017-12-25 10:32:22,2017-12-25,6,28,0,test
5461,2017-12-25 10:32:53,2017-12-25,6,28,0,test
5462,2017-12-25 10:33:23,2017-12-25,6,28,0,test
5463,2017-12-25 10:33:54,2017-12-25,6,28,0,test
5464,2017-12-25 10:34:24,2017-12-25,6,28,0,test
5465,2017-12-25 10:34:55,2017-12-25,6,28,0,test
5466,2017-12-25 10:35:26,2017-12-25,6,28,0,test
5467,2017-12-25 10:35:56,2017-12-25,6,28,0,test
5468,2017-12-25 10:36:27,2017-12-25,6,28,0,test
5469,2017-12-25 10:36:58,2017-12-25,6,28,0,test
5470,2017-12-25 10:37:28,2017-12-25,6,28,0,test
5471,2017-12-25 10:37:59,2017-12-25,6,28,0,test
5472,2017-12-25 10:38:30,2017-12-25,6,28,0,test
5473,2017-12-25 10:39:00,2017-12-25,6,28,0,test
5474,2017-12-25 10:39:31,2017-12-25,6,28,0,test
5475,2017-12-25 10:40:01,2017-12-25,6,28,0,test
5476,2017-12-25 10:40:32,2017-12-25,6,28,0,test
5477,2017-12-25 10:41:03,2017-12-25,6,28,0,test
5478,2017-12-25 10:41:33,2017-12-25,6,28,0,test
5479,2017-12-25 10:42:04,2017-12-25,6,28,0,test
5480,2017-12-25 10:42:35,2017-12-25,6,28,0,test
5481,2017-12-25 10:43:36,2017-12-25,6,28,0,test
5482,2017-12-25 10:44:06,2017-12-25,6,28,0,test
5483,2017-12-25 10:44:37,2017-12-25,6,28,0,test
5484,2017-12-25 10:45:08,2017-12-25,6,28,0,test
5485,2017-12-25 10:45:38,2017-12-25,6,28,0,test
5486,2017-12-25 10:46:09,2017-12-25,6,28,0,test
5487,2017-12-25 10:46:40,2017-12-25,6,28,0,test
5488,2017-12-25 10:47:10,2017-12-25,6,28,0,test
5489,2017-12-25 10:47:41,2017-12-25,6,28,0,test
5490,2017-12-25 10:48:12,2017-12-25,6,28,0,test
5491,2017-12-25 10:48:42,2017-12-25,6,28,0,test
5492,2017-12-25 10:49:13,2017-12-25,6,28,0,test
5493,2017-12-25 10:49:43,2017-12-25,6,28,0,test
5494,2017-12-25 10:50:14,2017-12-25,6,28,0,test
5495,2017-12-25 10:50:45,2017-12-25,6,28,0,test
5496,2017-12-25 10:51:15,2017-12-25,6,28,0,test
5497,2017-12-25 10:51:46,2017-12-25,6,28,0,test
5498,2017-12-25 10:52:17,2017-12-25,6,28,0,test
5499,2017-12-25 10:52:47,2017-12-25,6,28,0,test
5500,2017-12-25 10:53:18,2017-12-25,6,28,0,test
5501,2017-12-25 10:53:49,2017-12-25,6,28,0,test
5502,2017-12-25 10:54:19,2017-12-25,6,28,0,test
5503,2017-12-25 10:54:50,2017-12-25,6,28,0,test
5504,2017-12-25 10:55:20,2017-12-25,6,28,0,test
5505,2017-12-25 10:55:51,2017-12-25,6,28,0,test
5506,2017-12-25 10:56:22,2017-12-25,6,28,0,test
5507,2017-12-25 10:56:52,2017-12-25,6,28,0,test
5508,2017-12-25 10:57:23,2017-12-25,6,28,0,test
5509,2017-12-25 10:57:54,2017-12-25,6,28,0,test
5510,2017-12-25 10:58:24,2017-12-25,6,28,0,test
5511,2017-12-25 10:58:55,2017-12-25,6,28,0,test
5512,2017-12-25 10:59:26,2017-12-25,6,28,0,test
5513,2017-12-25 10:59:56,2017-12-25,6,28,0,test
5514,2017-12-25 11:00:27,2017-12-25,6,28,0,test
5515,2017-12-25 11:00:57,2017-12-25,6,28,0,test
5516,2017-12-25 11:01:28,2017-12-25,6,28,0,test
5517,2017-12-25 11:01:59,2017-12-25,6,28,0,test
5518,2017-12-25 11:02:29,2017-12-25,6,28,0,test
5519,2017-12-25 11:03:00,2017-12-25,6,28,0,test
5520,2017-12-25 11:03:31,2017-12-25,6,28,0,test
5521,2017-12-25 11:04:01,2017-12-25,6,28,0,test
5522,2017-12-25 11:04:32,2017-12-25,6,28,0,test
5523,2017-12-25 11:05:03,2017-12-25,6,28,0,test
5524,2017-12-25 11:05:33,2017-12-25,6,28,0,test
5525,2017-12-25 11:06:04,2017-12-25,6,28,0,test
5526,2017-12-25 11:06:34,2017-12-25,6,28,0,test
5527,2017-12-25 11:07:05,2017-12-25,6,28,0,test
5528,2017-12-25 11:07:36,2017-12-25,6,28,0,test
5529,2017-12-25 11:08:06,2017-12-25,6,28,0,test
5530,2017-12-25 11:08:37,2017-12-25,6,28,0,test
5531,2017-12-25 11:09:08,2017-12-25,6,28,0,test
5532,2017-12-25 11:09:38,2017-12-25,6,28,0,test
5533,2017-12-25 11:10:09,2017-12-25,6,28,0,test
5534,2017-12-25 11:10:40,2017-12-25,6,28,0,test
5535,2017-12-25 11:11:10,2017-12-25,6,28,0,test
5536,2017-12-25 11:11:41,2017-12-25,6,28,0,test
5537,2017-12-25 11:12:11,2017-12-25,6,28,0,test
5538,2017-12-25 11:12:42,2017-12-25,6,28,0,test
5539,2017-12-25 11:13:13,2017-12-25,6,28,0,test
5540,2017-12-25 11:13:43,2017-12-25,6,28,0,test
5541,2017-12-25 11:14:14,2017-12-25,6,28,0,test
5542,2017-12-25 11:14:45,2017-12-25,6,28,0,test
5543,2017-12-25 11:15:15,2017-12-25,6,28,0,test
5544,2017-12-25 11:15:46,2017-12-25,6,28,0,test
5545,2017-12-25 11:16:17,2017-12-25,6,28,0,test
5546,2017-12-25 11:16:47,2017-12-25,6,28,0,test
5547,2017-12-25 11:17:18,2017-12-25,6,28,0,test
5548,2017-12-25 11:17:48,2017-12-25,6,28,0,test
5549,2017-12-25 11:18:19,2017-12-25,6,28,0,test
5550,2017-12-25 11:18:50,2017-12-25,6,28,0,test
5551,2017-12-25 11:19:20,2017-12-25,6,28,0,test
5552,2017-12-25 11:19:51,2017-12-25,6,28,0,test
5553,2017-12-25 11:20:22,2017-12-25,6,28,0,test
5554,2017-12-25 11:20:52,2017-12-25,6,28,0,test
5555,2017-12-25 11:21:23,2017-12-25,6,28,0,test
5556,2017-12-25 11:21:53,2017-12-25,6,28,0,test
5557,2017-12-25 11:22:24,2017-12-25,6,28,0,test
5558,2017-12-25 11:22:55,2017-12-25,6,28,0,test
5559,2017-12-25 11:23:25,2017-12-25,6,28,0,test
5560,2017-12-25 11:23:56,2017-12-25,6,28,0,test
5561,2017-12-25 11:24:27,2017-12-25,6,28,0,test
5562,2017-12-25 11:24:57,2017-12-25,6,28,0,test
5563,2017-12-25 11:25:28,2017-12-25,6,28,0,test
5564,2017-12-25 11:25:59,2017-12-25,6,28,0,test
5565,2017-12-25 11:26:29,2017-12-25,6,28,0,test
5566,2017-12-25 11:27:00,2017-12-25,6,28,0,test
5567,2017-12-25 11:27:30,2017-12-25,6,28,0,test
5568,2017-12-25 11:28:01,2017-12-25,6,28,0,test
5569,2017-12-25 11:28:32,2017-12-25,6,28,0,test
5570,2017-12-25 11:29:02,2017-12-25,6,28,0,test
5571,2017-12-25 11:29:33,2017-12-25,6,28,0,test
5572,2017-12-25 11:30:04,2017-12-25,6,28,0,test
5573,2017-12-25 11:30:34,2017-12-25,6,28,0,test
5574,2017-12-25 11:31:05,2017-12-25,6,28,0,test
5575,2017-12-25 11:31:36,2017-12-25,6,28,0,test
5576,2017-12-25 11:32:06,2017-12-25,6,28,0,test
5577,2017-12-25 11:32:37,2017-12-25,6,28,0,test
5578,2017-12-25 11:33:07,2017-12-25,6,28,0,test
5579,2017-12-25 11:33:38,2017-12-25,6,28,0,test
5580,2017-12-25 11:34:09,2017-12-25,6,28,0,test
5581,2017-12-25 11:34:39,2017-12-25,6,28,0,test
5582,2017-12-25 11:35:10,2017-12-25,6,28,0,test
5583,2017-12-25 11:35:41,2017-12-25,6,28,0,test
5584,2017-12-25 11:36:11,2017-12-25,6,28,0,test
5585,2017-12-25 11:36:42,2017-12-25,6,28,0,test
5586,2017-12-25 11:37:13,2017-12-25,6,28,0,test
5587,2017-12-25 11:37:43,2017-12-25,6,28,0,test
5588,2017-12-25 11:38:14,2017-12-25,6,28,0,test
5589,2017-12-25 11:39:15,2017-12-25,6,28,0,test
5590,2017-12-25 11:39:46,2017-12-25,6,28,0,test
5591,2017-12-25 11:40:16,2017-12-25,6,28,0,test
5592,2017-12-25 11:40:47,2017-12-25,6,28,0,test
5593,2017-12-25 11:41:18,2017-12-25,6,28,0,test
5594,2017-12-25 11:41:48,2017-12-25,6,28,0,test
5595,2017-12-25 11:42:19,2017-12-25,6,28,0,test
5596,2017-12-25 11:42:50,2017-12-25,6,28,0,test
5597,2017-12-25 11:43:20,2017-12-25,6,28,0,test
5598,2017-12-25 11:43:51,2017-12-25,6,28,0,test
5599,2017-12-25 11:44:21,2017-12-25,6,28,0,test
5600,2017-12-25 11:44:52,2017-12-25,6,28,0,test
5601,2017-12-25 11:45:23,2017-12-25,6,28,0,test
5602,2017-12-25 11:45:53,2017-12-25,6,28,0,test
5603,2017-12-25 11:46:24,2017-12-25,6,28,0,test
5604,2017-12-25 11:46:55,2017-12-25,6,28,0,test
5605,2017-12-25 11:47:25,2017-12-25,6,28,0,test
5606,2017-12-25 11:47:56,2017-12-25,6,28,0,test
5607,2017-12-25 11:48:27,2017-12-25,6,28,0,test
5608,2017-12-25 11:48:57,2017-12-25,6,28,0,test
5609,2017-12-25 11:49:28,2017-12-25,6,28,0,test
5610,2017-12-25 11:49:58,2017-12-25,6,28,0,test
5611,2017-12-25 11:50:29,2017-12-25,6,28,0,test
5612,2017-12-25 11:51:00,2017-12-25,6,28,0,test
5613,2017-12-25 11:51:30,2017-12-25,6,28,0,test
5614,2017-12-25 11:52:01,2017-12-25,6,28,0,test
5615,2017-12-25 11:52:32,2017-12-25,6,28,0,test
5616,2017-12-25 11:53:02,2017-12-25,6,28,0,test
5617,2017-12-25 11:53:33,2017-12-25,6,28,0,test
5618,2017-12-25 11:54:04,2017-12-25,6,28,0,test
5619,2017-12-25 11:54:34,2017-12-25,6,28,0,test
5620,2017-12-25 11:55:05,2017-12-25,6,28,0,test
5621,2017-12-25 11:56:06,2017-12-25,6,28,0,test
5622,2017-12-25 11:56:37,2017-12-25,6,28,0,test
5623,2017-12-25 11:57:07,2017-12-25,6,28,0,test
5624,2017-12-25 11:57:38,2017-12-25,6,28,0,test
5625,2017-12-25 11:58:09,2017-12-25,6,28,0,test
5626,2017-12-25 11:58:39,2017-12-25,6,28,0,test
5627,2017-12-25 11:59:10,2017-12-25,6,28,0,test
5628,2017-12-25 11:59:40,2017-12-25,6,28,0,test
5629,2017-12-25 12:00:11,2017-12-25,6,28,0,test
5630,2017-12-25 12:00:42,2017-12-25,6,28,0,test
5631,2017-12-25 12:01:12,2017-12-25,6,28,0,test
5632,2017-12-25 12:01:43,2017-12-25,6,28,0,test
5633,2017-12-25 12:02:14,2017-12-25,6,28,0,test
5634,2017-12-25 12:02:44,2017-12-25,6,28,0,test
5635,2017-12-25 12:03:15,2017-12-25,6,28,0,test
5636,2017-12-25 12:03:46,2017-12-25,6,28,0,test
5637,2017-12-25 12:04:16,2017-12-25,6,28,0,test
5638,2017-12-25 12:04:47,2017-12-25,6,28,0,test
5639,2017-12-25 12:05:17,2017-12-25,6,28,0,test
5640,2017-12-25 12:05:48,2017-12-25,6,28,0,test
5641,2017-12-25 12:06:19,2017-12-25,6,28,0,test
5642,2017-12-25 12:06:49,2017-12-25,6,28,0,test
5643,2017-12-25 12:07:20,2017-12-25,6,28,0,test
5644,2017-12-25 12:07:51,2017-12-25,6,28,0,test
5645,2017-12-25 12:08:21,2017-12-25,6,28,0,test
5646,2017-12-25 12:08:52,2017-12-25,6,28,0,test
5647,2017-12-25 12:09:23,2017-12-25,6,28,0,test
5648,2017-12-25 12:09:53,2017-12-25,6,28,0,test
5649,2017-12-25 12:10:24,2017-12-25,6,28,0,test
5650,2017-12-25 12:10:54,2017-12-25,6,28,0,test
5651,2017-12-25 12:11:25,2017-12-25,6,28,0,test
5652,2017-12-25 12:11:56,2017-12-25,6,28,0,test
5653,2017-12-25 12:12:26,2017-12-25,6,28,0,test
5654,2017-12-25 12:12:57,2017-12-25,6,28,0,test
5655,2017-12-25 12:13:28,2017-12-25,6,28,0,test
5656,2017-12-25 12:13:58,2017-12-25,6,28,0,test
5657,2017-12-25 12:14:29,2017-12-25,6,28,0,test
5658,2017-12-25 12:15:00,2017-12-25,6,28,0,test
5659,2017-12-25 12:15:30,2017-12-25,6,28,0,test
5660,2017-12-25 12:16:01,2017-12-25,6,28,0,test
5661,2017-12-25 12:16:31,2017-12-25,6,28,0,test
5662,2017-12-25 12:17:02,2017-12-25,6,28,0,test
5663,2017-12-25 12:17:33,2017-12-25,6,28,0,test
5664,2017-12-25 12:18:03,2017-12-25,6,28,0,test
5665,2017-12-25 12:18:34,2017-12-25,6,28,0,test
5666,2017-12-25 12:19:05,2017-12-25,6,28,0,test
5667,2017-12-25 12:19:35,2017-12-25,6,28,0,test
5668,2017-12-25 12:20:06,2017-12-25,6,28,0,test
5669,2017-12-25 12:20:37,2017-12-25,6,28,0,test
5670,2017-12-25 12:21:07,2017-12-25,6,28,0,test
5671,2017-12-25 12:21:38,2017-12-25,6,28,0,test
5672,2017-12-25 12:22:08,2017-12-25,6,28,0,test
5673,2017-12-25 12:22:39,2017-12-25,6,28,0,test
5674,2017-12-25 12:23:10,2017-12-25,6,28,0,test
5675,2017-12-25 12:23:40,2017-12-25,6,28,0,test
5676,2017-12-25 12:24:11,2017-12-25,6,28,0,test
5677,2017-12-25 12:24:42,2017-12-25,6,28,0,test
5678,2017-12-25 12:25:12,2017-12-25,6,28,0,test
5679,2017-12-25 12:25:43,2017-12-25,6,28,0,test
5680,2017-12-25 12:26:14,2017-12-25,6,28,0,test
5681,2017-12-25 12:26:44,2017-12-25,6,28,0,test
5682,2017-12-25 12:27:15,2017-12-25,6,28,0,test
5683,2017-12-25 12:27:45,2017-12-25,6,28,0,test
5684,2017-12-25 12:28:16,2017-12-25,6,28,0,test
5685,2017-12-25 12:28:47,2017-12-25,6,28,0,test
5686,2017-12-25 12:29:17,2017-12-25,6,28,0,test
5687,2017-12-25 12:29:48,2017-12-25,6,28,0,test
5688,2017-12-25 12:30:19,2017-12-25,6,28,0,test
5689,2017-12-25 12:30:49,2017-12-25,6,28,0,test
5690,2017-12-25 12:31:20,2017-12-25,6,28,0,test
5691,2017-12-25 12:31:51,2017-12-25,6,28,0,test
5692,2017-12-25 12:32:21,2017-12-25,6,28,0,test
5693,2017-12-25 12:32:52,2017-12-25,6,28,0,test
5694,2017-12-25 12:33:22,2017-12-25,6,28,0,test
5695,2017-12-25 12:33:53,2017-12-25,6,28,0,test
5696,2017-12-25 12:34:24,2017-12-25,6,28,0,test
5697,2017-12-25 12:34:54,2017-12-25,6,28,0,test
5698,2017-12-25 12:35:25,2017-12-25,6,28,0,test
5699,2017-12-25 12:35:56,2017-12-25,6,28,0,test
5700,2017-12-25 12:36:57,2017-12-25,6,28,0,test
5701,2017-12-25 12:37:28,2017-12-25,6,28,0,test
5702,2017-12-25 12:37:58,2017-12-25,6,28,0,test
5703,2017-12-25 12:38:29,2017-12-25,6,28,0,test
5704,2017-12-25 12:38:59,2017-12-25,6,28,0,test
5705,2017-12-25 12:39:30,2017-12-25,6,28,0,test
5706,2017-12-25 12:40:01,2017-12-25,6,28,0,test
5707,2017-12-25 12:40:31,2017-12-25,6,28,0,test
5708,2017-12-25 12:41:02,2017-12-25,6,28,0,test
5709,2017-12-25 12:41:33,2017-12-25,6,28,0,test
5710,2017-12-25 12:42:03,2017-12-25,6,28,0,test
5711,2017-12-25 12:42:34,2017-12-25,6,28,0,test
5712,2017-12-25 12:43:04,2017-12-25,6,28,0,test
5713,2017-12-25 12:43:35,2017-12-25,6,28,0,test
5714,2017-12-25 12:44:06,2017-12-25,6,28,0,test
5715,2017-12-25 12:44:36,2017-12-25,6,28,0,test
5716,2017-12-25 12:45:07,2017-12-25,6,28,0,test
5717,2017-12-25 12:45:38,2017-12-25,6,28,0,test
5718,2017-12-25 12:46:08,2017-12-25,6,28,0,test
5719,2017-12-25 12:46:39,2017-12-25,6,28,0,test
5720,2017-12-25 12:47:10,2017-12-25,6,28,0,test
5721,2017-12-25 12:47:40,2017-12-25,6,28,0,test
5722,2017-12-25 12:48:11,2017-12-25,6,28,0,test
5723,2017-12-25 12:48:41,2017-12-25,6,28,0,test
5724,2017-12-25 12:49:12,2017-12-25,6,28,0,test
5725,2017-12-25 12:49:43,2017-12-25,6,28,0,test
5726,2017-12-25 12:50:13,2017-12-25,6,28,0,test
5727,2017-12-25 12:50:44,2017-12-25,6,28,0,test
5728,2017-12-25 12:51:15,2017-12-25,6,28,0,test
5729,2017-12-25 12:51:45,2017-12-25,6,28,0,test
5730,2017-12-25 12:52:16,2017-12-25,6,28,0,test
5731,2017-12-25 12:52:47,2017-12-25,6,28,0,test
5732,2017-12-25 12:53:17,2017-12-25,6,28,0,test
5733,2017-12-25 12:53:48,2017-12-25,6,28,0,test
5734,2017-12-25 12:54:18,2017-12-25,6,28,0,test
5735,2017-12-25 12:54:49,2017-12-25,6,28,0,test
5736,2017-12-25 12:55:20,2017-12-25,6,28,0,test
5737,2017-12-25 12:55:50,2017-12-25,6,28,0,test
5738,2017-12-25 12:56:21,2017-12-25,6,28,0,test
5739,2017-12-25 12:56:52,2017-12-25,6,28,0,test
5740,2017-12-25 12:57:22,2017-12-25,6,28,0,test
5741,2017-12-25 12:57:53,2017-12-25,6,28,0,test
5742,2017-12-25 12:58:24,2017-12-25,6,28,0,test
5743,2017-12-25 12:58:54,2017-12-25,6,28,0,test
5744,2017-12-25 12:59:25,2017-12-25,6,28,0,test
5745,2017-12-25 12:59:55,2017-12-25,6,28,0,test
5746,2017-12-25 13:00:26,2017-12-25,6,28,0,test
5747,2017-12-25 13:00:57,2017-12-25,6,28,0,test
5748,2017-12-25 13:01:27,2017-12-25,6,28,0,test
5749,2017-12-25 13:01:58,2017-12-25,6,28,0,test
5750,2017-12-25 13:02:29,2017-12-25,6,28,0,test
5751,2017-12-25 13:02:59,2017-12-25,6,28,0,test
5752,2017-12-25 13:03:30,2017-12-25,6,28,0,test
5753,2017-12-25 13:04:01,2017-12-25,6,28,0,test
5754,2017-12-25 13:04:31,2017-12-25,6,28,0,test
5755,2017-12-25 13:05:02,2017-12-25,6,28,0,test
5756,2017-12-25 13:05:32,2017-12-25,6,28,0,test
5757,2017-12-25 13:06:03,2017-12-25,6,28,0,test
5758,2017-12-25 13:06:34,2017-12-25,6,28,0,test
5759,2017-12-25 13:07:04,2017-12-25,6,28,0,test
5760,2017-12-25 13:07:35,2017-12-25,6,28,0,test
5761,2017-12-25 13:08:06,2017-12-25,6,28,0,test
5762,2017-12-25 13:08:36,2017-12-25,6,28,0,test
5763,2017-12-25 13:09:07,2017-12-25,6,28,0,test
5764,2017-12-25 13:09:38,2017-12-25,6,28,0,test
5765,2017-12-25 13:10:08,2017-12-25,6,28,0,test
5766,2017-12-25 13:10:39,2017-12-25,6,28,0,test
5767,2017-12-25 13:11:09,2017-12-25,6,28,0,test
5768,2017-12-25 13:11:40,2017-12-25,6,28,0,test
5769,2017-12-25 13:12:11,2017-12-25,6,28,0,test
5770,2017-12-25 13:12:41,2017-12-25,6,28,0,test
5771,2017-12-25 13:13:12,2017-12-25,6,28,0,test
5772,2017-12-25 13:13:43,2017-12-25,6,28,0,test
5773,2017-12-25 13:14:13,2017-12-25,6,28,0,test
5774,2017-12-25 13:14:44,2017-12-25,6,28,0,test
5775,2017-12-25 13:15:14,2017-12-25,6,28,0,test
5776,2017-12-25 13:15:45,2017-12-25,6,28,0,test
5777,2017-12-25 13:16:16,2017-12-25,6,28,0,test
5778,2017-12-25 13:16:46,2017-12-25,6,28,0,test
5779,2017-12-25 13:17:17,2017-12-25,6,28,0,test
5780,2017-12-25 13:17:48,2017-12-25,6,28,0,test
5781,2017-12-25 13:18:18,2017-12-25,6,28,0,test
5782,2017-12-25 13:18:49,2017-12-25,6,28,0,test
5783,2017-12-25 13:19:20,2017-12-25,6,28,0,test
5784,2017-12-25 13:19:50,2017-12-25,6,28,0,test
5785,2017-12-25 13:20:21,2017-12-25,6,28,0,test
5786,2017-12-25 13:20:51,2017-12-25,6,28,0,test
5787,2017-12-25 13:21:22,2017-12-25,6,28,0,test
5788,2017-12-25 13:21:53,2017-12-25,6,28,0,test
5789,2017-12-25 13:22:23,2017-12-25,6,28,0,test
5790,2017-12-25 13:22:54,2017-12-25,6,28,0,test
5791,2017-12-25 13:23:25,2017-12-25,6,28,0,test
5792,2017-12-25 13:23:55,2017-12-25,6,28,0,test
5793,2017-12-25 13:24:26,2017-12-25,6,28,0,test
5794,2017-12-25 13:24:57,2017-12-25,6,28,0,test
5795,2017-12-25 13:25:27,2017-12-25,6,28,0,test
5796,2017-12-25 13:25:58,2017-12-25,6,28,0,test
5797,2017-12-25 13:26:28,2017-12-25,6,28,0,test
5798,2017-12-25 13:26:59,2017-12-25,6,28,0,test
5799,2017-12-25 13:27:30,2017-12-25,6,28,0,test
5800,2017-12-25 13:28:00,2017-12-25,6,28,0,test
5801,2017-12-25 13:28:31,2017-12-25,6,28,0,test
5802,2017-12-25 13:29:02,2017-12-25,6,28,0,test
5803,2017-12-25 13:29:32,2017-12-25,6,28,0,test
5804,2017-12-25 13:30:03,2017-12-25,6,28,0,test
5805,2017-12-25 13:30:34,2017-12-25,6,28,0,test
5806,2017-12-25 13:31:04,2017-12-25,6,28,0,test
5807,2017-12-25 13:31:35,2017-12-25,6,28,0,test
5808,2017-12-25 13:32:36,2017-12-25,6,28,0,test
5809,2017-12-25 13:33:07,2017-12-25,6,28,0,test
5810,2017-12-25 13:33:37,2017-12-25,6,28,0,test
5811,2017-12-25 13:34:08,2017-12-25,6,28,0,test
5812,2017-12-25 13:34:39,2017-12-25,6,28,0,test
5813,2017-12-25 13:35:09,2017-12-25,6,28,0,test
5814,2017-12-25 13:35:40,2017-12-25,6,28,0,test
5815,2017-12-25 13:36:11,2017-12-25,6,28,0,test
5816,2017-12-25 13:36:41,2017-12-25,6,28,0,test
5817,2017-12-25 13:37:12,2017-12-25,6,28,0,test
5818,2017-12-25 13:37:42,2017-12-25,6,28,0,test
5819,2017-12-25 13:38:13,2017-12-25,6,28,0,test
5820,2017-12-25 13:38:44,2017-12-25,6,28,0,test
5821,2017-12-25 13:39:14,2017-12-25,6,28,0,test
5822,2017-12-25 13:39:45,2017-12-25,6,28,0,test
5823,2017-12-25 13:40:16,2017-12-25,6,28,0,test
5824,2017-12-25 13:40:46,2017-12-25,6,28,0,test
5825,2017-12-25 13:41:17,2017-12-25,6,28,0,test
5826,2017-12-25 13:41:48,2017-12-25,6,28,0,test
5827,2017-12-25 13:42:18,2017-12-25,6,28,0,test
5828,2017-12-25 13:42:49,2017-12-25,6,28,0,test
5829,2017-12-25 13:43:19,2017-12-25,6,28,0,test
5830,2017-12-25 13:43:50,2017-12-25,6,28,0,test
5831,2017-12-25 13:44:21,2017-12-25,6,28,0,test
5832,2017-12-25 13:44:51,2017-12-25,6,28,0,test
5833,2017-12-25 13:45:22,2017-12-25,6,28,0,test
5834,2017-12-25 13:45:53,2017-12-25,6,28,0,test
5835,2017-12-25 13:46:23,2017-12-25,6,28,0,test
5836,2017-12-25 13:46:54,2017-12-25,6,28,0,test
5837,2017-12-25 13:47:25,2017-12-25,6,28,0,test
5838,2017-12-25 13:47:55,2017-12-25,6,28,0,test
5839,2017-12-25 13:48:26,2017-12-25,6,28,0,test
5840,2017-12-25 13:48:56,2017-12-25,6,28,0,test
5841,2017-12-25 13:49:27,2017-12-25,6,28,0,test
5842,2017-12-25 13:49:58,2017-12-25,6,28,0,test
5843,2017-12-25 13:50:28,2017-12-25,6,28,0,test
5844,2017-12-25 13:50:59,2017-12-25,6,28,0,test
5845,2017-12-25 13:51:30,2017-12-25,6,28,0,test
5846,2017-12-25 13:52:00,2017-12-25,6,28,0,test
5847,2017-12-25 13:52:31,2017-12-25,6,28,0,test
5848,2017-12-25 13:53:01,2017-12-25,6,28,0,test
5849,2017-12-25 13:53:32,2017-12-25,6,28,0,test
5850,2017-12-25 13:54:03,2017-12-25,6,28,0,test
5851,2017-12-25 13:54:33,2017-12-25,6,28,0,test
5852,2017-12-25 13:55:04,2017-12-25,6,28,0,test
5853,2017-12-25 13:55:35,2017-12-25,6,28,0,test
5854,2017-12-25 13:56:05,2017-12-25,6,28,0,test
5855,2017-12-25 13:56:36,2017-12-25,6,28,0,test
5856,2017-12-25 13:57:07,2017-12-25,6,28,0,test
5857,2017-12-25 13:57:37,2017-12-25,6,28,0,test
5858,2017-12-25 13:58:08,2017-12-25,6,28,0,test
5859,2017-12-25 13:58:38,2017-12-25,6,28,0,test
5860,2017-12-25 13:59:09,2017-12-25,6,28,0,test
5861,2017-12-25 13:59:40,2017-12-25,6,28,0,test
5862,2017-12-25 14:00:10,2017-12-25,6,28,0,test
5863,2017-12-25 14:00:41,2017-12-25,6,28,0,test
5864,2017-12-25 14:01:12,2017-12-25,6,28,0,test
5865,2017-12-25 14:01:42,2017-12-25,6,28,0,test
5866,2017-12-25 14:02:13,2017-12-25,6,28,0,test
5867,2017-12-25 14:02:44,2017-12-25,6,28,0,test
5868,2017-12-25 14:03:14,2017-12-25,6,28,0,test
5869,2017-12-25 14:03:45,2017-12-25,6,28,0,test
5870,2017-12-25 14:04:15,2017-12-25,6,28,0,test
5871,2017-12-25 14:04:46,2017-12-25,6,28,0,test
5872,2017-12-25 14:05:17,2017-12-25,6,28,0,test
5873,2017-12-25 14:05:47,2017-12-25,6,28,0,test
5874,2017-12-25 14:06:18,2017-12-25,6,28,0,test
5875,2017-12-25 14:06:49,2017-12-25,6,28,0,test
5876,2017-12-25 14:07:19,2017-12-25,6,28,0,test
5877,2017-12-25 14:07:50,2017-12-25,6,28,0,test
5878,2017-12-25 14:08:21,2017-12-25,6,28,0,test
5879,2017-12-25 14:08:51,2017-12-25,6,28,0,test
5880,2017-12-25 14:09:22,2017-12-25,6,28,0,test
5881,2017-12-25 14:09:52,2017-12-25,6,28,0,test
5882,2017-12-25 14:10:23,2017-12-25,6,28,0,test
5883,2017-12-25 14:10:54,2017-12-25,6,28,0,test
5884,2017-12-25 14:11:24,2017-12-25,6,28,0,test
5885,2017-12-25 14:11:55,2017-12-25,6,28,0,test
5886,2017-12-25 14:12:26,2017-12-25,6,28,0,test
5887,2017-12-25 14:12:56,2017-12-25,6,28,0,test
5888,2017-12-25 14:13:27,2017-12-25,6,28,0,test
5889,2017-12-25 14:13:58,2017-12-25,6,28,0,test
5890,2017-12-25 14:14:28,2017-12-25,6,28,0,test
5891,2017-12-25 14:14:59,2017-12-25,6,28,0,test
5892,2017-12-25 14:15:29,2017-12-25,6,28,0,test
5893,2017-12-25 14:16:00,2017-12-25,6,28,0,test
5894,2017-12-25 14:16:31,2017-12-25,6,28,0,test
5895,2017-12-25 14:17:01,2017-12-25,6,28,0,test
5896,2017-12-25 14:17:32,2017-12-25,6,28,0,test
5897,2017-12-25 14:18:03,2017-12-25,6,28,0,test
5898,2017-12-25 14:18:33,2017-12-25,6,28,0,test
5899,2017-12-25 14:19:04,2017-12-25,6,28,0,test
5900,2017-12-25 14:19:35,2017-12-25,6,28,0,test
5901,2017-12-25 14:20:05,2017-12-25,6,28,0,test
5902,2017-12-25 14:20:36,2017-12-25,6,28,0,test
5903,2017-12-25 14:21:06,2017-12-25,6,28,0,test
5904,2017-12-25 14:21:37,2017-12-25,6,28,0,test
5905,2017-12-25 14:22:08,2017-12-25,6,28,0,test
5906,2017-12-25 14:22:38,2017-12-25,6,28,0,test
5907,2017-12-25 14:23:09,2017-12-25,6,28,0,test
5908,2017-12-25 14:23:40,2017-12-25,6,28,0,test
5909,2017-12-25 14:24:10,2017-12-25,6,28,0,test
5910,2017-12-25 14:24:41,2017-12-25,6,28,0,test
5911,2017-12-25 14:25:12,2017-12-25,6,28,0,test
5912,2017-12-25 14:25:42,2017-12-25,6,28,0,test
5913,2017-12-25 14:26:13,2017-12-25,6,28,0,test
5914,2017-12-25 14:26:43,2017-12-25,6,28,0,test
5915,2017-12-25 14:27:14,2017-12-25,6,28,0,test
5916,2017-12-25 14:27:45,2017-12-25,6,28,0,test
5917,2017-12-25 14:28:46,2017-12-25,6,28,0,test
5918,2017-12-25 14:29:17,2017-12-25,6,28,0,test
5919,2017-12-25 14:29:47,2017-12-25,6,28,0,test
5920,2017-12-25 14:30:18,2017-12-25,6,28,0,test
5921,2017-12-25 14:30:49,2017-12-25,6,28,0,test
5922,2017-12-25 14:31:19,2017-12-25,6,28,0,test
5923,2017-12-25 14:31:50,2017-12-25,6,28,0,test
5924,2017-12-25 14:32:20,2017-12-25,6,28,0,test
5925,2017-12-25 14:32:51,2017-12-25,6,28,0,test
5926,2017-12-25 14:33:22,2017-12-25,6,28,0,test
5927,2017-12-25 14:33:52,2017-12-25,6,28,0,test
5928,2017-12-25 14:34:23,2017-12-25,6,28,0,test
5929,2017-12-25 14:34:54,2017-12-25,6,28,0,test
5930,2017-12-25 14:35:24,2017-12-25,6,28,0,test
5931,2017-12-25 14:35:55,2017-12-25,6,28,0,test
5932,2017-12-25 14:36:25,2017-12-25,6,28,0,test
5933,2017-12-25 14:37:27,2017-12-25,6,28,0,test
5934,2017-12-25 14:37:57,2017-12-25,6,28,0,test
5935,2017-12-25 14:38:28,2017-12-25,6,28,0,test
5936,2017-12-25 14:38:59,2017-12-25,6,28,0,test
5937,2017-12-25 14:39:29,2017-12-25,6,28,0,test
5938,2017-12-25 14:40:00,2017-12-25,6,28,0,test
5939,2017-12-25 14:40:31,2017-12-25,6,28,0,test
5940,2017-12-25 14:41:01,2017-12-25,6,28,0,test
5941,2017-12-25 14:41:32,2017-12-25,6,28,0,test
5942,2017-12-25 14:42:02,2017-12-25,6,28,0,test
5943,2017-12-25 14:42:33,2017-12-25,6,28,0,test
5944,2017-12-25 14:43:04,2017-12-25,6,28,0,test
5945,2017-12-25 14:43:34,2017-12-25,6,28,0,test
5946,2017-12-25 14:44:05,2017-12-25,6,28,0,test
5947,2017-12-25 14:44:36,2017-12-25,6,28,0,test
5948,2017-12-25 14:45:06,2017-12-25,6,28,0,test
5949,2017-12-25 14:45:37,2017-12-25,6,28,0,test
5950,2017-12-25 14:46:08,2017-12-25,6,28,0,test
5951,2017-12-25 14:46:38,2017-12-25,6,28,0,test
5952,2017-12-25 14:47:09,2017-12-25,6,28,0,test
5953,2017-12-25 14:47:39,2017-12-25,6,28,0,test
5954,2017-12-25 14:48:10,2017-12-25,6,28,0,test
5955,2017-12-25 14:48:41,2017-12-25,6,28,0,test
5956,2017-12-25 14:49:11,2017-12-25,6,28,0,test
5957,2017-12-25 14:49:42,2017-12-25,6,28,0,test
5958,2017-12-25 14:50:13,2017-12-25,6,28,0,test
5959,2017-12-25 14:50:43,2017-12-25,6,28,0,test
5960,2017-12-25 14:51:14,2017-12-25,6,28,0,test
5961,2017-12-25 14:51:45,2017-12-25,6,28,0,test
5962,2017-12-25 14:52:15,2017-12-25,6,28,0,test
5963,2017-12-25 14:52:46,2017-12-25,6,28,0,test
5964,2017-12-25 14:53:16,2017-12-25,6,28,0,test
5965,2017-12-25 14:53:47,2017-12-25,6,28,0,test
5966,2017-12-25 14:54:18,2017-12-25,6,28,0,test
5967,2017-12-25 14:54:48,2017-12-25,6,28,0,test
5968,2017-12-25 14:55:19,2017-12-25,6,28,0,test
5969,2017-12-25 14:55:50,2017-12-25,6,28,0,test
5970,2017-12-25 14:56:20,2017-12-25,6,28,0,test
5971,2017-12-25 14:56:51,2017-12-25,6,28,0,test
5972,2017-12-25 14:57:22,2017-12-25,6,28,0,test
5973,2017-12-25 14:57:52,2017-12-25,6,28,0,test
5974,2017-12-25 14:58:23,2017-12-25,6,28,0,test
5975,2017-12-25 14:58:53,2017-12-25,6,28,0,test
5976,2017-12-25 14:59:24,2017-12-25,6,28,0,test
5977,2017-12-25 14:59:55,2017-12-25,6,28,0,test
5978,2017-12-25 15:00:25,2017-12-25,6,28,0,test
5979,2017-12-25 15:00:56,2017-12-25,6,28,0,test
5980,2017-12-25 15:01:27,2017-12-25,6,28,0,test
5981,2017-12-25 15:01:57,2017-12-25,6,28,0,test
5982,2017-12-25 15:02:28,2017-12-25,6,28,0,test
5983,2017-12-25 15:03:29,2017-12-25,6,28,0,test
5984,2017-12-25 15:04:00,2017-12-25,6,28,0,test
5985,2017-12-25 15:04:30,2017-12-25,6,28,0,test
5986,2017-12-25 15:05:01,2017-12-25,6,28,0,test
5987,2017-12-25 15:05:32,2017-12-25,6,28,0,test
5988,2017-12-25 15:06:02,2017-12-25,6,28,0,test
5989,2017-12-25 15:06:33,2017-12-25,6,28,0,test
5990,2017-12-25 15:07:04,2017-12-25,6,28,0,test
5991,2017-12-25 15:07:34,2017-12-25,6,28,0,test
5992,2017-12-25 15:08:05,2017-12-25,6,28,0,test
5993,2017-12-25 15:08:35,2017-12-25,6,28,0,test
5994,2017-12-25 15:09:06,2017-12-25,6,28,0,test
5995,2017-12-25 15:09:37,2017-12-25,6,28,0,test
5996,2017-12-25 15:10:07,2017-12-25,6,28,0,test
5997,2017-12-25 15:10:38,2017-12-25,6,28,0,test
5998,2017-12-25 15:11:09,2017-12-25,6,28,0,test
5999,2017-12-25 15:11:39,2017-12-25,6,28,0,test
6000,2017-12-25 15:12:10,2017-12-25,6,28,0,test
6001,2017-12-25 15:12:41,2017-12-25,6,28,0,test
6002,2017-12-25 15:13:11,2017-12-25,6,28,0,test
6003,2017-12-25 15:13:42,2017-12-25,6,28,0,test
6004,2017-12-25 15:14:12,2017-12-25,6,28,0,test
6005,2017-12-25 15:14:43,2017-12-25,6,28,0,test
6006,2017-12-25 15:15:14,2017-12-25,6,28,0,test
6007,2017-12-25 15:15:44,2017-12-25,6,28,0,test
6008,2017-12-25 15:16:15,2017-12-25,6,28,0,test
6009,2017-12-25 15:16:46,2017-12-25,6,28,0,test
6010,2017-12-25 15:17:16,2017-12-25,6,28,0,test
6011,2017-12-25 15:17:47,2017-12-25,6,28,0,test
6012,2017-12-25 15:18:18,2017-12-25,6,28,0,test
6013,2017-12-25 15:18:48,2017-12-25,6,28,0,test
6014,2017-12-25 15:19:19,2017-12-25,6,28,0,test
6015,2017-12-25 15:19:49,2017-12-25,6,28,0,test
6016,2017-12-25 15:20:20,2017-12-25,6,28,0,test
6017,2017-12-25 15:20:51,2017-12-25,6,28,0,test
6018,2017-12-25 15:21:21,2017-12-25,6,28,0,test
6019,2017-12-25 15:21:52,2017-12-25,6,28,0,test
6020,2017-12-25 15:22:23,2017-12-25,6,28,0,test
6021,2017-12-25 15:23:24,2017-12-25,6,28,0,test
6022,2017-12-25 15:23:55,2017-12-25,6,28,0,test
6023,2017-12-25 15:24:25,2017-12-25,6,28,0,test
6024,2017-12-25 15:24:56,2017-12-25,6,28,0,test
6025,2017-12-25 15:25:26,2017-12-25,6,28,0,test
6026,2017-12-25 15:25:57,2017-12-25,6,28,0,test
6027,2017-12-25 15:26:28,2017-12-25,6,28,0,test
6028,2017-12-25 15:26:58,2017-12-25,6,28,0,test
6029,2017-12-25 15:27:29,2017-12-25,6,28,0,test
6030,2017-12-25 15:28:00,2017-12-25,6,28,0,test
6031,2017-12-25 15:28:30,2017-12-25,6,28,0,test
6032,2017-12-25 15:29:01,2017-12-25,6,28,0,test
6033,2017-12-25 15:29:32,2017-12-25,6,28,0,test
6034,2017-12-25 15:30:02,2017-12-25,6,28,0,test
6035,2017-12-25 15:30:33,2017-12-25,6,28,0,test
6036,2017-12-25 15:31:03,2017-12-25,6,28,0,test
6037,2017-12-25 15:31:34,2017-12-25,6,28,0,test
6038,2017-12-25 15:32:05,2017-12-25,6,28,0,test
6039,2017-12-25 15:32:35,2017-12-25,6,28,0,test
6040,2017-12-25 15:33:06,2017-12-25,6,28,0,test
6041,2017-12-25 15:33:37,2017-12-25,6,28,0,test
6042,2017-12-25 15:34:07,2017-12-25,6,28,0,test
6043,2017-12-25 15:34:38,2017-12-25,6,28,0,test
6044,2017-12-25 15:35:09,2017-12-25,6,28,0,test
6045,2017-12-25 15:35:39,2017-12-25,6,28,0,test
6046,2017-12-25 15:36:10,2017-12-25,6,28,0,test
6047,2017-12-25 15:36:40,2017-12-25,6,28,0,test
6048,2017-12-25 15:37:11,2017-12-25,6,28,0,test
6049,2017-12-25 15:37:42,2017-12-25,6,28,0,test
6050,2017-12-25 15:38:12,2017-12-25,6,28,0,test
6051,2017-12-25 15:38:43,2017-12-25,6,28,0,test
6052,2017-12-25 15:39:14,2017-12-25,6,28,0,test
6053,2017-12-25 15:39:44,2017-12-25,6,28,0,test
6054,2017-12-25 15:40:15,2017-12-25,6,28,0,test
6055,2017-12-25 15:40:45,2017-12-25,6,28,0,test
6056,2017-12-25 15:41:16,2017-12-25,6,28,0,test
6057,2017-12-25 15:41:47,2017-12-25,6,28,0,test
6058,2017-12-25 15:42:17,2017-12-25,6,28,0,test
6059,2017-12-25 15:42:48,2017-12-25,6,28,0,test
6060,2017-12-25 15:43:19,2017-12-25,6,28,0,test
6061,2017-12-25 15:43:49,2017-12-25,6,28,0,test
6062,2017-12-25 15:44:20,2017-12-25,6,28,0,test
6063,2017-12-25 15:44:51,2017-12-25,6,28,0,test
6064,2017-12-25 15:45:21,2017-12-25,6,28,0,test
6065,2017-12-25 15:45:52,2017-12-25,6,28,0,test
6066,2017-12-25 15:46:22,2017-12-25,6,28,0,test
6067,2017-12-25 15:46:53,2017-12-25,6,28,0,test
6068,2017-12-25 15:47:24,2017-12-25,6,28,0,test
6069,2017-12-25 15:47:54,2017-12-25,6,28,0,test
6070,2017-12-25 15:48:25,2017-12-25,6,28,0,test
6071,2017-12-25 15:48:56,2017-12-25,6,28,0,test
6072,2017-12-25 15:49:26,2017-12-25,6,28,0,test
6073,2017-12-25 15:49:57,2017-12-25,6,28,0,test
6074,2017-12-25 15:50:28,2017-12-25,6,28,0,test
6075,2017-12-25 15:50:58,2017-12-25,6,28,0,test
6076,2017-12-25 15:51:29,2017-12-25,6,28,0,test
6077,2017-12-25 15:51:59,2017-12-25,6,28,0,test
6078,2017-12-25 15:52:30,2017-12-25,6,28,0,test
6079,2017-12-25 15:53:01,2017-12-25,6,28,0,test
6080,2017-12-25 15:53:31,2017-12-25,6,28,0,test
6081,2017-12-25 15:54:02,2017-12-25,6,28,0,test
6082,2017-12-25 15:54:33,2017-12-25,6,28,0,test
6083,2017-12-25 15:55:03,2017-12-25,6,28,0,test
6084,2017-12-25 15:55:34,2017-12-25,6,28,0,test
6085,2017-12-25 15:56:05,2017-12-25,6,28,0,test
6086,2017-12-25 15:56:35,2017-12-25,6,28,0,test
6087,2017-12-25 15:57:06,2017-12-25,6,28,0,test
6088,2017-12-25 15:57:36,2017-12-25,6,28,0,test
6089,2017-12-25 15:58:07,2017-12-25,6,28,0,test
6090,2017-12-25 15:58:38,2017-12-25,6,28,0,test
6091,2017-12-25 15:59:08,2017-12-25,6,28,0,test
6092,2017-12-25 15:59:39,2017-12-25,6,28,0,test
6093,2017-12-25 16:00:10,2017-12-25,6,28,0,test
6094,2017-12-25 16:00:40,2017-12-25,6,28,0,test
6095,2017-12-25 16:01:11,2017-12-25,6,28,0,test
6096,2017-12-25 16:01:42,2017-12-25,6,28,0,test
6097,2017-12-25 16:02:12,2017-12-25,6,28,0,test
6098,2017-12-25 16:02:43,2017-12-25,6,28,0,test
6099,2017-12-25 16:03:13,2017-12-25,6,28,0,test
6100,2017-12-25 16:03:44,2017-12-25,6,28,0,test
6101,2017-12-25 16:04:15,2017-12-25,6,28,0,test
6102,2017-12-25 16:04:45,2017-12-25,6,28,0,test
6103,2017-12-25 16:05:16,2017-12-25,6,28,0,test
6104,2017-12-25 16:05:47,2017-12-25,6,28,0,test
6105,2017-12-25 16:06:17,2017-12-25,6,28,0,test
6106,2017-12-25 16:06:48,2017-12-25,6,28,0,test
6107,2017-12-25 16:07:19,2017-12-25,6,28,0,test
6108,2017-12-25 16:07:49,2017-12-25,6,28,0,test
6109,2017-12-25 16:08:20,2017-12-25,6,28,0,test
6110,2017-12-25 16:08:50,2017-12-25,6,28,0,test
6111,2017-12-25 16:09:21,2017-12-25,6,28,0,test
6112,2017-12-25 16:09:52,2017-12-25,6,28,0,test
6113,2017-12-25 16:10:22,2017-12-25,6,28,0,test
6114,2017-12-25 16:10:53,2017-12-25,6,28,0,test
6115,2017-12-25 16:11:24,2017-12-25,6,28,0,test
6116,2017-12-25 16:11:54,2017-12-25,6,28,0,test
6117,2017-12-25 16:12:25,2017-12-25,6,28,0,test
6118,2017-12-25 16:12:56,2017-12-25,6,28,0,test
6119,2017-12-25 16:13:26,2017-12-25,6,28,0,test
6120,2017-12-25 16:13:57,2017-12-25,6,28,0,test
6121,2017-12-25 16:14:27,2017-12-25,6,28,0,test
6122,2017-12-25 16:14:58,2017-12-25,6,28,0,test
6123,2017-12-25 16:15:29,2017-12-25,6,28,0,test
6124,2017-12-25 16:15:59,2017-12-25,6,28,0,test
6125,2017-12-25 16:16:30,2017-12-25,6,28,0,test
6126,2017-12-25 16:17:01,2017-12-25,6,28,0,test
6127,2017-12-25 16:17:31,2017-12-25,6,28,0,test
6128,2017-12-25 16:18:02,2017-12-25,6,28,0,test
6129,2017-12-25 16:18:32,2017-12-25,6,28,0,test
6130,2017-12-25 16:19:03,2017-12-25,6,28,0,test
6131,2017-12-25 16:19:34,2017-12-25,6,28,0,test
6132,2017-12-25 16:20:35,2017-12-25,6,28,0,test
6133,2017-12-25 16:21:06,2017-12-25,6,28,0,test
6134,2017-12-25 16:21:36,2017-12-25,6,28,0,test
6135,2017-12-25 16:22:07,2017-12-25,6,28,0,test
6136,2017-12-25 16:22:38,2017-12-25,6,28,0,test
6137,2017-12-25 16:23:08,2017-12-25,6,28,0,test
6138,2017-12-25 16:23:39,2017-12-25,6,28,0,test
6139,2017-12-25 16:24:09,2017-12-25,6,28,0,test
6140,2017-12-25 16:24:40,2017-12-25,6,28,0,test
6141,2017-12-25 16:25:11,2017-12-25,6,28,0,test
6142,2017-12-25 16:25:41,2017-12-25,6,28,0,test
6143,2017-12-25 16:26:12,2017-12-25,6,28,0,test
6144,2017-12-25 16:26:43,2017-12-25,6,28,0,test
6145,2017-12-25 16:27:13,2017-12-25,6,28,0,test
6146,2017-12-25 16:27:44,2017-12-25,6,28,0,test
6147,2017-12-25 16:28:15,2017-12-25,6,28,0,test
6148,2017-12-25 16:28:45,2017-12-25,6,28,0,test
6149,2017-12-25 16:29:16,2017-12-25,6,28,0,test
6150,2017-12-25 16:29:46,2017-12-25,6,28,0,test
6151,2017-12-25 16:30:17,2017-12-25,6,28,0,test
6152,2017-12-25 16:30:48,2017-12-25,6,28,0,test
6153,2017-12-25 16:31:18,2017-12-25,6,28,0,test
6154,2017-12-25 16:31:49,2017-12-25,6,28,0,test
6155,2017-12-25 16:32:20,2017-12-25,6,28,0,test
6156,2017-12-25 16:32:50,2017-12-25,6,28,0,test
6157,2017-12-25 16:33:21,2017-12-25,6,28,0,test
6158,2017-12-25 16:33:52,2017-12-25,6,28,0,test
6159,2017-12-25 16:34:22,2017-12-25,6,28,0,test
6160,2017-12-25 16:34:53,2017-12-25,6,28,0,test
6161,2017-12-25 16:35:23,2017-12-25,6,28,0,test
6162,2017-12-25 16:35:54,2017-12-25,6,28,0,test
6163,2017-12-25 16:36:25,2017-12-25,6,28,0,test
6164,2017-12-25 16:36:55,2017-12-25,6,28,0,test
6165,2017-12-25 16:37:26,2017-12-25,6,28,0,test
6166,2017-12-25 16:37:57,2017-12-25,6,28,0,test
6167,2017-12-25 16:38:27,2017-12-25,6,28,0,test
6168,2017-12-25 16:38:58,2017-12-25,6,28,0,test
6169,2017-12-25 16:39:29,2017-12-25,6,28,0,test
6170,2017-12-25 16:39:59,2017-12-25,6,28,0,test
6171,2017-12-25 16:40:30,2017-12-25,6,28,0,test
6172,2017-12-25 16:41:00,2017-12-25,6,28,0,test
6173,2017-12-25 16:41:31,2017-12-25,6,28,0,test
6174,2017-12-25 16:42:02,2017-12-25,6,28,0,test
6175,2017-12-25 16:42:32,2017-12-25,6,28,0,test
6176,2017-12-25 16:43:03,2017-12-25,6,28,0,test
6177,2017-12-25 16:43:34,2017-12-25,6,28,0,test
6178,2017-12-25 16:44:04,2017-12-25,6,28,0,test
6179,2017-12-25 16:44:35,2017-12-25,6,28,0,test
6180,2017-12-25 16:45:06,2017-12-25,6,28,0,test
6181,2017-12-25 16:45:36,2017-12-25,6,28,0,test
6182,2017-12-25 16:46:07,2017-12-25,6,28,0,test
6183,2017-12-25 16:46:37,2017-12-25,6,28,0,test
6184,2017-12-25 16:47:08,2017-12-25,6,28,0,test
6185,2017-12-25 16:47:39,2017-12-25,6,28,0,test
6186,2017-12-25 16:48:09,2017-12-25,6,28,0,test
6187,2017-12-25 16:48:40,2017-12-25,6,28,0,test
6188,2017-12-25 16:49:11,2017-12-25,6,28,0,test
6189,2017-12-25 16:49:41,2017-12-25,6,28,0,test
6190,2017-12-25 16:50:12,2017-12-25,6,28,0,test
6191,2017-12-25 16:50:43,2017-12-25,6,28,0,test
6192,2017-12-25 16:51:13,2017-12-25,6,28,0,test
6193,2017-12-25 16:51:44,2017-12-25,6,28,0,test
6194,2017-12-25 16:52:14,2017-12-25,6,28,0,test
6195,2017-12-25 16:52:45,2017-12-25,6,28,0,test
6196,2017-12-25 16:53:16,2017-12-25,6,28,0,test
6197,2017-12-25 16:53:46,2017-12-25,6,28,0,test
6198,2017-12-25 16:54:17,2017-12-25,6,28,0,test
6199,2017-12-25 16:54:48,2017-12-25,6,28,0,test
6200,2017-12-25 16:55:18,2017-12-25,6,28,0,test
6201,2017-12-25 16:55:49,2017-12-25,6,28,0,test
6202,2017-12-25 16:56:19,2017-12-25,6,28,0,test
6203,2017-12-25 16:56:50,2017-12-25,6,28,0,test
6204,2017-12-25 16:57:21,2017-12-25,6,28,0,test
6205,2017-12-25 16:57:51,2017-12-25,6,28,0,test
6206,2017-12-25 16:58:22,2017-12-25,6,28,0,test
6207,2017-12-25 16:58:53,2017-12-25,6,28,0,test
6208,2017-12-25 16:59:23,2017-12-25,6,28,0,test
6209,2017-12-25 16:59:54,2017-12-25,6,28,0,test
6210,2017-12-25 17:00:25,2017-12-25,6,28,0,test
6211,2017-12-25 17:00:55,2017-12-25,6,28,0,test
6212,2017-12-25 17:01:26,2017-12-25,6,28,0,test
6213,2017-12-25 17:01:56,2017-12-25,6,28,0,test
6214,2017-12-25 17:02:27,2017-12-25,6,28,0,test
6215,2017-12-25 17:02:58,2017-12-25,6,28,0,test
6216,2017-12-25 17:03:28,2017-12-25,6,28,0,test
6217,2017-12-25 17:03:59,2017-12-25,6,28,0,test
6218,2017-12-25 17:04:30,2017-12-25,6,28,0,test
6219,2017-12-25 17:05:00,2017-12-25,6,28,0,test
6220,2017-12-25 17:05:31,2017-12-25,6,28,0,test
6221,2017-12-25 17:06:02,2017-12-25,6,28,0,test
6222,2017-12-25 17:06:32,2017-12-25,6,28,0,test
6223,2017-12-25 17:07:03,2017-12-25,6,28,0,test
6224,2017-12-25 17:07:33,2017-12-25,6,28,0,test
6225,2017-12-25 17:08:04,2017-12-25,6,28,0,test
6226,2017-12-25 17:08:35,2017-12-25,6,28,0,test
6227,2017-12-25 17:09:05,2017-12-25,6,28,0,test
6228,2017-12-25 17:09:36,2017-12-25,6,28,0,test
6229,2017-12-25 17:10:07,2017-12-25,6,28,0,test
6230,2017-12-25 17:10:37,2017-12-25,6,28,0,test
6231,2017-12-25 17:11:08,2017-12-25,6,28,0,test
6232,2017-12-25 17:11:39,2017-12-25,6,28,0,test
6233,2017-12-25 17:12:09,2017-12-25,6,28,0,test
6234,2017-12-25 17:12:40,2017-12-25,6,28,0,test
6235,2017-12-25 17:13:10,2017-12-25,6,28,0,test
6236,2017-12-25 17:13:41,2017-12-25,6,28,0,test
6237,2017-12-25 17:14:12,2017-12-25,6,28,0,test
6238,2017-12-25 17:14:42,2017-12-25,6,28,0,test
6239,2017-12-25 17:15:13,2017-12-25,6,28,0,test
6240,2017-12-25 17:15:44,2017-12-25,6,28,0,test
6241,2017-12-25 17:16:45,2017-12-25,6,28,0,test
6242,2017-12-25 17:17:16,2017-12-25,6,28,0,test
6243,2017-12-25 17:17:46,2017-12-25,6,28,0,test
6244,2017-12-25 17:18:17,2017-12-25,6,28,0,test
6245,2017-12-25 17:18:47,2017-12-25,6,28,0,test
6246,2017-12-25 17:19:18,2017-12-25,6,28,0,test
6247,2017-12-25 17:19:49,2017-12-25,6,28,0,test
6248,2017-12-25 17:20:19,2017-12-25,6,28,0,test
6249,2017-12-25 17:20:50,2017-12-25,6,28,0,test
6250,2017-12-25 17:21:21,2017-12-25,6,28,0,test
6251,2017-12-25 17:21:51,2017-12-25,6,28,0,test
6252,2017-12-25 17:22:22,2017-12-25,6,28,0,test
6253,2017-12-25 17:22:53,2017-12-25,6,28,0,test
6254,2017-12-25 17:23:23,2017-12-25,6,28,0,test
6255,2017-12-25 17:23:54,2017-12-25,6,28,0,test
6256,2017-12-25 17:24:24,2017-12-25,6,28,0,test
6257,2017-12-25 17:24:55,2017-12-25,6,28,0,test
6258,2017-12-25 17:25:26,2017-12-25,6,28,0,test
6259,2017-12-25 17:25:56,2017-12-25,6,28,0,test
6260,2017-12-25 17:26:27,2017-12-25,6,28,0,test
6261,2017-12-25 17:26:58,2017-12-25,6,28,0,test
6262,2017-12-25 17:27:28,2017-12-25,6,28,0,test
6263,2017-12-25 17:27:59,2017-12-25,6,28,0,test
6264,2017-12-25 17:28:30,2017-12-25,6,28,0,test
6265,2017-12-25 17:29:00,2017-12-25,6,28,0,test
6266,2017-12-25 17:29:31,2017-12-25,6,28,0,test
6267,2017-12-25 17:30:01,2017-12-25,6,28,0,test
6268,2017-12-25 17:30:32,2017-12-25,6,28,0,test
6269,2017-12-25 17:31:03,2017-12-25,6,28,0,test
6270,2017-12-25 17:31:33,2017-12-25,6,28,0,test
6271,2017-12-25 17:32:04,2017-12-25,6,28,0,test
6272,2017-12-25 17:32:35,2017-12-25,6,28,0,test
6273,2017-12-25 17:33:05,2017-12-25,6,28,0,test
6274,2017-12-25 17:33:36,2017-12-25,6,28,0,test
6275,2017-12-25 17:34:06,2017-12-25,6,28,0,test
6276,2017-12-25 17:34:37,2017-12-25,6,28,0,test
6277,2017-12-25 17:35:08,2017-12-25,6,28,0,test
6278,2017-12-25 17:35:38,2017-12-25,6,28,0,test
6279,2017-12-25 17:36:09,2017-12-25,6,28,0,test
6280,2017-12-25 17:36:40,2017-12-25,6,28,0,test
6281,2017-12-25 17:37:10,2017-12-25,6,28,0,test
6282,2017-12-25 17:37:41,2017-12-25,6,28,0,test
6283,2017-12-25 17:38:12,2017-12-25,6,28,0,test
6284,2017-12-25 17:38:42,2017-12-25,6,28,0,test
6285,2017-12-25 17:39:13,2017-12-25,6,28,0,test
6286,2017-12-25 17:39:43,2017-12-25,6,28,0,test
6287,2017-12-25 17:40:14,2017-12-25,6,28,0,test
6288,2017-12-25 17:40:45,2017-12-25,6,28,0,test
6289,2017-12-25 17:41:15,2017-12-25,6,28,0,test
6290,2017-12-25 17:41:46,2017-12-25,6,28,0,test
6291,2017-12-25 17:42:17,2017-12-25,6,28,0,test
6292,2017-12-25 17:42:47,2017-12-25,6,28,0,test
6293,2017-12-25 17:43:18,2017-12-25,6,28,0,test
6294,2017-12-25 17:43:49,2017-12-25,6,28,0,test
6295,2017-12-25 17:44:19,2017-12-25,6,28,0,test
6296,2017-12-25 17:44:50,2017-12-25,6,28,0,test
6297,2017-12-25 17:45:20,2017-12-25,6,28,0,test
6298,2017-12-25 17:45:51,2017-12-25,6,28,0,test
6299,2017-12-25 17:46:22,2017-12-25,6,28,0,test
6300,2017-12-25 17:46:52,2017-12-25,6,28,0,test
6301,2017-12-25 17:47:23,2017-12-25,6,28,0,test
6302,2017-12-25 17:47:54,2017-12-25,6,28,0,test
6303,2017-12-25 17:48:24,2017-12-25,6,28,0,test
6304,2017-12-25 17:48:55,2017-12-25,6,28,0,test
6305,2017-12-25 17:49:26,2017-12-25,6,28,0,test
6306,2017-12-25 17:49:56,2017-12-25,6,28,0,test
6307,2017-12-25 17:50:27,2017-12-25,6,28,0,test
6308,2017-12-25 17:50:57,2017-12-25,6,28,0,test
6309,2017-12-25 17:51:28,2017-12-25,6,28,0,test
6310,2017-12-25 17:51:59,2017-12-25,6,28,0,test
6311,2017-12-25 17:52:29,2017-12-25,6,28,0,test
6312,2017-12-25 17:53:00,2017-12-25,6,28,0,test
6313,2017-12-25 17:53:31,2017-12-25,6,28,0,test
6314,2017-12-25 17:54:01,2017-12-25,6,28,0,test
6315,2017-12-25 17:54:32,2017-12-25,6,28,0,test
6316,2017-12-25 17:55:03,2017-12-25,6,28,0,test
6317,2017-12-25 17:55:33,2017-12-25,6,28,0,test
6318,2017-12-25 17:56:04,2017-12-25,6,28,0,test
6319,2017-12-25 17:56:34,2017-12-25,6,28,0,test
6320,2017-12-25 17:57:05,2017-12-25,6,28,0,test
6321,2017-12-25 17:57:36,2017-12-25,6,28,0,test
6322,2017-12-25 17:58:06,2017-12-25,6,28,0,test
6323,2017-12-25 17:58:37,2017-12-25,6,28,0,test
6324,2017-12-25 17:59:08,2017-12-25,6,28,0,test
6325,2017-12-25 17:59:38,2017-12-25,6,28,0,test
6326,2017-12-25 18:00:09,2017-12-25,6,28,0,test
6327,2017-12-25 18:00:40,2017-12-25,6,28,0,test
6328,2017-12-25 18:01:10,2017-12-25,6,28,0,test
6329,2017-12-25 18:01:41,2017-12-25,6,28,0,test
6330,2017-12-25 18:02:11,2017-12-25,6,28,0,test
6331,2017-12-25 18:02:42,2017-12-25,6,28,0,test
6332,2017-12-25 18:03:13,2017-12-25,6,28,0,test
6333,2017-12-25 18:03:43,2017-12-25,6,28,0,test
6334,2017-12-25 18:04:14,2017-12-25,6,28,0,test
6335,2017-12-25 18:04:45,2017-12-25,6,28,0,test
6336,2017-12-25 18:05:15,2017-12-25,6,28,0,test
6337,2017-12-25 18:05:46,2017-12-25,6,28,0,test
6338,2017-12-25 18:06:16,2017-12-25,6,28,0,test
6339,2017-12-25 18:06:47,2017-12-25,6,28,0,test
6340,2017-12-25 18:07:18,2017-12-25,6,28,0,test
6341,2017-12-25 18:07:48,2017-12-25,6,28,0,test
6342,2017-12-25 18:08:19,2017-12-25,6,28,0,test
6343,2017-12-25 18:08:50,2017-12-25,6,28,0,test
6344,2017-12-25 18:09:20,2017-12-25,6,28,0,test
6345,2017-12-25 18:09:51,2017-12-25,6,28,0,test
6346,2017-12-25 18:10:22,2017-12-25,6,28,0,test
6347,2017-12-25 18:10:52,2017-12-25,6,28,0,test
6348,2017-12-25 18:11:23,2017-12-25,6,28,0,test
6349,2017-12-25 18:12:24,2017-12-25,6,28,0,test
6350,2017-12-25 18:12:55,2017-12-25,6,28,0,test
6351,2017-12-25 18:13:25,2017-12-25,6,28,0,test
6352,2017-12-25 18:13:56,2017-12-25,6,28,0,test
6353,2017-12-25 18:14:27,2017-12-25,6,28,0,test
6354,2017-12-25 18:14:57,2017-12-25,6,28,0,test
6355,2017-12-25 18:15:28,2017-12-25,6,28,0,test
6356,2017-12-25 18:15:59,2017-12-25,6,28,0,test
6357,2017-12-25 18:16:29,2017-12-25,6,28,0,test
6358,2017-12-25 18:17:00,2017-12-25,6,28,0,test
6359,2017-12-25 18:17:30,2017-12-25,6,28,0,test
6360,2017-12-25 18:18:01,2017-12-25,6,28,0,test
6361,2017-12-25 18:18:32,2017-12-25,6,28,0,test
6362,2017-12-25 18:19:02,2017-12-25,6,28,0,test
6363,2017-12-25 18:19:33,2017-12-25,6,28,0,test
6364,2017-12-25 18:20:04,2017-12-25,6,28,0,test
6365,2017-12-25 18:20:34,2017-12-25,6,28,0,test
6366,2017-12-25 18:21:05,2017-12-25,6,28,0,test
6367,2017-12-25 18:21:36,2017-12-25,6,28,0,test
6368,2017-12-25 18:22:06,2017-12-25,6,28,0,test
6369,2017-12-25 18:22:37,2017-12-25,6,28,0,test
6370,2017-12-25 18:23:07,2017-12-25,6,28,0,test
6371,2017-12-25 18:23:38,2017-12-25,6,28,0,test
6372,2017-12-25 18:24:09,2017-12-25,6,28,0,test
6373,2017-12-25 18:24:39,2017-12-25,6,28,0,test
6374,2017-12-25 18:25:10,2017-12-25,6,28,0,test
6375,2017-12-25 18:25:41,2017-12-25,6,28,0,test
6376,2017-12-25 18:26:11,2017-12-25,6,28,0,test
6377,2017-12-25 18:26:42,2017-12-25,6,28,0,test
6378,2017-12-25 18:27:13,2017-12-25,6,28,0,test
6379,2017-12-25 18:27:43,2017-12-25,6,28,0,test
6380,2017-12-25 18:28:14,2017-12-25,6,28,0,test
6381,2017-12-25 18:28:44,2017-12-25,6,28,0,test
6382,2017-12-25 18:29:15,2017-12-25,6,28,0,test
6383,2017-12-25 18:29:46,2017-12-25,6,28,0,test
6384,2017-12-25 18:30:16,2017-12-25,6,28,0,test
6385,2017-12-25 18:30:47,2017-12-25,6,28,0,test
6386,2017-12-25 18:31:18,2017-12-25,6,28,0,test
6387,2017-12-25 18:31:48,2017-12-25,6,28,0,test
6388,2017-12-25 18:32:19,2017-12-25,6,28,0,test
6389,2017-12-25 18:32:50,2017-12-25,6,28,0,test
6390,2017-12-25 18:33:20,2017-12-25,6,28,0,test
6391,2017-12-25 18:33:51,2017-12-25,6,28,0,test
6392,2017-12-25 18:34:21,2017-12-25,6,28,0,test
6393,2017-12-25 18:34:52,2017-12-25,6,28,0,test
6394,2017-12-25 18:35:23,2017-12-25,6,28,0,test
6395,2017-12-25 18:35:53,2017-12-25,6,28,0,test
6396,2017-12-25 18:36:24,2017-12-25,6,28,0,test
6397,2017-12-25 18:36:55,2017-12-25,6,28,0,test
6398,2017-12-25 18:37:25,2017-12-25,6,28,0,test
6399,2017-12-25 18:37:56,2017-12-25,6,28,0,test
6400,2017-12-25 18:38:26,2017-12-25,6,28,0,test
6401,2017-12-25 18:38:57,2017-12-25,6,28,0,test
6402,2017-12-25 18:39:28,2017-12-25,6,28,0,test
6403,2017-12-25 18:39:58,2017-12-25,6,28,0,test
6404,2017-12-25 18:40:29,2017-12-25,6,28,0,test
6405,2017-12-25 18:41:00,2017-12-25,6,28,0,test
6406,2017-12-25 18:41:30,2017-12-25,6,28,0,test
6407,2017-12-25 18:42:01,2017-12-25,6,28,0,test
6408,2017-12-25 18:42:32,2017-12-25,6,28,0,test
6409,2017-12-25 18:43:02,2017-12-25,6,28,0,test
6410,2017-12-25 18:43:33,2017-12-25,6,28,0,test
6411,2017-12-25 18:44:03,2017-12-25,6,28,0,test
6412,2017-12-25 18:44:34,2017-12-25,6,28,0,test
6413,2017-12-25 18:45:05,2017-12-25,6,28,0,test
6414,2017-12-25 18:45:35,2017-12-25,6,28,0,test
6415,2017-12-25 18:46:06,2017-12-25,6,28,0,test
6416,2017-12-25 18:46:37,2017-12-25,6,28,0,test
6417,2017-12-25 18:47:07,2017-12-25,6,28,0,test
6418,2017-12-25 18:47:38,2017-12-25,6,28,0,test
6419,2017-12-25 18:48:09,2017-12-25,6,28,0,test
6420,2017-12-25 18:48:39,2017-12-25,6,28,0,test
6421,2017-12-25 18:49:10,2017-12-25,6,28,0,test
6422,2017-12-25 18:49:40,2017-12-25,6,28,0,test
6423,2017-12-25 18:50:11,2017-12-25,6,28,0,test
6424,2017-12-25 18:50:42,2017-12-25,6,28,0,test
6425,2017-12-25 18:51:12,2017-12-25,6,28,0,test
6426,2017-12-25 18:51:43,2017-12-25,6,28,0,test
6427,2017-12-25 18:52:14,2017-12-25,6,28,0,test
6428,2017-12-25 18:52:44,2017-12-25,6,28,0,test
6429,2017-12-25 18:53:15,2017-12-25,6,28,0,test
6430,2017-12-25 18:53:46,2017-12-25,6,28,0,test
6431,2017-12-25 18:54:16,2017-12-25,6,28,0,test
6432,2017-12-25 18:54:47,2017-12-25,6,28,0,test
6433,2017-12-25 18:55:17,2017-12-25,6,28,0,test
6434,2017-12-25 18:55:48,2017-12-25,6,28,0,test
6435,2017-12-25 18:56:19,2017-12-25,6,28,0,test
6436,2017-12-25 18:56:49,2017-12-25,6,28,0,test
6437,2017-12-25 18:57:20,2017-12-25,6,28,0,test
6438,2017-12-25 18:57:51,2017-12-25,6,28,0,test
6439,2017-12-25 18:58:21,2017-12-25,6,28,0,test
6440,2017-12-25 18:58:52,2017-12-25,6,28,0,test
6441,2017-12-25 18:59:23,2017-12-25,6,28,0,test
6442,2017-12-25 18:59:53,2017-12-25,6,28,0,test
6443,2017-12-25 19:00:24,2017-12-25,6,28,0,test
6444,2017-12-25 19:00:54,2017-12-25,6,28,0,test
6445,2017-12-25 19:01:25,2017-12-25,6,28,0,test
6446,2017-12-25 19:01:56,2017-12-25,6,28,0,test
6447,2017-12-25 19:02:26,2017-12-25,6,28,0,test
6448,2017-12-25 19:02:57,2017-12-25,6,28,0,test
6449,2017-12-25 19:03:28,2017-12-25,6,28,0,test
6450,2017-12-25 19:03:58,2017-12-25,6,28,0,test
6451,2017-12-25 19:04:29,2017-12-25,6,28,0,test
6452,2017-12-25 19:05:00,2017-12-25,6,28,0,test
6453,2017-12-25 19:05:30,2017-12-25,6,28,0,test
6454,2017-12-25 19:06:01,2017-12-25,6,28,0,test
6455,2017-12-25 19:06:31,2017-12-25,6,28,0,test
6456,2017-12-25 19:07:02,2017-12-25,6,28,0,test
6457,2017-12-25 19:07:33,2017-12-25,6,28,0,test
6458,2017-12-25 19:08:34,2017-12-25,6,28,0,test
6459,2017-12-25 19:09:05,2017-12-25,6,28,0,test
6460,2017-12-25 19:09:35,2017-12-25,6,28,0,test
6461,2017-12-25 19:10:06,2017-12-25,6,28,0,test
6462,2017-12-25 19:10:37,2017-12-25,6,28,0,test
6463,2017-12-25 19:11:07,2017-12-25,6,28,0,test
6464,2017-12-25 19:11:38,2017-12-25,6,28,0,test
6465,2017-12-25 19:12:08,2017-12-25,6,28,0,test
6466,2017-12-25 19:12:39,2017-12-25,6,28,0,test
6467,2017-12-25 19:13:10,2017-12-25,6,28,0,test
6468,2017-12-25 19:13:40,2017-12-25,6,28,0,test
6469,2017-12-25 19:14:11,2017-12-25,6,28,0,test
6470,2017-12-25 19:14:42,2017-12-25,6,28,0,test
6471,2017-12-25 19:15:12,2017-12-25,6,28,0,test
6472,2017-12-25 19:15:43,2017-12-25,6,28,0,test
6473,2017-12-25 19:16:44,2017-12-25,6,28,0,test
6474,2017-12-25 19:17:15,2017-12-25,6,28,0,test
6475,2017-12-25 19:17:45,2017-12-25,6,28,0,test
6476,2017-12-25 19:18:16,2017-12-25,6,28,0,test
6477,2017-12-25 19:18:47,2017-12-25,6,28,0,test
6478,2017-12-25 19:19:17,2017-12-25,6,28,0,test
6479,2017-12-25 19:19:48,2017-12-25,6,28,0,test
6480,2017-12-25 19:20:19,2017-12-25,6,28,0,test
6481,2017-12-25 19:20:49,2017-12-25,6,28,0,test
6482,2017-12-25 19:21:20,2017-12-25,6,28,0,test
6483,2017-12-25 19:21:50,2017-12-25,6,28,0,test
6484,2017-12-25 19:22:21,2017-12-25,6,28,0,test
6485,2017-12-25 19:22:52,2017-12-25,6,28,0,test
6486,2017-12-25 19:23:22,2017-12-25,6,28,0,test
6487,2017-12-25 19:23:53,2017-12-25,6,28,0,test
6488,2017-12-25 19:24:24,2017-12-25,6,28,0,test
6489,2017-12-25 19:24:54,2017-12-25,6,28,0,test
6490,2017-12-25 19:25:25,2017-12-25,6,28,0,test
6491,2017-12-25 19:25:56,2017-12-25,6,28,0,test
6492,2017-12-25 19:26:26,2017-12-25,6,28,0,test
6493,2017-12-25 19:26:57,2017-12-25,6,28,0,test
6494,2017-12-25 19:27:27,2017-12-25,6,28,0,test
6495,2017-12-25 19:27:58,2017-12-25,6,28,0,test
6496,2017-12-25 19:28:29,2017-12-25,6,28,0,test
6497,2017-12-25 19:28:59,2017-12-25,6,28,0,test
6498,2017-12-25 19:29:30,2017-12-25,6,28,0,test
6499,2017-12-25 19:30:01,2017-12-25,6,28,0,test
6500,2017-12-25 19:30:31,2017-12-25,6,28,0,test
6501,2017-12-25 19:31:02,2017-12-25,6,28,0,test
6502,2017-12-25 19:31:33,2017-12-25,6,28,0,test
6503,2017-12-25 19:32:03,2017-12-25,6,28,0,test
6504,2017-12-25 19:32:34,2017-12-25,6,28,0,test
6505,2017-12-25 19:33:04,2017-12-25,6,28,0,test
6506,2017-12-25 19:33:35,2017-12-25,6,28,0,test
6507,2017-12-25 19:34:06,2017-12-25,6,28,0,test
6508,2017-12-25 19:34:36,2017-12-25,6,28,0,test
6509,2017-12-25 19:35:07,2017-12-25,6,28,0,test
6510,2017-12-25 19:35:38,2017-12-25,6,28,0,test
6511,2017-12-25 19:36:08,2017-12-25,6,28,0,test
6512,2017-12-25 19:36:39,2017-12-25,6,28,0,test
6513,2017-12-25 19:37:10,2017-12-25,6,28,0,test
6514,2017-12-25 19:37:40,2017-12-25,6,28,0,test
6515,2017-12-25 19:38:11,2017-12-25,6,28,0,test
6516,2017-12-25 19:38:41,2017-12-25,6,28,0,test
6517,2017-12-25 19:39:12,2017-12-25,6,28,0,test
6518,2017-12-25 19:39:43,2017-12-25,6,28,0,test
6519,2017-12-25 19:40:13,2017-12-25,6,28,0,test
6520,2017-12-25 19:40:44,2017-12-25,6,28,0,test
6521,2017-12-25 19:41:15,2017-12-25,6,28,0,test
6522,2017-12-25 19:41:45,2017-12-25,6,28,0,test
6523,2017-12-25 19:42:16,2017-12-25,6,28,0,test
6524,2017-12-25 19:42:47,2017-12-25,6,28,0,test
6525,2017-12-25 19:43:17,2017-12-25,6,28,0,test
6526,2017-12-25 19:43:48,2017-12-25,6,28,0,test
6527,2017-12-25 19:44:49,2017-12-25,6,28,0,test
6528,2017-12-25 19:45:20,2017-12-25,6,28,0,test
6529,2017-12-25 19:45:50,2017-12-25,6,28,0,test
6530,2017-12-25 19:46:21,2017-12-25,6,28,0,test
6531,2017-12-25 19:46:52,2017-12-25,6,28,0,test
6532,2017-12-25 19:47:22,2017-12-25,6,28,0,test
6533,2017-12-25 19:47:53,2017-12-25,6,28,0,test
6534,2017-12-25 19:48:24,2017-12-25,6,28,0,test
6535,2017-12-25 19:48:54,2017-12-25,6,28,0,test
6536,2017-12-25 19:49:25,2017-12-25,6,28,0,test
6537,2017-12-25 19:49:55,2017-12-25,6,28,0,test
6538,2017-12-25 19:50:26,2017-12-25,6,28,0,test
6539,2017-12-25 19:50:57,2017-12-25,6,28,0,test
6540,2017-12-25 19:51:27,2017-12-25,6,28,0,test
6541,2017-12-25 19:51:58,2017-12-25,6,28,0,test
6542,2017-12-25 19:52:29,2017-12-25,6,28,0,test
6543,2017-12-25 19:52:59,2017-12-25,6,28,0,test
6544,2017-12-25 19:53:30,2017-12-25,6,28,0,test
6545,2017-12-25 19:54:01,2017-12-25,6,28,0,test
6546,2017-12-25 19:54:31,2017-12-25,6,28,0,test
6547,2017-12-25 19:55:02,2017-12-25,6,28,0,test
6548,2017-12-25 19:56:03,2017-12-25,6,28,0,test
6549,2017-12-25 19:56:34,2017-12-25,6,28,0,test
6550,2017-12-25 19:57:04,2017-12-25,6,28,0,test
6551,2017-12-25 19:57:35,2017-12-25,6,28,0,test
6552,2017-12-25 19:58:06,2017-12-25,6,28,0,test
6553,2017-12-25 19:58:36,2017-12-25,6,28,0,test
6554,2017-12-25 19:59:07,2017-12-25,6,28,0,test
6555,2017-12-25 19:59:37,2017-12-25,6,28,0,test
6556,2017-12-25 20:00:08,2017-12-25,6,28,0,test
6557,2017-12-25 20:00:39,2017-12-25,6,28,0,test
6558,2017-12-25 20:01:09,2017-12-25,6,28,0,test
6559,2017-12-25 20:01:40,2017-12-25,6,28,0,test
6560,2017-12-25 20:02:11,2017-12-25,6,28,0,test
6561,2017-12-25 20:03:12,2017-12-25,6,28,0,test
6562,2017-12-25 20:03:43,2017-12-25,6,28,0,test
6563,2017-12-25 20:04:13,2017-12-25,6,28,0,test
6564,2017-12-25 20:04:44,2017-12-25,6,28,0,test
6565,2017-12-25 20:05:14,2017-12-25,6,28,0,test
6566,2017-12-25 20:05:45,2017-12-25,6,28,0,test
6567,2017-12-25 20:06:16,2017-12-25,6,28,0,test
6568,2017-12-25 20:06:46,2017-12-25,6,28,0,test
6569,2017-12-25 20:07:17,2017-12-25,6,28,0,test
6570,2017-12-25 20:07:48,2017-12-25,6,28,0,test
6571,2017-12-25 20:08:18,2017-12-25,6,28,0,test
6572,2017-12-25 20:08:49,2017-12-25,6,28,0,test
6573,2017-12-25 20:09:20,2017-12-25,6,28,0,test
6574,2017-12-25 20:09:50,2017-12-25,6,28,0,test
6575,2017-12-25 20:10:21,2017-12-25,6,28,0,test
6576,2017-12-25 20:10:51,2017-12-25,6,28,0,test
6577,2017-12-25 20:11:22,2017-12-25,6,28,0,test
6578,2017-12-25 20:11:53,2017-12-25,6,28,0,test
6579,2017-12-25 20:12:23,2017-12-25,6,28,0,test
6580,2017-12-25 20:12:54,2017-12-25,6,28,0,test
6581,2017-12-25 20:13:25,2017-12-25,6,28,0,test
6582,2017-12-25 20:13:55,2017-12-25,6,28,0,test
6583,2017-12-25 20:14:26,2017-12-25,6,28,0,test
6584,2017-12-25 20:14:57,2017-12-25,6,28,0,test
6585,2017-12-25 20:15:27,2017-12-25,6,28,0,test
6586,2017-12-25 20:15:58,2017-12-25,6,28,0,test
6587,2017-12-25 20:16:28,2017-12-25,6,28,0,test
6588,2017-12-25 20:16:59,2017-12-25,6,28,0,test
6589,2017-12-25 20:17:30,2017-12-25,6,28,0,test
6590,2017-12-25 20:18:00,2017-12-25,6,28,0,test
6591,2017-12-25 20:18:31,2017-12-25,6,28,0,test
6592,2017-12-25 20:19:02,2017-12-25,6,28,0,test
6593,2017-12-25 20:19:32,2017-12-25,6,28,0,test
6594,2017-12-25 20:20:03,2017-12-25,6,28,0,test
6595,2017-12-25 20:20:34,2017-12-25,6,28,0,test
6596,2017-12-25 20:21:04,2017-12-25,6,28,0,test
6597,2017-12-25 20:21:35,2017-12-25,6,28,0,test
6598,2017-12-25 20:22:05,2017-12-25,6,28,0,test
6599,2017-12-25 20:22:36,2017-12-25,6,28,0,test
6600,2017-12-25 20:23:07,2017-12-25,6,28,0,test
6601,2017-12-25 20:23:37,2017-12-25,6,28,0,test
6602,2017-12-25 20:24:08,2017-12-25,6,28,0,test
6603,2017-12-25 20:24:39,2017-12-25,6,28,0,test
6604,2017-12-25 20:25:09,2017-12-25,6,28,0,test
6605,2017-12-25 20:25:40,2017-12-25,6,28,0,test
6606,2017-12-25 20:26:11,2017-12-25,6,28,0,test
6607,2017-12-25 20:26:41,2017-12-25,6,28,0,test
6608,2017-12-25 20:27:12,2017-12-25,6,28,0,test
6609,2017-12-25 20:27:42,2017-12-25,6,28,0,test
6610,2017-12-25 20:28:13,2017-12-25,6,28,0,test
6611,2017-12-25 20:28:44,2017-12-25,6,28,0,test
6612,2017-12-25 20:29:14,2017-12-25,6,28,0,test
6613,2017-12-25 20:29:45,2017-12-25,6,28,0,test
6614,2017-12-25 20:30:16,2017-12-25,6,28,0,test
6615,2017-12-25 20:30:46,2017-12-25,6,28,0,test
6616,2017-12-25 20:31:17,2017-12-25,6,28,0,test
6617,2017-12-25 20:31:48,2017-12-25,6,28,0,test
6618,2017-12-25 20:32:18,2017-12-25,6,28,0,test
6619,2017-12-25 20:32:49,2017-12-25,6,28,0,test
6620,2017-12-25 20:33:19,2017-12-25,6,28,0,test
6621,2017-12-25 20:33:50,2017-12-25,6,28,0,test
6622,2017-12-25 20:34:21,2017-12-25,6,28,0,test
6623,2017-12-25 20:34:51,2017-12-25,6,28,0,test
6624,2017-12-25 20:35:22,2017-12-25,6,28,0,test
6625,2017-12-25 20:35:53,2017-12-25,6,28,0,test
6626,2017-12-25 20:36:23,2017-12-25,6,28,0,test
6627,2017-12-25 20:36:54,2017-12-25,6,28,0,test
6628,2017-12-25 20:37:24,2017-12-25,6,28,0,test
6629,2017-12-25 20:37:55,2017-12-25,6,28,0,test
6630,2017-12-25 20:38:26,2017-12-25,6,28,0,test
6631,2017-12-25 20:38:56,2017-12-25,6,28,0,test
6632,2017-12-25 20:39:27,2017-12-25,6,28,0,test
6633,2017-12-25 20:39:58,2017-12-25,6,28,0,test
6634,2017-12-25 20:40:28,2017-12-25,6,28,0,test
6635,2017-12-25 20:40:59,2017-12-25,6,28,0,test
6636,2017-12-25 20:41:30,2017-12-25,6,28,0,test
6637,2017-12-25 20:42:00,2017-12-25,6,28,0,test
6638,2017-12-25 20:42:31,2017-12-25,6,28,0,test
6639,2017-12-25 20:43:01,2017-12-25,6,28,0,test
6640,2017-12-25 20:43:32,2017-12-25,6,28,0,test
6641,2017-12-25 20:44:03,2017-12-25,6,28,0,test
6642,2017-12-25 20:44:33,2017-12-25,6,28,0,test
6643,2017-12-25 20:45:04,2017-12-25,6,28,0,test
6644,2017-12-25 20:45:35,2017-12-25,6,28,0,test
6645,2017-12-25 20:46:05,2017-12-25,6,28,0,test
6646,2017-12-25 20:46:36,2017-12-25,6,28,0,test
6647,2017-12-25 20:47:07,2017-12-25,6,28,0,test
6648,2017-12-25 20:47:37,2017-12-25,6,28,0,test
6649,2017-12-25 20:48:08,2017-12-25,6,28,0,test
6650,2017-12-25 20:48:38,2017-12-25,6,28,0,test
6651,2017-12-25 20:49:09,2017-12-25,6,28,0,test
6652,2017-12-25 20:49:40,2017-12-25,6,28,0,test
6653,2017-12-25 20:50:10,2017-12-25,6,28,0,test
6654,2017-12-25 20:50:41,2017-12-25,6,28,0,test
6655,2017-12-25 20:51:12,2017-12-25,6,28,0,test
6656,2017-12-25 20:51:42,2017-12-25,6,28,0,test
6657,2017-12-25 20:52:13,2017-12-25,6,28,0,test
6658,2017-12-25 20:52:44,2017-12-25,6,28,0,test
6659,2017-12-25 20:53:14,2017-12-25,6,28,0,test
6660,2017-12-25 20:53:45,2017-12-25,6,28,0,test
6661,2017-12-25 20:54:15,2017-12-25,6,28,0,test
6662,2017-12-25 20:54:46,2017-12-25,6,28,0,test
6663,2017-12-25 20:55:17,2017-12-25,6,28,0,test
6664,2017-12-25 20:55:47,2017-12-25,6,28,0,test
6665,2017-12-25 20:56:18,2017-12-25,6,28,0,test
6666,2017-12-25 20:56:49,2017-12-25,6,28,0,test
6667,2017-12-25 20:57:19,2017-12-25,6,28,0,test
6668,2017-12-25 20:57:50,2017-12-25,6,28,0,test
6669,2017-12-25 20:58:21,2017-12-25,6,28,0,test
6670,2017-12-25 20:59:22,2017-12-25,6,28,0,test
6671,2017-12-25 20:59:52,2017-12-25,6,28,0,test
6672,2017-12-25 21:00:23,2017-12-25,6,28,0,test
6673,2017-12-25 21:00:54,2017-12-25,6,28,0,test
6674,2017-12-25 21:01:24,2017-12-25,6,28,0,test
6675,2017-12-25 21:01:55,2017-12-25,6,28,0,test
6676,2017-12-25 21:02:26,2017-12-25,6,28,0,test
6677,2017-12-25 21:02:56,2017-12-25,6,28,0,test
6678,2017-12-25 21:03:27,2017-12-25,6,28,0,test
6679,2017-12-25 21:03:58,2017-12-25,6,28,0,test
6680,2017-12-25 21:04:28,2017-12-25,6,28,0,test
6681,2017-12-25 21:04:59,2017-12-25,6,28,0,test
6682,2017-12-25 21:05:29,2017-12-25,6,28,0,test
6683,2017-12-25 21:06:00,2017-12-25,6,28,0,test
6684,2017-12-25 21:06:31,2017-12-25,6,28,0,test
6685,2017-12-25 21:07:01,2017-12-25,6,28,0,test
6686,2017-12-25 21:07:32,2017-12-25,6,28,0,test
6687,2017-12-25 21:08:03,2017-12-25,6,28,0,test
6688,2017-12-25 21:08:33,2017-12-25,6,28,0,test
6689,2017-12-25 21:09:04,2017-12-25,6,28,0,test
6690,2017-12-25 21:09:35,2017-12-25,6,28,0,test
6691,2017-12-25 21:10:05,2017-12-25,6,28,0,test
6692,2017-12-25 21:10:36,2017-12-25,6,28,0,test
6693,2017-12-25 21:11:06,2017-12-25,6,28,0,test
6694,2017-12-25 21:11:37,2017-12-25,6,28,0,test
6695,2017-12-25 21:12:08,2017-12-25,6,28,0,test
6696,2017-12-25 21:12:38,2017-12-25,6,28,0,test
6697,2017-12-25 21:13:09,2017-12-25,6,28,0,test
6698,2017-12-25 21:13:40,2017-12-25,6,28,0,test
6699,2017-12-25 21:14:10,2017-12-25,6,28,0,test
6700,2017-12-25 21:14:41,2017-12-25,6,28,0,test
6701,2017-12-25 21:15:11,2017-12-25,6,28,0,test
6702,2017-12-25 21:15:42,2017-12-25,6,28,0,test
6703,2017-12-25 21:16:13,2017-12-25,6,28,0,test
6704,2017-12-25 21:16:43,2017-12-25,6,28,0,test
6705,2017-12-25 21:17:14,2017-12-25,6,28,0,test
6706,2017-12-25 21:17:45,2017-12-25,6,28,0,test
6707,2017-12-25 21:18:15,2017-12-25,6,28,0,test
6708,2017-12-25 21:18:46,2017-12-25,6,28,0,test
6709,2017-12-25 21:19:17,2017-12-25,6,28,0,test
6710,2017-12-25 21:19:47,2017-12-25,6,28,0,test
6711,2017-12-25 21:20:18,2017-12-25,6,28,0,test
6712,2017-12-25 21:20:48,2017-12-25,6,28,0,test
6713,2017-12-25 21:21:19,2017-12-25,6,28,0,test
6714,2017-12-25 21:21:50,2017-12-25,6,28,0,test
6715,2017-12-25 21:22:20,2017-12-25,6,28,0,test
6716,2017-12-25 21:22:51,2017-12-25,6,28,0,test
6717,2017-12-25 21:23:22,2017-12-25,6,28,0,test
6718,2017-12-25 21:23:52,2017-12-25,6,28,0,test
6719,2017-12-25 21:24:23,2017-12-25,6,28,0,test
6720,2017-12-25 21:24:54,2017-12-25,6,28,0,test
6721,2017-12-25 21:25:24,2017-12-25,6,28,0,test
6722,2017-12-25 21:25:55,2017-12-25,6,28,0,test
6723,2017-12-25 21:26:25,2017-12-25,6,28,0,test
6724,2017-12-25 21:26:56,2017-12-25,6,28,0,test
6725,2017-12-25 21:27:27,2017-12-25,6,28,0,test
6726,2017-12-25 21:27:57,2017-12-25,6,28,0,test
6727,2017-12-25 21:28:28,2017-12-25,6,28,0,test
6728,2017-12-25 21:28:59,2017-12-25,6,28,0,test
6729,2017-12-25 21:29:29,2017-12-25,6,28,0,test
6730,2017-12-25 21:30:00,2017-12-25,6,28,0,test
6731,2017-12-25 21:30:31,2017-12-25,6,28,0,test
6732,2017-12-25 21:31:01,2017-12-25,6,28,0,test
6733,2017-12-25 21:31:32,2017-12-25,6,28,0,test
6734,2017-12-25 21:32:02,2017-12-25,6,28,0,test
6735,2017-12-25 21:32:33,2017-12-25,6,28,0,test
6736,2017-12-25 21:33:04,2017-12-25,6,28,0,test
6737,2017-12-25 21:33:34,2017-12-25,6,28,0,test
6738,2017-12-25 21:34:05,2017-12-25,6,28,0,test
6739,2017-12-25 21:34:36,2017-12-25,6,28,0,test
6740,2017-12-25 21:35:06,2017-12-25,6,28,0,test
6741,2017-12-25 21:35:37,2017-12-25,6,28,0,test
6742,2017-12-25 21:36:08,2017-12-25,6,28,0,test
6743,2017-12-25 21:36:38,2017-12-25,6,28,0,test
6744,2017-12-25 21:37:09,2017-12-25,6,28,0,test
6745,2017-12-25 21:37:39,2017-12-25,6,28,0,test
6746,2017-12-25 21:38:10,2017-12-25,6,28,0,test
6747,2017-12-25 21:38:41,2017-12-25,6,28,0,test
6748,2017-12-25 21:39:11,2017-12-25,6,28,0,test
6749,2017-12-25 21:39:42,2017-12-25,6,28,0,test
6750,2017-12-25 21:40:13,2017-12-25,6,28,0,test
6751,2017-12-25 21:40:43,2017-12-25,6,28,0,test
6752,2017-12-25 21:41:14,2017-12-25,6,28,0,test
6753,2017-12-25 21:41:45,2017-12-25,6,28,0,test
6754,2017-12-25 21:42:15,2017-12-25,6,28,0,test
6755,2017-12-25 21:42:46,2017-12-25,6,28,0,test
6756,2017-12-25 21:43:16,2017-12-25,6,28,0,test
6757,2017-12-25 21:43:47,2017-12-25,6,28,0,test
6758,2017-12-25 21:44:18,2017-12-25,6,28,0,test
6759,2017-12-25 21:44:48,2017-12-25,6,28,0,test
6760,2017-12-25 21:45:19,2017-12-25,6,28,0,test
6761,2017-12-25 21:45:50,2017-12-25,6,28,0,test
6762,2017-12-25 21:46:20,2017-12-25,6,28,0,test
6763,2017-12-25 21:46:51,2017-12-25,6,28,0,test
6764,2017-12-25 21:47:22,2017-12-25,6,28,0,test
6765,2017-12-25 21:47:52,2017-12-25,6,28,0,test
6766,2017-12-25 21:48:23,2017-12-25,6,28,0,test
6767,2017-12-25 21:48:53,2017-12-25,6,28,0,test
6768,2017-12-25 21:49:24,2017-12-25,6,28,0,test
6769,2017-12-25 21:49:55,2017-12-25,6,28,0,test
6770,2017-12-25 21:50:25,2017-12-25,6,28,0,test
6771,2017-12-25 21:50:56,2017-12-25,6,28,0,test
6772,2017-12-25 21:51:27,2017-12-25,6,28,0,test
6773,2017-12-25 21:51:57,2017-12-25,6,28,0,test
6774,2017-12-25 21:52:28,2017-12-25,6,28,0,test
6775,2017-12-25 21:52:58,2017-12-25,6,28,0,test
6776,2017-12-25 21:53:29,2017-12-25,6,28,0,test
6777,2017-12-25 21:54:00,2017-12-25,6,28,0,test
6778,2017-12-25 21:55:01,2017-12-25,6,28,0,test
6779,2017-12-25 21:55:32,2017-12-25,6,28,0,test
6780,2017-12-25 21:56:02,2017-12-25,6,28,0,test
6781,2017-12-25 21:56:33,2017-12-25,6,28,0,test
6782,2017-12-25 21:57:04,2017-12-25,6,28,0,test
6783,2017-12-25 21:57:34,2017-12-25,6,28,0,test
6784,2017-12-25 21:58:05,2017-12-25,6,28,0,test
6785,2017-12-25 21:58:35,2017-12-25,6,28,0,test
6786,2017-12-25 21:59:06,2017-12-25,6,28,0,test
6787,2017-12-25 21:59:37,2017-12-25,6,28,0,test
6788,2017-12-25 22:00:07,2017-12-25,6,28,0,test
6789,2017-12-25 22:00:38,2017-12-25,6,28,0,test
6790,2017-12-25 22:01:09,2017-12-25,6,28,0,test
6791,2017-12-25 22:01:39,2017-12-25,6,28,0,test
6792,2017-12-25 22:02:10,2017-12-25,6,28,0,test
6793,2017-12-25 22:02:41,2017-12-25,6,28,0,test
6794,2017-12-25 22:03:11,2017-12-25,6,28,0,test
6795,2017-12-25 22:03:42,2017-12-25,6,28,0,test
6796,2017-12-25 22:04:12,2017-12-25,6,28,0,test
6797,2017-12-25 22:04:43,2017-12-25,6,28,0,test
6798,2017-12-25 22:05:14,2017-12-25,6,28,0,test
6799,2017-12-25 22:05:44,2017-12-25,6,28,0,test
6800,2017-12-25 22:06:15,2017-12-25,6,28,0,test
6801,2017-12-25 22:06:46,2017-12-25,6,28,0,test
6802,2017-12-25 22:07:16,2017-12-25,6,28,0,test
6803,2017-12-25 22:07:47,2017-12-25,6,28,0,test
6804,2017-12-25 22:08:18,2017-12-25,6,28,0,test
6805,2017-12-25 22:08:48,2017-12-25,6,28,0,test
6806,2017-12-25 22:09:19,2017-12-25,6,28,0,test
6807,2017-12-25 22:09:49,2017-12-25,6,28,0,test
6808,2017-12-25 22:10:20,2017-12-25,6,28,0,test
6809,2017-12-25 22:10:51,2017-12-25,6,28,0,test
6810,2017-12-25 22:11:21,2017-12-25,6,28,0,test
6811,2017-12-25 22:11:52,2017-12-25,6,28,0,test
6812,2017-12-25 22:12:23,2017-12-25,6,28,0,test
6813,2017-12-25 22:12:53,2017-12-25,6,28,0,test
6814,2017-12-25 22:13:24,2017-12-25,6,28,0,test
6815,2017-12-25 22:13:55,2017-12-25,6,28,0,test
6816,2017-12-25 22:14:25,2017-12-25,6,28,0,test
6817,2017-12-25 22:14:56,2017-12-25,6,28,0,test
6818,2017-12-25 22:15:26,2017-12-25,6,28,0,test
6819,2017-12-25 22:15:57,2017-12-25,6,28,0,test
6820,2017-12-25 22:16:28,2017-12-25,6,28,0,test
6821,2017-12-25 22:16:58,2017-12-25,6,28,0,test
6822,2017-12-25 22:17:29,2017-12-25,6,28,0,test
6823,2017-12-25 22:18:00,2017-12-25,6,28,0,test
6824,2017-12-25 22:18:30,2017-12-25,6,28,0,test
6825,2017-12-25 22:19:01,2017-12-25,6,28,0,test
6826,2017-12-25 22:19:32,2017-12-25,6,28,0,test
6827,2017-12-25 22:20:02,2017-12-25,6,28,0,test
6828,2017-12-25 22:20:33,2017-12-25,6,28,0,test
6829,2017-12-25 22:21:03,2017-12-25,6,28,0,test
6830,2017-12-25 22:21:34,2017-12-25,6,28,0,test
6831,2017-12-25 22:22:05,2017-12-25,6,28,0,test
6832,2017-12-25 22:22:35,2017-12-25,6,28,0,test
6833,2017-12-25 22:23:06,2017-12-25,6,28,0,test
6834,2017-12-25 22:23:37,2017-12-25,6,28,0,test
6835,2017-12-25 22:24:07,2017-12-25,6,28,0,test
6836,2017-12-25 22:24:38,2017-12-25,6,28,0,test
6837,2017-12-25 22:25:09,2017-12-25,6,28,0,test
6838,2017-12-25 22:25:39,2017-12-25,6,28,0,test
6839,2017-12-25 22:26:10,2017-12-25,6,28,0,test
6840,2017-12-25 22:26:40,2017-12-25,6,28,0,test
6841,2017-12-25 22:27:11,2017-12-25,6,28,0,test
6842,2017-12-25 22:27:42,2017-12-25,6,28,0,test
6843,2017-12-25 22:28:12,2017-12-25,6,28,0,test
6844,2017-12-25 22:28:43,2017-12-25,6,28,0,test
6845,2017-12-25 22:29:14,2017-12-25,6,28,0,test
6846,2017-12-25 22:29:44,2017-12-25,6,28,0,test
6847,2017-12-25 22:30:15,2017-12-25,6,28,0,test
6848,2017-12-25 22:30:45,2017-12-25,6,28,0,test
6849,2017-12-25 22:31:16,2017-12-25,6,28,0,test
6850,2017-12-25 22:31:47,2017-12-25,6,28,0,test
6851,2017-12-25 22:32:17,2017-12-25,6,28,0,test
6852,2017-12-25 22:32:48,2017-12-25,6,28,0,test
6853,2017-12-25 22:33:19,2017-12-25,6,28,0,test
6854,2017-12-25 22:33:49,2017-12-25,6,28,0,test
6855,2017-12-25 22:34:20,2017-12-25,6,28,0,test
6856,2017-12-25 22:34:51,2017-12-25,6,28,0,test
6857,2017-12-25 22:35:21,2017-12-25,6,28,0,test
6858,2017-12-25 22:35:52,2017-12-25,6,28,0,test
6859,2017-12-25 22:36:22,2017-12-25,6,28,0,test
6860,2017-12-25 22:36:53,2017-12-25,6,28,0,test
6861,2017-12-25 22:37:24,2017-12-25,6,28,0,test
6862,2017-12-25 22:37:54,2017-12-25,6,28,0,test
6863,2017-12-25 22:38:25,2017-12-25,6,28,0,test
6864,2017-12-25 22:38:56,2017-12-25,6,28,0,test
6865,2017-12-25 22:39:26,2017-12-25,6,28,0,test
6866,2017-12-25 22:39:57,2017-12-25,6,28,0,test
6867,2017-12-25 22:40:28,2017-12-25,6,28,0,test
6868,2017-12-25 22:40:58,2017-12-25,6,28,0,test
6869,2017-12-25 22:41:29,2017-12-25,6,28,0,test
6870,2017-12-25 22:41:59,2017-12-25,6,28,0,test
6871,2017-12-25 22:42:30,2017-12-25,6,28,0,test
6872,2017-12-25 22:43:01,2017-12-25,6,28,0,test
6873,2017-12-25 22:43:31,2017-12-25,6,28,0,test
6874,2017-12-25 22:44:02,2017-12-25,6,28,0,test
6875,2017-12-25 22:44:33,2017-12-25,6,28,0,test
6876,2017-12-25 22:45:03,2017-12-25,6,28,0,test
6877,2017-12-25 22:45:34,2017-12-25,6,28,0,test
6878,2017-12-25 22:46:05,2017-12-25,6,28,0,test
6879,2017-12-25 22:46:35,2017-12-25,6,28,0,test
6880,2017-12-25 22:47:06,2017-12-25,6,28,0,test
6881,2017-12-25 22:47:36,2017-12-25,6,28,0,test
6882,2017-12-25 22:48:07,2017-12-25,6,28,0,test
6883,2017-12-25 22:48:38,2017-12-25,6,28,0,test
6884,2017-12-25 22:49:08,2017-12-25,6,28,0,test
6885,2017-12-25 22:49:39,2017-12-25,6,28,0,test
6886,2017-12-25 22:50:10,2017-12-25,6,28,0,test
6887,2017-12-25 22:51:11,2017-12-25,6,28,0,test
6888,2017-12-25 22:51:42,2017-12-25,6,28,0,test
6889,2017-12-25 22:52:12,2017-12-25,6,28,0,test
6890,2017-12-25 22:52:43,2017-12-25,6,28,0,test
6891,2017-12-25 22:53:13,2017-12-25,6,28,0,test
6892,2017-12-25 22:53:44,2017-12-25,6,28,0,test
6893,2017-12-25 22:54:15,2017-12-25,6,28,0,test
6894,2017-12-25 22:54:45,2017-12-25,6,28,0,test
6895,2017-12-25 22:55:16,2017-12-25,6,28,0,test
6896,2017-12-25 22:55:47,2017-12-25,6,28,0,test
6897,2017-12-25 22:56:17,2017-12-25,6,28,0,test
6898,2017-12-25 22:56:48,2017-12-25,6,28,0,test
6899,2017-12-25 22:57:19,2017-12-25,6,28,0,test
6900,2017-12-25 22:57:49,2017-12-25,6,28,0,test
6901,2017-12-25 22:58:20,2017-12-25,6,28,0,test
6902,2017-12-25 22:58:50,2017-12-25,6,28,0,test
6903,2017-12-25 22:59:21,2017-12-25,6,28,0,test
6904,2017-12-25 22:59:52,2017-12-25,6,28,0,test
6905,2017-12-25 23:00:22,2017-12-25,6,28,0,test
6906,2017-12-25 23:00:53,2017-12-25,6,28,0,test
6907,2017-12-25 23:01:24,2017-12-25,6,28,0,test
6908,2017-12-25 23:01:54,2017-12-25,6,28,0,test
6909,2017-12-25 23:02:25,2017-12-25,6,28,0,test
6910,2017-12-25 23:02:55,2017-12-25,6,28,0,test
6911,2017-12-25 23:03:26,2017-12-25,6,28,0,test
6912,2017-12-25 23:03:57,2017-12-25,6,28,0,test
6913,2017-12-25 23:04:27,2017-12-25,6,28,0,test
6914,2017-12-25 23:04:58,2017-12-25,6,28,0,test
6915,2017-12-25 23:05:29,2017-12-25,6,28,0,test
6916,2017-12-25 23:05:59,2017-12-25,6,28,0,test
6917,2017-12-25 23:06:30,2017-12-25,6,28,0,test
6918,2017-12-25 23:07:01,2017-12-25,6,28,0,test
6919,2017-12-25 23:07:31,2017-12-25,6,28,0,test
6920,2017-12-25 23:08:02,2017-12-25,6,28,0,test
6921,2017-12-25 23:08:32,2017-12-25,6,28,0,test
6922,2017-12-25 23:09:03,2017-12-25,6,28,0,test
6923,2017-12-25 23:09:34,2017-12-25,6,28,0,test
6924,2017-12-25 23:10:04,2017-12-25,6,28,0,test
6925,2017-12-25 23:10:35,2017-12-25,6,28,0,test
6926,2017-12-25 23:11:06,2017-12-25,6,28,0,test
6927,2017-12-25 23:11:36,2017-12-25,6,28,0,test
6928,2017-12-25 23:12:07,2017-12-25,6,28,0,test
6929,2017-12-25 23:12:38,2017-12-25,6,28,0,test
6930,2017-12-25 23:13:08,2017-12-25,6,28,0,test
6931,2017-12-25 23:13:39,2017-12-25,6,28,0,test
6932,2017-12-25 23:14:09,2017-12-25,6,28,0,test
6933,2017-12-25 23:14:40,2017-12-25,6,28,0,test
6934,2017-12-25 23:15:11,2017-12-25,6,28,0,test
6935,2017-12-25 23:15:41,2017-12-25,6,28,0,test
6936,2017-12-25 23:16:12,2017-12-25,6,28,0,test
6937,2017-12-25 23:16:43,2017-12-25,6,28,0,test
6938,2017-12-25 23:17:13,2017-12-25,6,28,0,test
6939,2017-12-25 23:17:44,2017-12-25,6,28,0,test
6940,2017-12-25 23:18:15,2017-12-25,6,28,0,test
6941,2017-12-25 23:18:45,2017-12-25,6,28,0,test
6942,2017-12-25 23:19:16,2017-12-25,6,28,0,test
6943,2017-12-25 23:19:46,2017-12-25,6,28,0,test
6944,2017-12-25 23:20:17,2017-12-25,6,28,0,test
6945,2017-12-25 23:20:48,2017-12-25,6,28,0,test
6946,2017-12-25 23:21:18,2017-12-25,6,28,0,test
6947,2017-12-25 23:21:49,2017-12-25,6,28,0,test
6948,2017-12-25 23:22:20,2017-12-25,6,28,0,test
6949,2017-12-25 23:22:50,2017-12-25,6,28,0,test
6950,2017-12-25 23:23:21,2017-12-25,6,28,0,test
6951,2017-12-25 23:23:52,2017-12-25,6,28,0,test
6952,2017-12-25 23:24:22,2017-12-25,6,28,0,test
6953,2017-12-25 23:24:53,2017-12-25,6,28,0,test
6954,2017-12-25 23:25:23,2017-12-25,6,28,0,test
6955,2017-12-25 23:25:54,2017-12-25,6,28,0,test
6956,2017-12-25 23:26:25,2017-12-25,6,28,0,test
6957,2017-12-25 23:26:55,2017-12-25,6,28,0,test
6958,2017-12-25 23:27:26,2017-12-25,6,28,0,test
6959,2017-12-25 23:27:57,2017-12-25,6,28,0,test
6960,2017-12-25 23:28:27,2017-12-25,6,28,0,test
6961,2017-12-25 23:28:58,2017-12-25,6,28,0,test
6962,2017-12-25 23:29:29,2017-12-25,6,28,0,test
6963,2017-12-25 23:29:59,2017-12-25,6,28,0,test
6964,2017-12-25 23:30:30,2017-12-25,6,28,0,test
6965,2017-12-25 23:31:00,2017-12-25,6,28,0,test
6966,2017-12-25 23:31:31,2017-12-25,6,28,0,test
6967,2017-12-25 23:32:02,2017-12-25,6,28,0,test
6968,2017-12-25 23:32:32,2017-12-25,6,28,0,test
6969,2017-12-25 23:33:03,2017-12-25,6,28,0,test
6970,2017-12-25 23:33:34,2017-12-25,6,28,0,test
6971,2017-12-25 23:34:04,2017-12-25,6,28,0,test
6972,2017-12-25 23:34:35,2017-12-25,6,28,0,test
6973,2017-12-25 23:35:06,2017-12-25,6,28,0,test
6974,2017-12-25 23:35:36,2017-12-25,6,28,0,test
6975,2017-12-25 23:36:07,2017-12-25,6,28,0,test
6976,2017-12-25 23:36:37,2017-12-25,6,28,0,test
6977,2017-12-25 23:37:08,2017-12-25,6,28,0,test
6978,2017-12-25 23:37:39,2017-12-25,6,28,0,test
6979,2017-12-25 23:38:09,2017-12-25,6,28,0,test
6980,2017-12-25 23:38:40,2017-12-25,6,28,0,test
6981,2017-12-25 23:39:11,2017-12-25,6,28,0,test
6982,2017-12-25 23:39:41,2017-12-25,6,28,0,test
6983,2017-12-25 23:40:12,2017-12-25,6,28,0,test
6984,2017-12-25 23:40:42,2017-12-25,6,28,0,test
6985,2017-12-25 23:41:13,2017-12-25,6,28,0,test
6986,2017-12-25 23:41:44,2017-12-25,6,28,0,test
6987,2017-12-25 23:42:14,2017-12-25,6,28,0,test
6988,2017-12-25 23:42:45,2017-12-25,6,28,0,test
6989,2017-12-25 23:43:16,2017-12-25,6,28,0,test
6990,2017-12-25 23:43:46,2017-12-25,6,28,0,test
6991,2017-12-25 23:44:17,2017-12-25,6,28,0,test
6992,2017-12-25 23:44:48,2017-12-25,6,28,0,test
6993,2017-12-25 23:45:18,2017-12-25,6,28,0,test
6994,2017-12-25 23:45:49,2017-12-25,6,28,0,test
6995,2017-12-25 23:46:50,2017-12-25,6,28,0,test
6996,2017-12-25 23:47:21,2017-12-25,6,28,0,test
6997,2017-12-25 23:47:51,2017-12-25,6,28,0,test
6998,2017-12-25 23:48:22,2017-12-25,6,28,0,test
6999,2017-12-25 23:48:53,2017-12-25,6,28,0,test
7000,2017-12-25 23:49:23,2017-12-25,6,28,0,test
7001,2017-12-25 23:49:54,2017-12-25,6,28,0,test
7002,2017-12-25 23:50:25,2017-12-25,6,28,0,test
7003,2017-12-25 23:50:55,2017-12-25,6,28,0,test
7004,2017-12-25 23:51:26,2017-12-25,6,28,0,test
7005,2017-12-25 23:51:56,2017-12-25,6,28,0,test
7006,2017-12-25 23:52:27,2017-12-25,6,28,0,test
7007,2017-12-25 23:52:58,2017-12-25,6,28,0,test
7008,2017-12-25 23:53:28,2017-12-25,6,28,0,test
7009,2017-12-25 23:53:59,2017-12-25,6,28,0,test
7010,2017-12-25 23:54:30,2017-12-25,6,28,0,test
7011,2017-12-25 23:55:00,2017-12-25,6,28,0,test
7012,2017-12-25 23:55:31,2017-12-25,6,28,0,test
7013,2017-12-25 23:56:02,2017-12-25,6,28,0,test
7014,2017-12-25 23:56:32,2017-12-25,6,28,0,test
7015,2017-12-25 23:57:03,2017-12-25,6,28,0,test
7016,2017-12-25 23:57:33,2017-12-25,6,28,0,test
7017,2017-12-25 23:58:04,2017-12-25,6,28,0,test
7018,2017-12-25 23:58:35,2017-12-25,6,28,0,test
7019,2017-12-25 23:59:05,2017-12-25,6,28,0,test
7020,2017-12-25 23:59:36,2017-12-25,6,28,0,test
7021,2017-12-26 00:00:37,2017-12-26,6,28,0,test
7022,2017-12-26 00:01:08,2017-12-26,6,28,0,test
7023,2017-12-26 00:01:39,2017-12-26,6,28,0,test
7024,2017-12-26 00:02:09,2017-12-26,6,28,0,test
7025,2017-12-26 00:02:40,2017-12-26,6,28,0,test
7026,2017-12-26 00:03:10,2017-12-26,6,28,0,test
7027,2017-12-26 00:03:41,2017-12-26,6,28,0,test
7028,2017-12-26 00:04:12,2017-12-26,6,28,0,test
7029,2017-12-26 00:04:42,2017-12-26,6,28,0,test
7030,2017-12-26 00:05:13,2017-12-26,6,28,0,test
7031,2017-12-26 00:05:44,2017-12-26,6,28,0,test
7032,2017-12-26 00:06:14,2017-12-26,6,28,0,test
7033,2017-12-26 00:06:45,2017-12-26,6,28,0,test
7034,2017-12-26 00:07:16,2017-12-26,6,28,0,test
7035,2017-12-26 00:07:46,2017-12-26,6,28,0,test
7036,2017-12-26 00:08:17,2017-12-26,6,28,0,test
7037,2017-12-26 00:08:47,2017-12-26,6,28,0,test
7038,2017-12-26 00:09:18,2017-12-26,6,28,0,test
7039,2017-12-26 00:09:49,2017-12-26,6,28,0,test
7040,2017-12-26 00:10:19,2017-12-26,6,28,0,test
7041,2017-12-26 00:10:50,2017-12-26,6,28,0,test
7042,2017-12-26 00:11:21,2017-12-26,6,28,0,test
7043,2017-12-26 00:11:51,2017-12-26,6,28,0,test
7044,2017-12-26 00:12:22,2017-12-26,6,28,0,test
7045,2017-12-26 00:12:53,2017-12-26,6,28,0,test
7046,2017-12-26 00:13:23,2017-12-26,6,28,0,test
7047,2017-12-26 00:13:54,2017-12-26,6,28,0,test
7048,2017-12-26 00:14:24,2017-12-26,6,28,0,test
7049,2017-12-26 00:14:55,2017-12-26,6,28,0,test
7050,2017-12-26 00:15:26,2017-12-26,6,28,0,test
7051,2017-12-26 00:15:56,2017-12-26,6,28,0,test
7052,2017-12-26 00:16:27,2017-12-26,6,28,0,test
7053,2017-12-26 00:16:58,2017-12-26,6,28,0,test
7054,2017-12-26 00:17:28,2017-12-26,6,28,0,test
7055,2017-12-26 00:17:59,2017-12-26,6,28,0,test
7056,2017-12-26 00:18:29,2017-12-26,6,28,0,test
7057,2017-12-26 00:19:00,2017-12-26,6,28,0,test
7058,2017-12-26 00:19:31,2017-12-26,6,28,0,test
7059,2017-12-26 00:20:01,2017-12-26,6,28,0,test
7060,2017-12-26 00:20:32,2017-12-26,6,28,0,test
7061,2017-12-26 00:21:03,2017-12-26,6,28,0,test
7062,2017-12-26 00:21:33,2017-12-26,6,28,0,test
7063,2017-12-26 00:22:04,2017-12-26,6,28,0,test
7064,2017-12-26 00:22:35,2017-12-26,6,28,0,test
7065,2017-12-26 00:23:05,2017-12-26,6,28,0,test
7066,2017-12-26 00:23:36,2017-12-26,6,28,0,test
7067,2017-12-26 00:24:06,2017-12-26,6,28,0,test
7068,2017-12-26 00:24:37,2017-12-26,6,28,0,test
7069,2017-12-26 00:25:08,2017-12-26,6,28,0,test
7070,2017-12-26 00:25:38,2017-12-26,6,28,0,test
7071,2017-12-26 00:26:09,2017-12-26,6,28,0,test
7072,2017-12-26 00:26:40,2017-12-26,6,28,0,test
7073,2017-12-26 00:27:10,2017-12-26,6,28,0,test
7074,2017-12-26 00:27:41,2017-12-26,6,28,0,test
7075,2017-12-26 00:28:12,2017-12-26,6,28,0,test
7076,2017-12-26 00:28:42,2017-12-26,6,28,0,test
7077,2017-12-26 00:29:13,2017-12-26,6,28,0,test
7078,2017-12-26 00:29:43,2017-12-26,6,28,0,test
7079,2017-12-26 00:30:14,2017-12-26,6,28,0,test
7080,2017-12-26 00:30:45,2017-12-26,6,28,0,test
7081,2017-12-26 00:31:15,2017-12-26,6,28,0,test
7082,2017-12-26 00:31:46,2017-12-26,6,28,0,test
7083,2017-12-26 00:32:17,2017-12-26,6,28,0,test
7084,2017-12-26 00:32:47,2017-12-26,6,28,0,test
7085,2017-12-26 00:33:18,2017-12-26,6,28,0,test
7086,2017-12-26 00:33:49,2017-12-26,6,28,0,test
7087,2017-12-26 00:34:19,2017-12-26,6,28,0,test
7088,2017-12-26 00:34:50,2017-12-26,6,28,0,test
7089,2017-12-26 00:35:20,2017-12-26,6,28,0,test
7090,2017-12-26 00:35:51,2017-12-26,6,28,0,test
7091,2017-12-26 00:36:22,2017-12-26,6,28,0,test
7092,2017-12-26 00:36:52,2017-12-26,6,28,0,test
7093,2017-12-26 00:37:23,2017-12-26,6,28,0,test
7094,2017-12-26 00:37:54,2017-12-26,6,28,0,test
7095,2017-12-26 00:38:24,2017-12-26,6,28,0,test
7096,2017-12-26 00:38:55,2017-12-26,6,28,0,test
7097,2017-12-26 00:39:26,2017-12-26,6,28,0,test
7098,2017-12-26 00:39:56,2017-12-26,6,28,0,test
7099,2017-12-26 00:40:27,2017-12-26,6,28,0,test
7100,2017-12-26 00:41:28,2017-12-26,6,28,0,test
7101,2017-12-26 00:41:59,2017-12-26,6,28,0,test
7102,2017-12-26 00:43:00,2017-12-26,6,28,0,test
7103,2017-12-26 00:43:31,2017-12-26,6,28,0,test
7104,2017-12-26 00:44:01,2017-12-26,6,28,0,test
7105,2017-12-26 00:44:32,2017-12-26,6,28,0,test
7106,2017-12-26 00:45:03,2017-12-26,6,28,0,test
7107,2017-12-26 00:45:33,2017-12-26,6,28,0,test
7108,2017-12-26 00:46:04,2017-12-26,6,28,0,test
7109,2017-12-26 00:46:34,2017-12-26,6,28,0,test
7110,2017-12-26 00:47:05,2017-12-26,6,28,0,test
7111,2017-12-26 00:47:36,2017-12-26,6,28,0,test
7112,2017-12-26 00:48:06,2017-12-26,6,28,0,test
7113,2017-12-26 00:48:37,2017-12-26,6,28,0,test
7114,2017-12-26 00:49:08,2017-12-26,6,28,0,test
7115,2017-12-26 00:49:38,2017-12-26,6,28,0,test
7116,2017-12-26 00:50:09,2017-12-26,6,28,0,test
7117,2017-12-26 00:50:39,2017-12-26,6,28,0,test
7118,2017-12-26 00:51:10,2017-12-26,6,28,0,test
7119,2017-12-26 00:51:41,2017-12-26,6,28,0,test
7120,2017-12-26 00:52:11,2017-12-26,6,28,0,test
7121,2017-12-26 00:52:42,2017-12-26,6,28,0,test
7122,2017-12-26 00:53:13,2017-12-26,6,28,0,test
7123,2017-12-26 00:53:43,2017-12-26,6,28,0,test
7124,2017-12-26 00:54:14,2017-12-26,6,28,0,test
7125,2017-12-26 00:54:45,2017-12-26,6,28,0,test
7126,2017-12-26 00:55:15,2017-12-26,6,28,0,test
7127,2017-12-26 00:55:46,2017-12-26,6,28,0,test
7128,2017-12-26 00:56:16,2017-12-26,6,28,0,test
7129,2017-12-26 00:56:47,2017-12-26,6,28,0,test
7130,2017-12-26 00:57:18,2017-12-26,6,28,0,test
7131,2017-12-26 00:57:48,2017-12-26,6,28,0,test
7132,2017-12-26 00:58:19,2017-12-26,6,28,0,test
7133,2017-12-26 00:58:50,2017-12-26,6,28,0,test
7134,2017-12-26 00:59:20,2017-12-26,6,28,0,test
7135,2017-12-26 00:59:51,2017-12-26,6,28,0,test
7136,2017-12-26 01:00:22,2017-12-26,6,28,0,test
7137,2017-12-26 01:00:52,2017-12-26,6,28,0,test
7138,2017-12-26 01:01:23,2017-12-26,6,28,0,test
7139,2017-12-26 01:01:53,2017-12-26,6,28,0,test
7140,2017-12-26 01:02:24,2017-12-26,6,28,0,test
7141,2017-12-26 01:02:55,2017-12-26,6,28,0,test
7142,2017-12-26 01:03:25,2017-12-26,6,28,0,test
7143,2017-12-26 01:03:56,2017-12-26,6,28,0,test
7144,2017-12-26 01:04:27,2017-12-26,6,28,0,test
7145,2017-12-26 01:04:57,2017-12-26,6,28,0,test
7146,2017-12-26 01:05:28,2017-12-26,6,28,0,test
7147,2017-12-26 01:05:59,2017-12-26,6,28,0,test
7148,2017-12-26 01:06:29,2017-12-26,6,28,0,test
7149,2017-12-26 01:07:00,2017-12-26,6,28,0,test
7150,2017-12-26 01:07:30,2017-12-26,6,28,0,test
7151,2017-12-26 01:08:01,2017-12-26,6,28,0,test
7152,2017-12-26 01:08:32,2017-12-26,6,28,0,test
7153,2017-12-26 01:09:02,2017-12-26,6,28,0,test
7154,2017-12-26 01:09:33,2017-12-26,6,28,0,test
7155,2017-12-26 01:10:04,2017-12-26,6,28,0,test
7156,2017-12-26 01:10:34,2017-12-26,6,28,0,test
7157,2017-12-26 01:11:05,2017-12-26,6,28,0,test
7158,2017-12-26 01:11:36,2017-12-26,6,28,0,test
7159,2017-12-26 01:12:06,2017-12-26,6,28,0,test
7160,2017-12-26 01:12:37,2017-12-26,6,28,0,test
7161,2017-12-26 01:13:07,2017-12-26,6,28,0,test
7162,2017-12-26 01:13:38,2017-12-26,6,28,0,test
7163,2017-12-26 01:14:09,2017-12-26,6,28,0,test
7164,2017-12-26 01:14:39,2017-12-26,6,28,0,test
7165,2017-12-26 01:15:10,2017-12-26,6,28,0,test
7166,2017-12-26 01:15:41,2017-12-26,6,28,0,test
7167,2017-12-26 01:16:11,2017-12-26,6,28,0,test
7168,2017-12-26 01:16:42,2017-12-26,6,28,0,test
7169,2017-12-26 01:17:13,2017-12-26,6,28,0,test
7170,2017-12-26 01:17:43,2017-12-26,6,28,0,test
7171,2017-12-26 01:18:14,2017-12-26,6,28,0,test
7172,2017-12-26 01:18:44,2017-12-26,6,28,0,test
7173,2017-12-26 01:19:15,2017-12-26,6,28,0,test
7174,2017-12-26 01:19:46,2017-12-26,6,28,0,test
7175,2017-12-26 01:20:16,2017-12-26,6,28,0,test
7176,2017-12-26 01:20:47,2017-12-26,6,28,0,test
7177,2017-12-26 01:21:18,2017-12-26,6,28,0,test
7178,2017-12-26 01:21:48,2017-12-26,6,28,0,test
7179,2017-12-26 01:22:19,2017-12-26,6,28,0,test
7180,2017-12-26 01:22:50,2017-12-26,6,28,0,test
7181,2017-12-26 01:23:20,2017-12-26,6,28,0,test
7182,2017-12-26 01:23:51,2017-12-26,6,28,0,test
7183,2017-12-26 01:24:52,2017-12-26,6,28,0,test
7184,2017-12-26 01:25:23,2017-12-26,6,28,0,test
7185,2017-12-26 01:25:53,2017-12-26,6,28,0,test
7186,2017-12-26 01:26:24,2017-12-26,6,28,0,test
7187,2017-12-26 01:26:55,2017-12-26,6,28,0,test
7188,2017-12-26 01:27:25,2017-12-26,6,28,0,test
7189,2017-12-26 01:27:56,2017-12-26,6,28,0,test
7190,2017-12-26 01:28:26,2017-12-26,6,28,0,test
7191,2017-12-26 01:28:57,2017-12-26,6,28,0,test
7192,2017-12-26 01:29:28,2017-12-26,6,28,0,test
7193,2017-12-26 01:29:58,2017-12-26,6,28,0,test
7194,2017-12-26 01:30:29,2017-12-26,6,28,0,test
7195,2017-12-26 01:31:00,2017-12-26,6,28,0,test
7196,2017-12-26 01:31:30,2017-12-26,6,28,0,test
7197,2017-12-26 01:32:01,2017-12-26,6,28,0,test
7198,2017-12-26 01:32:32,2017-12-26,6,28,0,test
7199,2017-12-26 01:33:02,2017-12-26,6,28,0,test
7200,2017-12-26 01:33:33,2017-12-26,6,28,0,test
7201,2017-12-26 01:34:03,2017-12-26,6,28,0,test
7202,2017-12-26 01:34:34,2017-12-26,6,28,0,test
7203,2017-12-26 01:35:05,2017-12-26,6,28,0,test
7204,2017-12-26 01:35:35,2017-12-26,6,28,0,test
7205,2017-12-26 01:36:06,2017-12-26,6,28,0,test
7206,2017-12-26 01:36:37,2017-12-26,6,28,0,test
7207,2017-12-26 01:37:07,2017-12-26,6,28,0,test
7208,2017-12-26 01:37:38,2017-12-26,6,28,0,test
7209,2017-12-26 01:38:09,2017-12-26,6,28,0,test
7210,2017-12-26 01:39:10,2017-12-26,6,28,0,test
7211,2017-12-26 01:39:40,2017-12-26,6,28,0,test
7212,2017-12-26 01:40:11,2017-12-26,6,28,0,test
7213,2017-12-26 01:40:42,2017-12-26,6,28,0,test
7214,2017-12-26 01:41:12,2017-12-26,6,28,0,test
7215,2017-12-26 01:41:43,2017-12-26,6,28,0,test
7216,2017-12-26 01:42:14,2017-12-26,6,28,0,test
7217,2017-12-26 01:42:44,2017-12-26,6,28,0,test
7218,2017-12-26 01:43:15,2017-12-26,6,28,0,test
7219,2017-12-26 01:43:46,2017-12-26,6,28,0,test
7220,2017-12-26 01:44:16,2017-12-26,6,28,0,test
7221,2017-12-26 01:44:47,2017-12-26,6,28,0,test
7222,2017-12-26 01:45:17,2017-12-26,6,28,0,test
7223,2017-12-26 01:45:48,2017-12-26,6,28,0,test
7224,2017-12-26 01:46:19,2017-12-26,6,28,0,test
7225,2017-12-26 01:46:49,2017-12-26,6,28,0,test
7226,2017-12-26 01:47:20,2017-12-26,6,28,0,test
7227,2017-12-26 01:47:51,2017-12-26,6,28,0,test
7228,2017-12-26 01:48:21,2017-12-26,6,28,0,test
7229,2017-12-26 01:48:52,2017-12-26,6,28,0,test
7230,2017-12-26 01:49:23,2017-12-26,6,28,0,test
7231,2017-12-26 01:49:53,2017-12-26,6,28,0,test
7232,2017-12-26 01:50:24,2017-12-26,6,28,0,test
7233,2017-12-26 01:50:54,2017-12-26,6,28,0,test
7234,2017-12-26 01:51:25,2017-12-26,6,28,0,test
7235,2017-12-26 01:51:56,2017-12-26,6,28,0,test
7236,2017-12-26 01:52:26,2017-12-26,6,28,0,test
7237,2017-12-26 01:52:57,2017-12-26,6,28,0,test
7238,2017-12-26 01:53:28,2017-12-26,6,28,0,test
7239,2017-12-26 01:53:58,2017-12-26,6,28,0,test
7240,2017-12-26 01:54:29,2017-12-26,6,28,0,test
7241,2017-12-26 01:55:00,2017-12-26,6,28,0,test
7242,2017-12-26 01:55:30,2017-12-26,6,28,0,test
7243,2017-12-26 01:56:01,2017-12-26,6,28,0,test
7244,2017-12-26 01:56:31,2017-12-26,6,28,0,test
7245,2017-12-26 01:57:02,2017-12-26,6,28,0,test
7246,2017-12-26 01:57:33,2017-12-26,6,28,0,test
7247,2017-12-26 01:58:03,2017-12-26,6,28,0,test
7248,2017-12-26 01:58:34,2017-12-26,6,28,0,test
7249,2017-12-26 01:59:05,2017-12-26,6,28,0,test
7250,2017-12-26 01:59:35,2017-12-26,6,28,0,test
7251,2017-12-26 02:00:06,2017-12-26,6,28,0,test
7252,2017-12-26 02:00:37,2017-12-26,6,28,0,test
7253,2017-12-26 02:01:07,2017-12-26,6,28,0,test
7254,2017-12-26 02:01:38,2017-12-26,6,28,0,test
7255,2017-12-26 02:02:08,2017-12-26,6,28,0,test
7256,2017-12-26 02:02:39,2017-12-26,6,28,0,test
7257,2017-12-26 02:03:10,2017-12-26,6,28,0,test
7258,2017-12-26 02:03:40,2017-12-26,6,28,0,test
7259,2017-12-26 02:04:11,2017-12-26,6,28,0,test
7260,2017-12-26 02:04:42,2017-12-26,6,28,0,test
7261,2017-12-26 02:05:12,2017-12-26,6,28,0,test
7262,2017-12-26 02:05:43,2017-12-26,6,28,0,test
7263,2017-12-26 02:06:13,2017-12-26,6,28,0,test
7264,2017-12-26 02:06:44,2017-12-26,6,28,0,test
7265,2017-12-26 02:07:15,2017-12-26,6,28,0,test
7266,2017-12-26 02:07:45,2017-12-26,6,28,0,test
7267,2017-12-26 02:08:16,2017-12-26,6,28,0,test
7268,2017-12-26 02:08:47,2017-12-26,6,28,0,test
7269,2017-12-26 02:09:17,2017-12-26,6,28,0,test
7270,2017-12-26 02:09:48,2017-12-26,6,28,0,test
7271,2017-12-26 02:10:19,2017-12-26,6,28,0,test
7272,2017-12-26 02:10:49,2017-12-26,6,28,0,test
7273,2017-12-26 02:11:20,2017-12-26,6,28,0,test
7274,2017-12-26 02:11:50,2017-12-26,6,28,0,test
7275,2017-12-26 02:12:21,2017-12-26,6,28,0,test
7276,2017-12-26 02:12:52,2017-12-26,6,28,0,test
7277,2017-12-26 02:13:22,2017-12-26,6,28,0,test
7278,2017-12-26 02:13:53,2017-12-26,6,28,0,test
7279,2017-12-26 02:14:24,2017-12-26,6,28,0,test
7280,2017-12-26 02:14:54,2017-12-26,6,28,0,test
7281,2017-12-26 02:15:25,2017-12-26,6,28,0,test
7282,2017-12-26 02:15:56,2017-12-26,6,28,0,test
7283,2017-12-26 02:16:26,2017-12-26,6,28,0,test
7284,2017-12-26 02:16:57,2017-12-26,6,28,0,test
7285,2017-12-26 02:17:27,2017-12-26,6,28,0,test
7286,2017-12-26 02:17:58,2017-12-26,6,28,0,test
7287,2017-12-26 02:18:29,2017-12-26,6,28,0,test
7288,2017-12-26 02:18:59,2017-12-26,6,28,0,test
7289,2017-12-26 02:19:30,2017-12-26,6,28,0,test
7290,2017-12-26 02:20:01,2017-12-26,6,28,0,test
7291,2017-12-26 02:20:31,2017-12-26,6,28,0,test
7292,2017-12-26 02:21:02,2017-12-26,6,28,0,test
7293,2017-12-26 02:21:33,2017-12-26,6,28,0,test
7294,2017-12-26 02:22:03,2017-12-26,6,28,0,test
7295,2017-12-26 02:22:34,2017-12-26,6,28,0,test
7296,2017-12-26 02:23:04,2017-12-26,6,28,0,test
7297,2017-12-26 02:23:35,2017-12-26,6,28,0,test
7298,2017-12-26 02:24:06,2017-12-26,6,28,0,test
7299,2017-12-26 02:24:36,2017-12-26,6,28,0,test
7300,2017-12-26 02:25:07,2017-12-26,6,28,0,test
7301,2017-12-26 02:25:38,2017-12-26,6,28,0,test
7302,2017-12-26 02:26:08,2017-12-26,6,28,0,test
7303,2017-12-26 02:26:39,2017-12-26,6,28,0,test
7304,2017-12-26 02:27:10,2017-12-26,6,28,0,test
7305,2017-12-26 02:27:40,2017-12-26,6,28,0,test
7306,2017-12-26 02:28:11,2017-12-26,6,28,0,test
7307,2017-12-26 02:28:41,2017-12-26,6,28,0,test
7308,2017-12-26 02:29:12,2017-12-26,6,28,0,test
7309,2017-12-26 02:29:43,2017-12-26,6,28,0,test
7310,2017-12-26 02:30:13,2017-12-26,6,28,0,test
7311,2017-12-26 02:30:44,2017-12-26,6,28,0,test
7312,2017-12-26 02:31:15,2017-12-26,6,28,0,test
7313,2017-12-26 02:31:45,2017-12-26,6,28,0,test
7314,2017-12-26 02:32:16,2017-12-26,6,28,0,test
7315,2017-12-26 02:32:47,2017-12-26,6,28,0,test
7316,2017-12-26 02:33:17,2017-12-26,6,28,0,test
7317,2017-12-26 02:33:48,2017-12-26,6,28,0,test
7318,2017-12-26 02:34:49,2017-12-26,6,28,0,test
7319,2017-12-26 02:35:20,2017-12-26,6,28,0,test
7320,2017-12-26 02:35:50,2017-12-26,6,28,0,test
7321,2017-12-26 02:36:21,2017-12-26,6,28,0,test
7322,2017-12-26 02:36:52,2017-12-26,6,28,0,test
7323,2017-12-26 02:37:22,2017-12-26,6,28,0,test
7324,2017-12-26 02:37:53,2017-12-26,6,28,0,test
7325,2017-12-26 02:38:23,2017-12-26,6,28,0,test
7326,2017-12-26 02:38:54,2017-12-26,6,28,0,test
7327,2017-12-26 02:39:25,2017-12-26,6,28,0,test
7328,2017-12-26 02:39:55,2017-12-26,6,28,0,test
7329,2017-12-26 02:40:26,2017-12-26,6,28,0,test
7330,2017-12-26 02:40:57,2017-12-26,6,28,0,test
7331,2017-12-26 02:41:27,2017-12-26,6,28,0,test
7332,2017-12-26 02:41:58,2017-12-26,6,28,0,test
7333,2017-12-26 02:42:29,2017-12-26,6,28,0,test
7334,2017-12-26 02:42:59,2017-12-26,6,28,0,test
7335,2017-12-26 02:43:30,2017-12-26,6,28,0,test
7336,2017-12-26 02:44:00,2017-12-26,6,28,0,test
7337,2017-12-26 02:44:31,2017-12-26,6,28,0,test
7338,2017-12-26 02:45:02,2017-12-26,6,28,0,test
7339,2017-12-26 02:45:32,2017-12-26,6,28,0,test
7340,2017-12-26 02:46:03,2017-12-26,6,28,0,test
7341,2017-12-26 02:46:34,2017-12-26,6,28,0,test
7342,2017-12-26 02:47:04,2017-12-26,6,28,0,test
7343,2017-12-26 02:47:35,2017-12-26,6,28,0,test
7344,2017-12-26 02:48:06,2017-12-26,6,28,0,test
7345,2017-12-26 02:48:36,2017-12-26,6,28,0,test
7346,2017-12-26 02:49:07,2017-12-26,6,28,0,test
7347,2017-12-26 02:49:37,2017-12-26,6,28,0,test
7348,2017-12-26 02:50:08,2017-12-26,6,28,0,test
7349,2017-12-26 02:50:39,2017-12-26,6,28,0,test
7350,2017-12-26 02:51:09,2017-12-26,6,28,0,test
7351,2017-12-26 02:51:40,2017-12-26,6,28,0,test
7352,2017-12-26 02:52:11,2017-12-26,6,28,0,test
7353,2017-12-26 02:52:41,2017-12-26,6,28,0,test
7354,2017-12-26 02:53:12,2017-12-26,6,28,0,test
7355,2017-12-26 02:53:43,2017-12-26,6,28,0,test
7356,2017-12-26 02:54:13,2017-12-26,6,28,0,test
7357,2017-12-26 02:54:44,2017-12-26,6,28,0,test
7358,2017-12-26 02:55:14,2017-12-26,6,28,0,test
7359,2017-12-26 02:55:45,2017-12-26,6,28,0,test
7360,2017-12-26 02:56:16,2017-12-26,6,28,0,test
7361,2017-12-26 02:56:46,2017-12-26,6,28,0,test
7362,2017-12-26 02:57:17,2017-12-26,6,28,0,test
7363,2017-12-26 02:57:48,2017-12-26,6,28,0,test
7364,2017-12-26 02:58:18,2017-12-26,6,28,0,test
7365,2017-12-26 02:58:49,2017-12-26,6,28,0,test
7366,2017-12-26 02:59:20,2017-12-26,6,28,0,test
7367,2017-12-26 02:59:50,2017-12-26,6,28,0,test
7368,2017-12-26 03:00:21,2017-12-26,6,28,0,test
7369,2017-12-26 03:00:51,2017-12-26,6,28,0,test
7370,2017-12-26 03:01:22,2017-12-26,6,28,0,test
7371,2017-12-26 03:01:53,2017-12-26,6,28,0,test
7372,2017-12-26 03:02:23,2017-12-26,6,28,0,test
7373,2017-12-26 03:02:54,2017-12-26,6,28,0,test
7374,2017-12-26 03:03:25,2017-12-26,6,28,0,test
7375,2017-12-26 03:03:55,2017-12-26,6,28,0,test
7376,2017-12-26 03:04:26,2017-12-26,6,28,0,test
7377,2017-12-26 03:04:57,2017-12-26,6,28,0,test
7378,2017-12-26 03:05:27,2017-12-26,6,28,0,test
7379,2017-12-26 03:05:58,2017-12-26,6,28,0,test
7380,2017-12-26 03:06:28,2017-12-26,6,28,0,test
7381,2017-12-26 03:06:59,2017-12-26,6,28,0,test
7382,2017-12-26 03:07:30,2017-12-26,6,28,0,test
7383,2017-12-26 03:08:00,2017-12-26,6,28,0,test
7384,2017-12-26 03:08:31,2017-12-26,6,28,0,test
7385,2017-12-26 03:09:02,2017-12-26,6,28,0,test
7386,2017-12-26 03:09:32,2017-12-26,6,28,0,test
7387,2017-12-26 03:10:03,2017-12-26,6,28,0,test
7388,2017-12-26 03:10:33,2017-12-26,6,28,0,test
7389,2017-12-26 03:11:04,2017-12-26,6,28,0,test
7390,2017-12-26 03:11:35,2017-12-26,6,28,0,test
7391,2017-12-26 03:12:05,2017-12-26,6,28,0,test
7392,2017-12-26 03:12:36,2017-12-26,6,28,0,test
7393,2017-12-26 03:13:07,2017-12-26,6,28,0,test
7394,2017-12-26 03:13:37,2017-12-26,6,28,0,test
7395,2017-12-26 03:14:08,2017-12-26,6,28,0,test
7396,2017-12-26 03:14:39,2017-12-26,6,28,0,test
7397,2017-12-26 03:15:09,2017-12-26,6,28,0,test
7398,2017-12-26 03:15:40,2017-12-26,6,28,0,test
7399,2017-12-26 03:16:10,2017-12-26,6,28,0,test
7400,2017-12-26 03:16:41,2017-12-26,6,28,0,test
7401,2017-12-26 03:17:12,2017-12-26,6,28,0,test
7402,2017-12-26 03:17:42,2017-12-26,6,28,0,test
7403,2017-12-26 03:18:13,2017-12-26,6,28,0,test
7404,2017-12-26 03:18:44,2017-12-26,6,28,0,test
7405,2017-12-26 03:19:14,2017-12-26,6,28,0,test
7406,2017-12-26 03:19:45,2017-12-26,6,28,0,test
7407,2017-12-26 03:20:16,2017-12-26,6,28,0,test
7408,2017-12-26 03:20:46,2017-12-26,6,28,0,test
7409,2017-12-26 03:21:17,2017-12-26,6,28,0,test
7410,2017-12-26 03:21:47,2017-12-26,6,28,0,test
7411,2017-12-26 03:22:18,2017-12-26,6,28,0,test
7412,2017-12-26 03:22:49,2017-12-26,6,28,0,test
7413,2017-12-26 03:23:19,2017-12-26,6,28,0,test
7414,2017-12-26 03:23:50,2017-12-26,6,28,0,test
7415,2017-12-26 03:24:21,2017-12-26,6,28,0,test
7416,2017-12-26 03:24:51,2017-12-26,6,28,0,test
7417,2017-12-26 03:25:22,2017-12-26,6,28,0,test
7418,2017-12-26 03:25:53,2017-12-26,6,28,0,test
7419,2017-12-26 03:26:23,2017-12-26,6,28,0,test
7420,2017-12-26 03:26:54,2017-12-26,6,28,0,test
7421,2017-12-26 03:27:24,2017-12-26,6,28,0,test
7422,2017-12-26 03:27:55,2017-12-26,6,28,0,test
7423,2017-12-26 03:28:26,2017-12-26,6,28,0,test
7424,2017-12-26 03:28:56,2017-12-26,6,28,0,test
7425,2017-12-26 03:29:27,2017-12-26,6,28,0,test
7426,2017-12-26 03:29:58,2017-12-26,6,28,0,test
7427,2017-12-26 03:30:59,2017-12-26,6,28,0,test
7428,2017-12-26 03:31:30,2017-12-26,6,28,0,test
7429,2017-12-26 03:32:00,2017-12-26,6,28,0,test
7430,2017-12-26 03:32:31,2017-12-26,6,28,0,test
7431,2017-12-26 03:33:01,2017-12-26,6,28,0,test
7432,2017-12-26 03:33:32,2017-12-26,6,28,0,test
7433,2017-12-26 03:34:03,2017-12-26,6,28,0,test
7434,2017-12-26 03:34:33,2017-12-26,6,28,0,test
7435,2017-12-26 03:35:04,2017-12-26,6,28,0,test
7436,2017-12-26 03:35:35,2017-12-26,6,28,0,test
7437,2017-12-26 03:36:05,2017-12-26,6,28,0,test
7438,2017-12-26 03:36:36,2017-12-26,6,28,0,test
7439,2017-12-26 03:37:07,2017-12-26,6,28,0,test
7440,2017-12-26 03:37:37,2017-12-26,6,28,0,test
7441,2017-12-26 03:38:08,2017-12-26,6,28,0,test
7442,2017-12-26 03:38:38,2017-12-26,6,28,0,test
7443,2017-12-26 03:39:09,2017-12-26,6,28,0,test
7444,2017-12-26 03:39:40,2017-12-26,6,28,0,test
7445,2017-12-26 03:40:10,2017-12-26,6,28,0,test
7446,2017-12-26 03:40:41,2017-12-26,6,28,0,test
7447,2017-12-26 03:41:12,2017-12-26,6,28,0,test
7448,2017-12-26 03:41:42,2017-12-26,6,28,0,test
7449,2017-12-26 03:42:13,2017-12-26,6,28,0,test
7450,2017-12-26 03:42:44,2017-12-26,6,28,0,test
7451,2017-12-26 03:43:14,2017-12-26,6,28,0,test
7452,2017-12-26 03:43:45,2017-12-26,6,28,0,test
7453,2017-12-26 03:44:15,2017-12-26,6,28,0,test
7454,2017-12-26 03:44:46,2017-12-26,6,28,0,test
7455,2017-12-26 03:45:17,2017-12-26,6,28,0,test
7456,2017-12-26 03:45:47,2017-12-26,6,28,0,test
7457,2017-12-26 03:46:18,2017-12-26,6,28,0,test
7458,2017-12-26 03:46:49,2017-12-26,6,28,0,test
7459,2017-12-26 03:47:19,2017-12-26,6,28,0,test
7460,2017-12-26 03:47:50,2017-12-26,6,28,0,test
7461,2017-12-26 03:48:51,2017-12-26,6,28,0,test
7462,2017-12-26 03:49:22,2017-12-26,6,28,0,test
7463,2017-12-26 03:49:52,2017-12-26,6,28,0,test
7464,2017-12-26 03:50:23,2017-12-26,6,28,0,test
7465,2017-12-26 03:50:54,2017-12-26,6,28,0,test
7466,2017-12-26 03:51:24,2017-12-26,6,28,0,test
7467,2017-12-26 03:51:55,2017-12-26,6,28,0,test
7468,2017-12-26 03:52:26,2017-12-26,6,28,0,test
7469,2017-12-26 03:52:56,2017-12-26,6,28,0,test
7470,2017-12-26 03:53:27,2017-12-26,6,28,0,test
7471,2017-12-26 03:53:57,2017-12-26,6,28,0,test
7472,2017-12-26 03:54:28,2017-12-26,6,28,0,test
7473,2017-12-26 03:54:59,2017-12-26,6,28,0,test
7474,2017-12-26 03:55:29,2017-12-26,6,28,0,test
7475,2017-12-26 03:56:00,2017-12-26,6,28,0,test
7476,2017-12-26 03:56:31,2017-12-26,6,28,0,test
7477,2017-12-26 03:57:01,2017-12-26,6,28,0,test
7478,2017-12-26 03:57:32,2017-12-26,6,28,0,test
7479,2017-12-26 03:58:03,2017-12-26,6,28,0,test
7480,2017-12-26 03:58:33,2017-12-26,6,28,0,test
7481,2017-12-26 03:59:04,2017-12-26,6,28,0,test
7482,2017-12-26 03:59:34,2017-12-26,6,28,0,test
7483,2017-12-26 04:00:05,2017-12-26,6,28,0,test
7484,2017-12-26 04:00:36,2017-12-26,6,28,0,test
7485,2017-12-26 04:01:06,2017-12-26,6,28,0,test
7486,2017-12-26 04:01:37,2017-12-26,6,28,0,test
7487,2017-12-26 04:02:08,2017-12-26,6,28,0,test
7488,2017-12-26 04:02:38,2017-12-26,6,28,0,test
7489,2017-12-26 04:03:09,2017-12-26,6,28,0,test
7490,2017-12-26 04:03:40,2017-12-26,6,28,0,test
7491,2017-12-26 04:04:10,2017-12-26,6,28,0,test
7492,2017-12-26 04:04:41,2017-12-26,6,28,0,test
7493,2017-12-26 04:05:11,2017-12-26,6,28,0,test
7494,2017-12-26 04:05:42,2017-12-26,6,28,0,test
7495,2017-12-26 04:06:13,2017-12-26,6,28,0,test
7496,2017-12-26 04:06:43,2017-12-26,6,28,0,test
7497,2017-12-26 04:07:14,2017-12-26,6,28,0,test
7498,2017-12-26 04:07:45,2017-12-26,6,28,0,test
7499,2017-12-26 04:08:15,2017-12-26,6,28,0,test
7500,2017-12-26 04:08:46,2017-12-26,6,28,0,test
7501,2017-12-26 04:09:17,2017-12-26,6,28,0,test
7502,2017-12-26 04:09:47,2017-12-26,6,28,0,test
7503,2017-12-26 04:10:18,2017-12-26,6,28,0,test
7504,2017-12-26 04:10:48,2017-12-26,6,28,0,test
7505,2017-12-26 04:11:19,2017-12-26,6,28,0,test
7506,2017-12-26 04:11:50,2017-12-26,6,28,0,test
7507,2017-12-26 04:12:20,2017-12-26,6,28,0,test
7508,2017-12-26 04:12:51,2017-12-26,6,28,0,test
7509,2017-12-26 04:13:22,2017-12-26,6,28,0,test
7510,2017-12-26 04:13:52,2017-12-26,6,28,0,test
7511,2017-12-26 04:14:23,2017-12-26,6,28,0,test
7512,2017-12-26 04:14:54,2017-12-26,6,28,0,test
7513,2017-12-26 04:15:24,2017-12-26,6,28,0,test
7514,2017-12-26 04:15:55,2017-12-26,6,28,0,test
7515,2017-12-26 04:16:25,2017-12-26,6,28,0,test
7516,2017-12-26 04:16:56,2017-12-26,6,28,0,test
7517,2017-12-26 04:17:27,2017-12-26,6,28,0,test
7518,2017-12-26 04:17:57,2017-12-26,6,28,0,test
7519,2017-12-26 04:18:28,2017-12-26,6,28,0,test
7520,2017-12-26 04:18:59,2017-12-26,6,28,0,test
7521,2017-12-26 04:19:29,2017-12-26,6,28,0,test
7522,2017-12-26 04:20:00,2017-12-26,6,28,0,test
7523,2017-12-26 04:20:31,2017-12-26,6,28,0,test
7524,2017-12-26 04:21:01,2017-12-26,6,28,0,test
7525,2017-12-26 04:21:32,2017-12-26,6,28,0,test
7526,2017-12-26 04:22:02,2017-12-26,6,28,0,test
7527,2017-12-26 04:22:33,2017-12-26,6,28,0,test
7528,2017-12-26 04:23:04,2017-12-26,6,28,0,test
7529,2017-12-26 04:23:34,2017-12-26,6,28,0,test
7530,2017-12-26 04:24:05,2017-12-26,6,28,0,test
7531,2017-12-26 04:24:36,2017-12-26,6,28,0,test
7532,2017-12-26 04:25:06,2017-12-26,6,28,0,test
7533,2017-12-26 04:25:37,2017-12-26,6,28,0,test
7534,2017-12-26 04:26:38,2017-12-26,6,28,0,test
7535,2017-12-26 04:27:09,2017-12-26,6,28,0,test
7536,2017-12-26 04:27:39,2017-12-26,6,28,0,test
7537,2017-12-26 04:28:10,2017-12-26,6,28,0,test
7538,2017-12-26 04:28:41,2017-12-26,6,28,0,test
7539,2017-12-26 04:29:11,2017-12-26,6,28,0,test
7540,2017-12-26 04:29:42,2017-12-26,6,28,0,test
7541,2017-12-26 04:30:13,2017-12-26,6,28,0,test
7542,2017-12-26 04:30:43,2017-12-26,6,28,0,test
7543,2017-12-26 04:31:14,2017-12-26,6,28,0,test
7544,2017-12-26 04:31:44,2017-12-26,6,28,0,test
7545,2017-12-26 04:32:15,2017-12-26,6,28,0,test
7546,2017-12-26 04:32:46,2017-12-26,6,28,0,test
7547,2017-12-26 04:33:16,2017-12-26,6,28,0,test
7548,2017-12-26 04:33:47,2017-12-26,6,28,0,test
7549,2017-12-26 04:34:18,2017-12-26,6,28,0,test
7550,2017-12-26 04:34:48,2017-12-26,6,28,0,test
7551,2017-12-26 04:35:19,2017-12-26,6,28,0,test
7552,2017-12-26 04:35:50,2017-12-26,6,28,0,test
7553,2017-12-26 04:36:20,2017-12-26,6,28,0,test
7554,2017-12-26 04:36:51,2017-12-26,6,28,0,test
7555,2017-12-26 04:37:21,2017-12-26,6,28,0,test
7556,2017-12-26 04:37:52,2017-12-26,6,28,0,test
7557,2017-12-26 04:38:23,2017-12-26,6,28,0,test
7558,2017-12-26 04:38:53,2017-12-26,6,28,0,test
7559,2017-12-26 04:39:24,2017-12-26,6,28,0,test
7560,2017-12-26 04:39:55,2017-12-26,6,28,0,test
7561,2017-12-26 04:40:25,2017-12-26,6,28,0,test
7562,2017-12-26 04:40:56,2017-12-26,6,28,0,test
7563,2017-12-26 04:41:27,2017-12-26,6,28,0,test
7564,2017-12-26 04:41:57,2017-12-26,6,28,0,test
7565,2017-12-26 04:42:28,2017-12-26,6,28,0,test
7566,2017-12-26 04:42:58,2017-12-26,6,28,0,test
7567,2017-12-26 04:43:29,2017-12-26,6,28,0,test
7568,2017-12-26 04:44:00,2017-12-26,6,28,0,test
7569,2017-12-26 04:44:30,2017-12-26,6,28,0,test
7570,2017-12-26 04:45:01,2017-12-26,6,28,0,test
7571,2017-12-26 04:45:32,2017-12-26,6,28,0,test
7572,2017-12-26 04:46:02,2017-12-26,6,28,0,test
7573,2017-12-26 04:46:33,2017-12-26,6,28,0,test
7574,2017-12-26 04:47:04,2017-12-26,6,28,0,test
7575,2017-12-26 04:47:34,2017-12-26,6,28,0,test
7576,2017-12-26 04:48:05,2017-12-26,6,28,0,test
7577,2017-12-26 04:48:35,2017-12-26,6,28,0,test
7578,2017-12-26 04:49:06,2017-12-26,6,28,0,test
7579,2017-12-26 04:49:37,2017-12-26,6,28,0,test
7580,2017-12-26 04:50:07,2017-12-26,6,28,0,test
7581,2017-12-26 04:50:38,2017-12-26,6,28,0,test
7582,2017-12-26 04:51:09,2017-12-26,6,28,0,test
7583,2017-12-26 04:51:39,2017-12-26,6,28,0,test
7584,2017-12-26 04:52:10,2017-12-26,6,28,0,test
7585,2017-12-26 04:52:41,2017-12-26,6,28,0,test
7586,2017-12-26 04:53:11,2017-12-26,6,28,0,test
7587,2017-12-26 04:53:42,2017-12-26,6,28,0,test
7588,2017-12-26 04:54:12,2017-12-26,6,28,0,test
7589,2017-12-26 04:54:43,2017-12-26,6,28,0,test
7590,2017-12-26 04:55:14,2017-12-26,6,28,0,test
7591,2017-12-26 04:55:44,2017-12-26,6,28,0,test
7592,2017-12-26 04:56:15,2017-12-26,6,28,0,test
7593,2017-12-26 04:56:46,2017-12-26,6,28,0,test
7594,2017-12-26 04:57:16,2017-12-26,6,28,0,test
7595,2017-12-26 04:57:47,2017-12-26,6,28,0,test
7596,2017-12-26 04:58:18,2017-12-26,6,28,0,test
7597,2017-12-26 04:58:48,2017-12-26,6,28,0,test
7598,2017-12-26 04:59:19,2017-12-26,6,28,0,test
7599,2017-12-26 04:59:49,2017-12-26,6,28,0,test
7600,2017-12-26 05:00:20,2017-12-26,6,28,0,test
7601,2017-12-26 05:00:51,2017-12-26,6,28,0,test
7602,2017-12-26 05:01:21,2017-12-26,6,28,0,test
7603,2017-12-26 05:01:52,2017-12-26,6,28,0,test
7604,2017-12-26 05:02:23,2017-12-26,6,28,0,test
7605,2017-12-26 05:02:53,2017-12-26,6,28,0,test
7606,2017-12-26 05:03:24,2017-12-26,6,28,0,test
7607,2017-12-26 05:03:54,2017-12-26,6,28,0,test
7608,2017-12-26 05:04:25,2017-12-26,6,28,0,test
7609,2017-12-26 05:04:56,2017-12-26,6,28,0,test
7610,2017-12-26 05:05:26,2017-12-26,6,28,0,test
7611,2017-12-26 05:05:57,2017-12-26,6,28,0,test
7612,2017-12-26 05:06:28,2017-12-26,6,28,0,test
7613,2017-12-26 05:06:58,2017-12-26,6,28,0,test
7614,2017-12-26 05:07:29,2017-12-26,6,28,0,test
7615,2017-12-26 05:08:00,2017-12-26,6,28,0,test
7616,2017-12-26 05:08:30,2017-12-26,6,28,0,test
7617,2017-12-26 05:09:01,2017-12-26,6,28,0,test
7618,2017-12-26 05:09:31,2017-12-26,6,28,0,test
7619,2017-12-26 05:10:02,2017-12-26,6,28,0,test
7620,2017-12-26 05:10:33,2017-12-26,6,28,0,test
7621,2017-12-26 05:11:03,2017-12-26,6,28,0,test
7622,2017-12-26 05:11:34,2017-12-26,6,28,0,test
7623,2017-12-26 05:12:05,2017-12-26,6,28,0,test
7624,2017-12-26 05:12:35,2017-12-26,6,28,0,test
7625,2017-12-26 05:13:06,2017-12-26,6,28,0,test
7626,2017-12-26 05:13:37,2017-12-26,6,28,0,test
7627,2017-12-26 05:14:07,2017-12-26,6,28,0,test
7628,2017-12-26 05:14:38,2017-12-26,6,28,0,test
7629,2017-12-26 05:15:08,2017-12-26,6,28,0,test
7630,2017-12-26 05:15:39,2017-12-26,6,28,0,test
7631,2017-12-26 05:16:10,2017-12-26,6,28,0,test
7632,2017-12-26 05:16:40,2017-12-26,6,28,0,test
7633,2017-12-26 05:17:11,2017-12-26,6,28,0,test
7634,2017-12-26 05:17:42,2017-12-26,6,28,0,test
7635,2017-12-26 05:18:12,2017-12-26,6,28,0,test
7636,2017-12-26 05:18:43,2017-12-26,6,28,0,test
7637,2017-12-26 05:19:14,2017-12-26,6,28,0,test
7638,2017-12-26 05:19:44,2017-12-26,6,28,0,test
7639,2017-12-26 05:20:15,2017-12-26,6,28,0,test
7640,2017-12-26 05:20:45,2017-12-26,6,28,0,test
7641,2017-12-26 05:21:16,2017-12-26,6,28,0,test
7642,2017-12-26 05:21:47,2017-12-26,6,28,0,test
7643,2017-12-26 05:22:48,2017-12-26,6,28,0,test
7644,2017-12-26 05:23:19,2017-12-26,6,28,0,test
7645,2017-12-26 05:23:49,2017-12-26,6,28,0,test
7646,2017-12-26 05:24:20,2017-12-26,6,28,0,test
7647,2017-12-26 05:24:51,2017-12-26,6,28,0,test
7648,2017-12-26 05:25:21,2017-12-26,6,28,0,test
7649,2017-12-26 05:25:52,2017-12-26,6,28,0,test
7650,2017-12-26 05:26:22,2017-12-26,6,28,0,test
7651,2017-12-26 05:26:53,2017-12-26,6,28,0,test
7652,2017-12-26 05:27:24,2017-12-26,6,28,0,test
7653,2017-12-26 05:27:54,2017-12-26,6,28,0,test
7654,2017-12-26 05:28:25,2017-12-26,6,28,0,test
7655,2017-12-26 05:28:56,2017-12-26,6,28,0,test
7656,2017-12-26 05:29:26,2017-12-26,6,28,0,test
7657,2017-12-26 05:29:57,2017-12-26,6,28,0,test
7658,2017-12-26 05:30:28,2017-12-26,6,28,0,test
7659,2017-12-26 05:30:58,2017-12-26,6,28,0,test
7660,2017-12-26 05:31:29,2017-12-26,6,28,0,test
7661,2017-12-26 05:31:59,2017-12-26,6,28,0,test
7662,2017-12-26 05:32:30,2017-12-26,6,28,0,test
7663,2017-12-26 05:33:01,2017-12-26,6,28,0,test
7664,2017-12-26 05:33:31,2017-12-26,6,28,0,test
7665,2017-12-26 05:34:02,2017-12-26,6,28,0,test
7666,2017-12-26 05:34:33,2017-12-26,6,28,0,test
7667,2017-12-26 05:35:03,2017-12-26,6,28,0,test
7668,2017-12-26 05:35:34,2017-12-26,6,28,0,test
7669,2017-12-26 05:36:05,2017-12-26,6,28,0,test
7670,2017-12-26 05:36:35,2017-12-26,6,28,0,test
7671,2017-12-26 05:37:06,2017-12-26,6,28,0,test
7672,2017-12-26 05:37:36,2017-12-26,6,28,0,test
7673,2017-12-26 05:38:07,2017-12-26,6,28,0,test
7674,2017-12-26 05:38:38,2017-12-26,6,28,0,test
7675,2017-12-26 05:39:08,2017-12-26,6,28,0,test
7676,2017-12-26 05:39:39,2017-12-26,6,28,0,test
7677,2017-12-26 05:40:10,2017-12-26,6,28,0,test
7678,2017-12-26 05:40:40,2017-12-26,6,28,0,test
7679,2017-12-26 05:41:11,2017-12-26,6,28,0,test
7680,2017-12-26 05:41:41,2017-12-26,6,28,0,test
7681,2017-12-26 05:42:12,2017-12-26,6,28,0,test
7682,2017-12-26 05:42:43,2017-12-26,6,28,0,test
7683,2017-12-26 05:43:13,2017-12-26,6,28,0,test
7684,2017-12-26 05:43:44,2017-12-26,6,28,0,test
7685,2017-12-26 05:44:15,2017-12-26,6,28,0,test
7686,2017-12-26 05:44:45,2017-12-26,6,28,0,test
7687,2017-12-26 05:45:16,2017-12-26,6,28,0,test
7688,2017-12-26 05:45:47,2017-12-26,6,28,0,test
7689,2017-12-26 05:46:17,2017-12-26,6,28,0,test
7690,2017-12-26 05:46:48,2017-12-26,6,28,0,test
7691,2017-12-26 05:47:18,2017-12-26,6,28,0,test
7692,2017-12-26 05:47:49,2017-12-26,6,28,0,test
7693,2017-12-26 05:48:20,2017-12-26,6,28,0,test
7694,2017-12-26 05:48:50,2017-12-26,6,28,0,test
7695,2017-12-26 05:49:21,2017-12-26,6,28,0,test
7696,2017-12-26 05:49:52,2017-12-26,6,28,0,test
7697,2017-12-26 05:50:22,2017-12-26,6,28,0,test
7698,2017-12-26 05:50:53,2017-12-26,6,28,0,test
7699,2017-12-26 05:51:24,2017-12-26,6,28,0,test
7700,2017-12-26 05:51:54,2017-12-26,6,28,0,test
7701,2017-12-26 05:52:25,2017-12-26,6,28,0,test
7702,2017-12-26 05:52:55,2017-12-26,6,28,0,test
7703,2017-12-26 05:53:26,2017-12-26,6,28,0,test
7704,2017-12-26 05:53:57,2017-12-26,6,28,0,test
7705,2017-12-26 05:54:27,2017-12-26,6,28,0,test
7706,2017-12-26 05:54:58,2017-12-26,6,28,0,test
7707,2017-12-26 05:55:29,2017-12-26,6,28,0,test
7708,2017-12-26 05:55:59,2017-12-26,6,28,0,test
7709,2017-12-26 05:56:30,2017-12-26,6,28,0,test
7710,2017-12-26 05:57:01,2017-12-26,6,28,0,test
7711,2017-12-26 05:57:31,2017-12-26,6,28,0,test
7712,2017-12-26 05:58:02,2017-12-26,6,28,0,test
7713,2017-12-26 05:58:32,2017-12-26,6,28,0,test
7714,2017-12-26 05:59:03,2017-12-26,6,28,0,test
7715,2017-12-26 05:59:34,2017-12-26,6,28,0,test
7716,2017-12-26 06:00:04,2017-12-26,6,28,0,test
7717,2017-12-26 06:00:35,2017-12-26,6,28,0,test
7718,2017-12-26 06:01:06,2017-12-26,6,28,0,test
7719,2017-12-26 06:01:36,2017-12-26,6,28,0,test
7720,2017-12-26 06:02:07,2017-12-26,6,28,0,test
7721,2017-12-26 06:02:38,2017-12-26,6,28,0,test
7722,2017-12-26 06:03:08,2017-12-26,6,28,0,test
7723,2017-12-26 06:03:39,2017-12-26,6,28,0,test
7724,2017-12-26 06:04:09,2017-12-26,6,28,0,test
7725,2017-12-26 06:04:40,2017-12-26,6,28,0,test
7726,2017-12-26 06:05:11,2017-12-26,6,28,0,test
7727,2017-12-26 06:05:41,2017-12-26,6,28,0,test
7728,2017-12-26 06:06:12,2017-12-26,6,28,0,test
7729,2017-12-26 06:06:43,2017-12-26,6,28,0,test
7730,2017-12-26 06:07:13,2017-12-26,6,28,0,test
7731,2017-12-26 06:07:44,2017-12-26,6,28,0,test
7732,2017-12-26 06:08:15,2017-12-26,6,28,0,test
7733,2017-12-26 06:08:45,2017-12-26,6,28,0,test
7734,2017-12-26 06:09:16,2017-12-26,6,28,0,test
7735,2017-12-26 06:09:46,2017-12-26,6,28,0,test
7736,2017-12-26 06:10:17,2017-12-26,6,28,0,test
7737,2017-12-26 06:10:48,2017-12-26,6,28,0,test
7738,2017-12-26 06:11:18,2017-12-26,6,28,0,test
7739,2017-12-26 06:11:49,2017-12-26,6,28,0,test
7740,2017-12-26 06:12:20,2017-12-26,6,28,0,test
7741,2017-12-26 06:12:50,2017-12-26,6,28,0,test
7742,2017-12-26 06:13:21,2017-12-26,6,28,0,test
7743,2017-12-26 06:13:52,2017-12-26,6,28,0,test
7744,2017-12-26 06:14:22,2017-12-26,6,28,0,test
7745,2017-12-26 06:14:53,2017-12-26,6,28,0,test
7746,2017-12-26 06:15:23,2017-12-26,6,28,0,test
7747,2017-12-26 06:15:54,2017-12-26,6,28,0,test
7748,2017-12-26 06:16:25,2017-12-26,6,28,0,test
7749,2017-12-26 06:16:55,2017-12-26,6,28,0,test
7750,2017-12-26 06:17:26,2017-12-26,6,28,0,test
7751,2017-12-26 06:17:57,2017-12-26,6,28,0,test
7752,2017-12-26 06:18:27,2017-12-26,6,28,0,test
7753,2017-12-26 06:18:58,2017-12-26,6,28,0,test
7754,2017-12-26 06:19:59,2017-12-26,6,28,0,test
7755,2017-12-26 06:20:30,2017-12-26,6,28,0,test
7756,2017-12-26 06:21:00,2017-12-26,6,28,0,test
7757,2017-12-26 06:21:31,2017-12-26,6,28,0,test
7758,2017-12-26 06:22:02,2017-12-26,6,28,0,test
7759,2017-12-26 06:22:32,2017-12-26,6,28,0,test
7760,2017-12-26 06:23:03,2017-12-26,6,28,0,test
7761,2017-12-26 06:23:34,2017-12-26,6,28,0,test
7762,2017-12-26 06:24:04,2017-12-26,6,28,0,test
7763,2017-12-26 06:24:35,2017-12-26,6,28,0,test
7764,2017-12-26 06:25:05,2017-12-26,6,28,0,test
7765,2017-12-26 06:25:36,2017-12-26,6,28,0,test
7766,2017-12-26 06:26:07,2017-12-26,6,28,0,test
7767,2017-12-26 06:26:37,2017-12-26,6,28,0,test
7768,2017-12-26 06:27:08,2017-12-26,6,28,0,test
7769,2017-12-26 06:27:39,2017-12-26,6,28,0,test
7770,2017-12-26 06:28:09,2017-12-26,6,28,0,test
7771,2017-12-26 06:28:40,2017-12-26,6,28,0,test
7772,2017-12-26 06:29:11,2017-12-26,6,28,0,test
7773,2017-12-26 06:29:41,2017-12-26,6,28,0,test
7774,2017-12-26 06:30:12,2017-12-26,6,28,0,test
7775,2017-12-26 06:30:42,2017-12-26,6,28,0,test
7776,2017-12-26 06:31:13,2017-12-26,6,28,0,test
7777,2017-12-26 06:31:44,2017-12-26,6,28,0,test
7778,2017-12-26 06:32:14,2017-12-26,6,28,0,test
7779,2017-12-26 06:32:45,2017-12-26,6,28,0,test
7780,2017-12-26 06:33:16,2017-12-26,6,28,0,test
7781,2017-12-26 06:33:46,2017-12-26,6,28,0,test
7782,2017-12-26 06:34:17,2017-12-26,6,28,0,test
7783,2017-12-26 06:34:48,2017-12-26,6,28,0,test
7784,2017-12-26 06:35:18,2017-12-26,6,28,0,test
7785,2017-12-26 06:35:49,2017-12-26,6,28,0,test
7786,2017-12-26 06:36:19,2017-12-26,6,28,0,test
7787,2017-12-26 06:36:50,2017-12-26,6,28,0,test
7788,2017-12-26 06:37:21,2017-12-26,6,28,0,test
7789,2017-12-26 06:37:51,2017-12-26,6,28,0,test
7790,2017-12-26 06:38:22,2017-12-26,6,28,0,test
7791,2017-12-26 06:38:53,2017-12-26,6,28,0,test
7792,2017-12-26 06:39:23,2017-12-26,6,28,0,test
7793,2017-12-26 06:39:54,2017-12-26,6,28,0,test
7794,2017-12-26 06:40:25,2017-12-26,6,28,0,test
7795,2017-12-26 06:40:55,2017-12-26,6,28,0,test
7796,2017-12-26 06:41:26,2017-12-26,6,28,0,test
7797,2017-12-26 06:41:56,2017-12-26,6,28,0,test
7798,2017-12-26 06:42:27,2017-12-26,6,28,0,test
7799,2017-12-26 06:42:58,2017-12-26,6,28,0,test
7800,2017-12-26 06:43:28,2017-12-26,6,28,0,test
7801,2017-12-26 06:43:59,2017-12-26,6,28,0,test
7802,2017-12-26 06:44:30,2017-12-26,6,28,0,test
7803,2017-12-26 06:45:00,2017-12-26,6,28,0,test
7804,2017-12-26 06:45:31,2017-12-26,6,28,0,test
7805,2017-12-26 06:46:02,2017-12-26,6,28,0,test
7806,2017-12-26 06:46:32,2017-12-26,6,28,0,test
7807,2017-12-26 06:47:03,2017-12-26,6,28,0,test
7808,2017-12-26 06:47:33,2017-12-26,6,28,0,test
7809,2017-12-26 06:48:04,2017-12-26,6,28,0,test
7810,2017-12-26 06:48:35,2017-12-26,6,28,0,test
7811,2017-12-26 06:49:05,2017-12-26,6,28,0,test
7812,2017-12-26 06:49:36,2017-12-26,6,28,0,test
7813,2017-12-26 06:50:07,2017-12-26,6,28,0,test
7814,2017-12-26 06:50:37,2017-12-26,6,28,0,test
7815,2017-12-26 06:51:08,2017-12-26,6,28,0,test
7816,2017-12-26 06:51:39,2017-12-26,6,28,0,test
7817,2017-12-26 06:52:09,2017-12-26,6,28,0,test
7818,2017-12-26 06:52:40,2017-12-26,6,28,0,test
7819,2017-12-26 06:53:10,2017-12-26,6,28,0,test
7820,2017-12-26 06:53:41,2017-12-26,6,28,0,test
7821,2017-12-26 06:54:12,2017-12-26,6,28,0,test
7822,2017-12-26 06:54:42,2017-12-26,6,28,0,test
7823,2017-12-26 06:55:13,2017-12-26,6,28,0,test
7824,2017-12-26 06:55:44,2017-12-26,6,28,0,test
7825,2017-12-26 06:56:45,2017-12-26,6,28,0,test
7826,2017-12-26 06:57:15,2017-12-26,6,28,0,test
7827,2017-12-26 06:57:46,2017-12-26,6,28,0,test
7828,2017-12-26 06:58:17,2017-12-26,6,28,0,test
7829,2017-12-26 06:58:47,2017-12-26,6,28,0,test
7830,2017-12-26 06:59:18,2017-12-26,6,28,0,test
7831,2017-12-26 06:59:49,2017-12-26,6,28,0,test
7832,2017-12-26 07:00:19,2017-12-26,6,28,0,test
7833,2017-12-26 07:00:50,2017-12-26,6,28,0,test
7834,2017-12-26 07:01:21,2017-12-26,6,28,0,test
7835,2017-12-26 07:01:51,2017-12-26,6,28,0,test
7836,2017-12-26 07:02:22,2017-12-26,6,28,0,test
7837,2017-12-26 07:02:52,2017-12-26,6,28,0,test
7838,2017-12-26 07:03:23,2017-12-26,6,28,0,test
7839,2017-12-26 07:03:54,2017-12-26,6,28,0,test
7840,2017-12-26 07:04:24,2017-12-26,6,28,0,test
7841,2017-12-26 07:04:55,2017-12-26,6,28,0,test
7842,2017-12-26 07:05:26,2017-12-26,6,28,0,test
7843,2017-12-26 07:05:56,2017-12-26,6,28,0,test
7844,2017-12-26 07:06:27,2017-12-26,6,28,0,test
7845,2017-12-26 07:06:58,2017-12-26,6,28,0,test
7846,2017-12-26 07:07:28,2017-12-26,6,28,0,test
7847,2017-12-26 07:07:59,2017-12-26,6,28,0,test
7848,2017-12-26 07:08:29,2017-12-26,6,28,0,test
7849,2017-12-26 07:09:00,2017-12-26,6,28,0,test
7850,2017-12-26 07:09:31,2017-12-26,6,28,0,test
7851,2017-12-26 07:10:01,2017-12-26,6,28,0,test
7852,2017-12-26 07:10:32,2017-12-26,6,28,0,test
7853,2017-12-26 07:11:03,2017-12-26,6,28,0,test
7854,2017-12-26 07:11:33,2017-12-26,6,28,0,test
7855,2017-12-26 07:12:04,2017-12-26,6,28,0,test
7856,2017-12-26 07:12:35,2017-12-26,6,28,0,test
7857,2017-12-26 07:13:05,2017-12-26,6,28,0,test
7858,2017-12-26 07:13:36,2017-12-26,6,28,0,test
7859,2017-12-26 07:14:06,2017-12-26,6,28,0,test
7860,2017-12-26 07:14:37,2017-12-26,6,28,0,test
7861,2017-12-26 07:15:08,2017-12-26,6,28,0,test
7862,2017-12-26 07:16:09,2017-12-26,6,28,0,test
7863,2017-12-26 07:16:40,2017-12-26,6,28,0,test
7864,2017-12-26 07:17:10,2017-12-26,6,28,0,test
7865,2017-12-26 07:17:41,2017-12-26,6,28,0,test
7866,2017-12-26 07:18:12,2017-12-26,6,28,0,test
7867,2017-12-26 07:18:42,2017-12-26,6,28,0,test
7868,2017-12-26 07:19:13,2017-12-26,6,28,0,test
7869,2017-12-26 07:19:43,2017-12-26,6,28,0,test
7870,2017-12-26 07:20:14,2017-12-26,6,28,0,test
7871,2017-12-26 07:20:45,2017-12-26,6,28,0,test
7872,2017-12-26 07:21:15,2017-12-26,6,28,0,test
7873,2017-12-26 07:21:46,2017-12-26,6,28,0,test
7874,2017-12-26 07:22:17,2017-12-26,6,28,0,test
7875,2017-12-26 07:22:47,2017-12-26,6,28,0,test
7876,2017-12-26 07:23:18,2017-12-26,6,28,0,test
7877,2017-12-26 07:23:49,2017-12-26,6,28,0,test
7878,2017-12-26 07:24:19,2017-12-26,6,28,0,test
7879,2017-12-26 07:24:50,2017-12-26,6,28,0,test
7880,2017-12-26 07:25:20,2017-12-26,6,28,0,test
7881,2017-12-26 07:25:51,2017-12-26,6,28,0,test
7882,2017-12-26 07:26:22,2017-12-26,6,28,0,test
7883,2017-12-26 07:26:52,2017-12-26,6,28,0,test
7884,2017-12-26 07:27:23,2017-12-26,6,28,0,test
7885,2017-12-26 07:27:54,2017-12-26,6,28,0,test
7886,2017-12-26 07:28:24,2017-12-26,6,28,0,test
7887,2017-12-26 07:28:55,2017-12-26,6,28,0,test
7888,2017-12-26 07:29:25,2017-12-26,6,28,0,test
7889,2017-12-26 07:29:56,2017-12-26,6,28,0,test
7890,2017-12-26 07:30:27,2017-12-26,6,28,0,test
7891,2017-12-26 07:30:57,2017-12-26,6,28,0,test
7892,2017-12-26 07:31:28,2017-12-26,6,28,0,test
7893,2017-12-26 07:31:59,2017-12-26,6,28,0,test
7894,2017-12-26 07:32:29,2017-12-26,6,28,0,test
7895,2017-12-26 07:33:00,2017-12-26,6,28,0,test
7896,2017-12-26 07:33:31,2017-12-26,6,28,0,test
7897,2017-12-26 07:34:01,2017-12-26,6,28,0,test
7898,2017-12-26 07:34:32,2017-12-26,6,28,0,test
7899,2017-12-26 07:35:02,2017-12-26,6,28,0,test
7900,2017-12-26 07:35:33,2017-12-26,6,28,0,test
7901,2017-12-26 07:36:04,2017-12-26,6,28,0,test
7902,2017-12-26 07:36:34,2017-12-26,6,28,0,test
7903,2017-12-26 07:37:05,2017-12-26,6,28,0,test
7904,2017-12-26 07:37:36,2017-12-26,6,28,0,test
7905,2017-12-26 07:38:06,2017-12-26,6,28,0,test
7906,2017-12-26 07:38:37,2017-12-26,6,28,0,test
7907,2017-12-26 07:39:08,2017-12-26,6,28,0,test
7908,2017-12-26 07:39:38,2017-12-26,6,28,0,test
7909,2017-12-26 07:40:09,2017-12-26,6,28,0,test
7910,2017-12-26 07:40:39,2017-12-26,6,28,0,test
7911,2017-12-26 07:41:10,2017-12-26,6,28,0,test
7912,2017-12-26 07:41:41,2017-12-26,6,28,0,test
7913,2017-12-26 07:42:11,2017-12-26,6,28,0,test
7914,2017-12-26 07:42:42,2017-12-26,6,28,0,test
7915,2017-12-26 07:43:13,2017-12-26,6,28,0,test
7916,2017-12-26 07:43:43,2017-12-26,6,28,0,test
7917,2017-12-26 07:44:14,2017-12-26,6,28,0,test
7918,2017-12-26 07:44:45,2017-12-26,6,28,0,test
7919,2017-12-26 07:45:15,2017-12-26,6,28,0,test
7920,2017-12-26 07:45:46,2017-12-26,6,28,0,test
7921,2017-12-26 07:46:16,2017-12-26,6,28,0,test
7922,2017-12-26 07:46:47,2017-12-26,6,28,0,test
7923,2017-12-26 07:47:18,2017-12-26,6,28,0,test
7924,2017-12-26 07:47:48,2017-12-26,6,28,0,test
7925,2017-12-26 07:48:19,2017-12-26,6,28,0,test
7926,2017-12-26 07:48:50,2017-12-26,6,28,0,test
7927,2017-12-26 07:49:20,2017-12-26,6,28,0,test
7928,2017-12-26 07:49:51,2017-12-26,6,28,0,test
7929,2017-12-26 07:50:22,2017-12-26,6,28,0,test
7930,2017-12-26 07:50:52,2017-12-26,6,28,0,test
7931,2017-12-26 07:51:23,2017-12-26,6,28,0,test
7932,2017-12-26 07:51:53,2017-12-26,6,28,0,test
7933,2017-12-26 07:52:24,2017-12-26,6,28,0,test
7934,2017-12-26 07:52:55,2017-12-26,6,28,0,test
7935,2017-12-26 07:53:25,2017-12-26,6,28,0,test
7936,2017-12-26 07:53:56,2017-12-26,6,28,0,test
7937,2017-12-26 07:54:27,2017-12-26,6,28,0,test
7938,2017-12-26 07:54:57,2017-12-26,6,28,0,test
7939,2017-12-26 07:55:28,2017-12-26,6,28,0,test
7940,2017-12-26 07:55:59,2017-12-26,6,28,0,test
7941,2017-12-26 07:56:29,2017-12-26,6,28,0,test
7942,2017-12-26 07:57:00,2017-12-26,6,28,0,test
7943,2017-12-26 07:57:30,2017-12-26,6,28,0,test
7944,2017-12-26 07:58:01,2017-12-26,6,28,0,test
7945,2017-12-26 07:58:32,2017-12-26,6,28,0,test
7946,2017-12-26 07:59:02,2017-12-26,6,28,0,test
7947,2017-12-26 07:59:33,2017-12-26,6,28,0,test
7948,2017-12-26 08:00:04,2017-12-26,6,28,0,test
7949,2017-12-26 08:00:34,2017-12-26,6,28,0,test
7950,2017-12-26 08:01:05,2017-12-26,6,28,0,test
7951,2017-12-26 08:01:35,2017-12-26,6,28,0,test
7952,2017-12-26 08:02:06,2017-12-26,6,28,0,test
7953,2017-12-26 08:02:37,2017-12-26,6,28,0,test
7954,2017-12-26 08:03:07,2017-12-26,6,28,0,test
7955,2017-12-26 08:03:38,2017-12-26,6,28,0,test
7956,2017-12-26 08:04:09,2017-12-26,6,28,0,test
7957,2017-12-26 08:04:39,2017-12-26,6,28,0,test
7958,2017-12-26 08:05:10,2017-12-26,6,28,0,test
7959,2017-12-26 08:05:41,2017-12-26,6,28,0,test
7960,2017-12-26 08:06:11,2017-12-26,6,28,0,test
7961,2017-12-26 08:06:42,2017-12-26,6,28,0,test
7962,2017-12-26 08:07:12,2017-12-26,6,28,0,test
7963,2017-12-26 08:07:43,2017-12-26,6,28,0,test
7964,2017-12-26 08:08:14,2017-12-26,6,28,0,test
7965,2017-12-26 08:08:44,2017-12-26,6,28,0,test
7966,2017-12-26 08:09:15,2017-12-26,6,28,0,test
7967,2017-12-26 08:09:46,2017-12-26,6,28,0,test
7968,2017-12-26 08:10:16,2017-12-26,6,28,0,test
7969,2017-12-26 08:10:47,2017-12-26,6,28,0,test
7970,2017-12-26 08:11:18,2017-12-26,6,28,0,test
7971,2017-12-26 08:11:48,2017-12-26,6,28,0,test
7972,2017-12-26 08:12:19,2017-12-26,6,28,0,test
7973,2017-12-26 08:13:20,2017-12-26,6,28,0,test
7974,2017-12-26 08:13:51,2017-12-26,6,28,0,test
7975,2017-12-26 08:14:21,2017-12-26,6,28,0,test
7976,2017-12-26 08:14:52,2017-12-26,6,28,0,test
7977,2017-12-26 08:15:23,2017-12-26,6,28,0,test
7978,2017-12-26 08:15:53,2017-12-26,6,28,0,test
7979,2017-12-26 08:16:24,2017-12-26,6,28,0,test
7980,2017-12-26 08:16:55,2017-12-26,6,28,0,test
7981,2017-12-26 08:17:25,2017-12-26,6,28,0,test
7982,2017-12-26 08:17:56,2017-12-26,6,28,0,test
7983,2017-12-26 08:18:26,2017-12-26,6,28,0,test
7984,2017-12-26 08:18:57,2017-12-26,6,28,0,test
7985,2017-12-26 08:19:28,2017-12-26,6,28,0,test
7986,2017-12-26 08:19:58,2017-12-26,6,28,0,test
7987,2017-12-26 08:20:29,2017-12-26,6,28,0,test
7988,2017-12-26 08:21:00,2017-12-26,6,28,0,test
7989,2017-12-26 08:21:30,2017-12-26,6,28,0,test
7990,2017-12-26 08:22:01,2017-12-26,6,28,0,test
7991,2017-12-26 08:22:32,2017-12-26,6,28,0,test
7992,2017-12-26 08:23:02,2017-12-26,6,28,0,test
7993,2017-12-26 08:23:33,2017-12-26,6,28,0,test
7994,2017-12-26 08:24:03,2017-12-26,6,28,0,test
7995,2017-12-26 08:24:34,2017-12-26,6,28,0,test
7996,2017-12-26 08:25:05,2017-12-26,6,28,0,test
7997,2017-12-26 08:25:35,2017-12-26,6,28,0,test
7998,2017-12-26 08:26:06,2017-12-26,6,28,0,test
7999,2017-12-26 08:26:37,2017-12-26,6,28,0,test
8000,2017-12-26 08:27:07,2017-12-26,6,28,0,test
8001,2017-12-26 08:27:38,2017-12-26,6,28,0,test
8002,2017-12-26 08:28:09,2017-12-26,6,28,0,test
8003,2017-12-26 08:28:39,2017-12-26,6,28,0,test
8004,2017-12-26 08:29:10,2017-12-26,6,28,0,test
8005,2017-12-26 08:29:40,2017-12-26,6,28,0,test
8006,2017-12-26 08:30:11,2017-12-26,6,28,0,test
8007,2017-12-26 08:30:42,2017-12-26,6,28,0,test
8008,2017-12-26 08:31:12,2017-12-26,6,28,0,test
8009,2017-12-26 08:31:43,2017-12-26,6,28,0,test
8010,2017-12-26 08:32:14,2017-12-26,6,28,0,test
8011,2017-12-26 08:32:44,2017-12-26,6,28,0,test
8012,2017-12-26 08:33:15,2017-12-26,6,28,0,test
8013,2017-12-26 08:33:45,2017-12-26,6,28,0,test
8014,2017-12-26 08:34:16,2017-12-26,6,28,0,test
8015,2017-12-26 08:34:47,2017-12-26,6,28,0,test
8016,2017-12-26 08:35:17,2017-12-26,6,28,0,test
8017,2017-12-26 08:35:48,2017-12-26,6,28,0,test
8018,2017-12-26 08:36:19,2017-12-26,6,28,0,test
8019,2017-12-26 08:36:49,2017-12-26,6,28,0,test
8020,2017-12-26 08:37:20,2017-12-26,6,28,0,test
8021,2017-12-26 08:37:51,2017-12-26,6,28,0,test
8022,2017-12-26 08:38:21,2017-12-26,6,28,0,test
8023,2017-12-26 08:38:52,2017-12-26,6,28,0,test
8024,2017-12-26 08:39:22,2017-12-26,6,28,0,test
8025,2017-12-26 08:39:53,2017-12-26,6,28,0,test
8026,2017-12-26 08:40:24,2017-12-26,6,28,0,test
8027,2017-12-26 08:40:54,2017-12-26,6,28,0,test
8028,2017-12-26 08:41:25,2017-12-26,6,28,0,test
8029,2017-12-26 08:41:56,2017-12-26,6,28,0,test
8030,2017-12-26 08:42:26,2017-12-26,6,28,0,test
8031,2017-12-26 08:42:57,2017-12-26,6,28,0,test
8032,2017-12-26 08:43:28,2017-12-26,6,28,0,test
8033,2017-12-26 08:43:58,2017-12-26,6,28,0,test
8034,2017-12-26 08:44:29,2017-12-26,6,28,0,test
8035,2017-12-26 08:44:59,2017-12-26,6,28,0,test
8036,2017-12-26 08:45:30,2017-12-26,6,28,0,test
8037,2017-12-26 08:46:01,2017-12-26,6,28,0,test
8038,2017-12-26 08:46:31,2017-12-26,6,28,0,test
8039,2017-12-26 08:47:02,2017-12-26,6,28,0,test
8040,2017-12-26 08:47:33,2017-12-26,6,28,0,test
8041,2017-12-26 08:48:03,2017-12-26,6,28,0,test
8042,2017-12-26 08:48:34,2017-12-26,6,28,0,test
8043,2017-12-26 08:49:05,2017-12-26,6,28,0,test
8044,2017-12-26 08:49:35,2017-12-26,6,28,0,test
8045,2017-12-26 08:50:06,2017-12-26,6,28,0,test
8046,2017-12-26 08:50:36,2017-12-26,6,28,0,test
8047,2017-12-26 08:51:07,2017-12-26,6,28,0,test
8048,2017-12-26 08:51:38,2017-12-26,6,28,0,test
8049,2017-12-26 08:52:08,2017-12-26,6,28,0,test
8050,2017-12-26 08:52:39,2017-12-26,6,28,0,test
8051,2017-12-26 08:53:10,2017-12-26,6,28,0,test
8052,2017-12-26 08:53:40,2017-12-26,6,28,0,test
8053,2017-12-26 08:54:11,2017-12-26,6,28,0,test
8054,2017-12-26 08:54:42,2017-12-26,6,28,0,test
8055,2017-12-26 08:55:12,2017-12-26,6,28,0,test
8056,2017-12-26 08:55:43,2017-12-26,6,28,0,test
8057,2017-12-26 08:56:13,2017-12-26,6,28,0,test
8058,2017-12-26 08:56:44,2017-12-26,6,28,0,test
8059,2017-12-26 08:57:15,2017-12-26,6,28,0,test
8060,2017-12-26 08:57:45,2017-12-26,6,28,0,test
8061,2017-12-26 08:58:16,2017-12-26,6,28,0,test
8062,2017-12-26 08:58:47,2017-12-26,6,28,0,test
8063,2017-12-26 08:59:17,2017-12-26,6,28,0,test
8064,2017-12-26 08:59:48,2017-12-26,6,28,0,test
8065,2017-12-26 09:00:19,2017-12-26,6,28,0,test
8066,2017-12-26 09:00:49,2017-12-26,6,28,0,test
8067,2017-12-26 09:01:20,2017-12-26,6,28,0,test
8068,2017-12-26 09:01:50,2017-12-26,6,28,0,test
8069,2017-12-26 09:02:21,2017-12-26,6,28,0,test
8070,2017-12-26 09:02:52,2017-12-26,6,28,0,test
8071,2017-12-26 09:03:22,2017-12-26,6,28,0,test
8072,2017-12-26 09:03:53,2017-12-26,6,28,0,test
8073,2017-12-26 09:04:24,2017-12-26,6,28,0,test
8074,2017-12-26 09:04:54,2017-12-26,6,28,0,test
8075,2017-12-26 09:05:25,2017-12-26,6,28,0,test
8076,2017-12-26 09:06:26,2017-12-26,6,28,0,test
8077,2017-12-26 09:06:57,2017-12-26,6,28,0,test
8078,2017-12-26 09:07:27,2017-12-26,6,28,0,test
8079,2017-12-26 09:07:58,2017-12-26,6,28,0,test
8080,2017-12-26 09:08:29,2017-12-26,6,28,0,test
8081,2017-12-26 09:08:59,2017-12-26,6,28,0,test
8082,2017-12-26 09:09:30,2017-12-26,6,28,0,test
8083,2017-12-26 09:10:01,2017-12-26,6,28,0,test
8084,2018-01-10 15:25:48,2018-01-10,7,29,3,development
8085,2018-01-10 15:26:19,2018-01-10,7,29,3,development
8086,2018-01-10 15:26:49,2018-01-10,7,29,3,development
8087,2018-01-10 15:27:20,2018-01-10,7,29,3,development
8088,2018-01-10 15:27:51,2018-01-10,7,29,3,development
8089,2018-01-10 15:28:21,2018-01-10,7,29,3,development
8090,2018-01-10 15:28:52,2018-01-10,7,29,3,development
8091,2018-01-10 15:29:22,2018-01-10,7,29,3,development
8092,2018-01-10 15:29:53,2018-01-10,7,29,3,development
8093,2018-01-10 15:30:24,2018-01-10,7,29,3,development
8094,2018-01-10 15:30:54,2018-01-10,7,29,3,development
8095,2018-01-10 15:31:25,2018-01-10,7,29,3,development
8096,2018-01-10 15:31:56,2018-01-10,7,29,3,development
8097,2018-01-10 15:32:26,2018-01-10,7,29,3,development
8098,2018-01-10 15:32:57,2018-01-10,7,29,3,development
8099,2018-01-10 15:33:28,2018-01-10,7,29,3,development
8100,2018-01-10 15:33:58,2018-01-10,7,29,3,development
8101,2018-01-10 15:34:29,2018-01-10,7,29,3,development
8102,2018-01-10 15:34:59,2018-01-10,7,29,3,development
8103,2018-01-10 15:35:30,2018-01-10,7,29,3,development
8104,2018-01-10 15:36:01,2018-01-10,7,29,3,development
8105,2018-01-10 15:36:31,2018-01-10,7,29,3,development
8106,2018-01-10 15:37:02,2018-01-10,7,29,3,development
8107,2018-01-10 15:37:33,2018-01-10,7,29,3,development
8108,2018-01-10 15:38:03,2018-01-10,7,29,3,development
8109,2018-01-10 15:38:34,2018-01-10,7,29,3,development
8110,2018-01-10 15:39:04,2018-01-10,7,29,3,development
8111,2018-01-10 15:39:35,2018-01-10,7,29,3,development
8112,2018-01-10 15:40:06,2018-01-10,7,29,3,development
8113,2018-01-10 15:40:36,2018-01-10,7,29,3,development
8114,2018-01-10 15:41:07,2018-01-10,7,29,3,development
8115,2018-01-10 15:41:38,2018-01-10,7,29,3,development
8116,2018-01-10 15:42:08,2018-01-10,7,29,3,development
8117,2018-01-10 15:42:39,2018-01-10,7,29,3,development
8118,2018-01-10 15:43:10,2018-01-10,7,29,3,development
8119,2018-01-10 15:43:40,2018-01-10,7,29,3,development
8120,2018-01-10 15:44:11,2018-01-10,7,29,3,development
8121,2018-01-10 15:44:41,2018-01-10,7,29,3,development
8122,2018-01-10 15:45:12,2018-01-10,7,29,3,development
8123,2018-01-10 15:45:43,2018-01-10,7,29,3,development
8124,2018-01-10 15:46:13,2018-01-10,7,29,3,development
8125,2018-01-10 15:46:44,2018-01-10,7,29,3,development
8126,2018-01-10 15:47:15,2018-01-10,7,29,3,development
8127,2018-01-10 15:47:45,2018-01-10,7,29,3,development
8128,2018-01-10 15:48:16,2018-01-10,7,29,3,development
8129,2018-01-10 15:48:47,2018-01-10,7,29,3,development
8130,2018-01-10 15:49:17,2018-01-10,7,29,3,development
8131,2018-01-10 15:49:48,2018-01-10,7,29,3,development
8132,2018-01-10 15:50:18,2018-01-10,7,29,3,development
8133,2018-01-10 15:50:49,2018-01-10,7,29,3,development
8134,2018-01-10 15:51:20,2018-01-10,7,29,3,development
8135,2018-01-10 15:51:50,2018-01-10,7,29,3,development
8136,2018-01-10 15:52:21,2018-01-10,7,29,3,development
8137,2018-01-10 15:52:52,2018-01-10,7,29,3,development
8138,2018-01-10 15:53:22,2018-01-10,7,29,3,development
8139,2018-01-10 15:53:53,2018-01-10,7,29,3,development
8140,2018-01-10 15:54:23,2018-01-10,7,29,3,development
8141,2018-01-10 15:54:54,2018-01-10,7,29,3,development
8142,2018-01-10 15:55:25,2018-01-10,7,29,3,development
8143,2018-01-10 15:55:55,2018-01-10,7,29,3,development
8144,2018-01-10 15:56:26,2018-01-10,7,29,3,development
8145,2018-01-10 15:56:57,2018-01-10,7,29,3,development
8146,2018-01-10 15:57:27,2018-01-10,7,29,3,development
8147,2018-01-10 15:57:58,2018-01-10,7,29,3,development
8148,2018-01-10 15:58:28,2018-01-10,7,29,3,development
8149,2018-01-10 15:58:59,2018-01-10,7,29,3,development
8150,2018-01-10 15:59:30,2018-01-10,7,29,3,development
8151,2018-01-10 16:00:00,2018-01-10,7,29,3,development
8152,2018-01-10 16:00:31,2018-01-10,7,29,3,development
8153,2018-01-10 16:01:02,2018-01-10,7,29,3,development
8154,2018-01-10 16:01:32,2018-01-10,7,29,3,development
8155,2018-01-10 16:02:03,2018-01-10,7,29,3,development
8156,2018-01-10 16:02:34,2018-01-10,7,29,3,development
8157,2018-01-10 16:03:04,2018-01-10,7,29,3,development
8158,2018-01-10 16:03:35,2018-01-10,7,29,3,development
8159,2018-01-10 16:04:05,2018-01-10,7,29,3,development
8160,2018-01-10 16:04:36,2018-01-10,7,29,3,development
8161,2018-01-10 16:05:07,2018-01-10,7,29,3,development
8162,2018-01-10 16:05:37,2018-01-10,7,29,3,development
8163,2018-01-10 16:06:08,2018-01-10,7,29,3,development
8164,2018-01-10 16:06:39,2018-01-10,7,29,3,development
8165,2018-01-10 16:07:09,2018-01-10,7,29,3,development
8166,2018-01-10 16:07:40,2018-01-10,7,29,3,development
8167,2018-01-10 16:08:11,2018-01-10,7,29,3,development
8168,2018-01-10 16:08:41,2018-01-10,7,29,3,development
8169,2018-01-10 16:09:12,2018-01-10,7,29,3,development
8170,2018-01-10 16:09:42,2018-01-10,7,29,3,development
8171,2018-01-10 16:10:13,2018-01-10,7,29,3,development
8172,2018-01-10 16:10:44,2018-01-10,7,29,3,development
8173,2018-01-10 16:11:45,2018-01-10,7,29,3,development
8174,2018-01-10 16:12:16,2018-01-10,7,29,3,development
8175,2018-01-10 16:12:46,2018-01-10,7,29,3,development
8176,2018-01-10 16:13:17,2018-01-10,7,29,3,development
8177,2018-01-10 16:13:48,2018-01-10,7,29,3,development
8178,2018-01-10 16:14:18,2018-01-10,7,29,3,development
8179,2018-01-10 16:14:49,2018-01-10,7,29,3,development
8180,2018-01-10 16:15:19,2018-01-10,7,29,3,development
8181,2018-01-10 16:15:50,2018-01-10,7,29,3,development
8182,2018-01-10 16:16:21,2018-01-10,7,29,3,development
8183,2018-01-10 16:16:51,2018-01-10,7,29,3,development
8184,2018-01-10 16:17:22,2018-01-10,7,29,3,development
8185,2018-01-10 16:17:53,2018-01-10,7,29,3,development
8186,2018-01-10 16:18:23,2018-01-10,7,29,3,development
8187,2018-01-10 16:18:54,2018-01-10,7,29,3,development
8188,2018-01-10 16:19:25,2018-01-10,7,29,3,development
8189,2018-01-10 16:19:55,2018-01-10,7,29,3,development
8190,2018-01-10 16:20:26,2018-01-10,7,29,3,development
8191,2018-01-10 16:20:56,2018-01-10,7,29,3,development
8192,2018-01-10 16:21:27,2018-01-10,7,29,3,development
8193,2018-01-10 16:21:58,2018-01-10,7,29,3,development
8194,2018-01-10 16:22:28,2018-01-10,7,29,3,development
8195,2018-01-10 16:22:59,2018-01-10,7,29,3,development
8196,2018-01-10 16:23:30,2018-01-10,7,29,3,development
8197,2018-01-10 16:24:00,2018-01-10,7,29,3,development
8198,2018-01-10 16:24:31,2018-01-10,7,29,3,development
8199,2018-01-10 16:25:02,2018-01-10,7,29,3,development
8200,2018-01-10 16:25:32,2018-01-10,7,29,3,development
8201,2018-01-10 16:26:03,2018-01-10,7,29,3,development
8202,2018-01-10 16:26:33,2018-01-10,7,29,3,development
8203,2018-01-10 16:27:04,2018-01-10,7,29,3,development
8204,2018-01-10 16:27:35,2018-01-10,7,29,3,development
8205,2018-01-10 16:28:05,2018-01-10,7,29,3,development
8206,2018-01-10 16:28:36,2018-01-10,7,29,3,development
8207,2018-01-10 16:29:07,2018-01-10,7,29,3,development
8208,2018-01-10 16:29:37,2018-01-10,7,29,3,development
8209,2018-01-10 16:30:08,2018-01-10,7,29,3,development
8210,2018-01-10 16:31:09,2018-01-10,7,29,3,development
8211,2018-01-10 16:31:40,2018-01-10,7,29,3,development
8212,2018-01-10 16:32:10,2018-01-10,7,29,3,development
8213,2018-01-10 16:32:41,2018-01-10,7,29,3,development
8214,2018-01-10 16:33:12,2018-01-10,7,29,3,development
8215,2018-01-10 16:33:42,2018-01-10,7,29,3,development
8216,2018-01-10 16:34:13,2018-01-10,7,29,3,development
8217,2018-01-10 16:34:44,2018-01-10,7,29,3,development
8218,2018-01-10 16:35:14,2018-01-10,7,29,3,development
8219,2018-01-10 16:35:45,2018-01-10,7,29,3,development
8220,2018-01-10 16:36:15,2018-01-10,7,29,3,development
8221,2018-01-10 16:36:46,2018-01-10,7,29,3,development
8222,2018-01-10 16:37:17,2018-01-10,7,29,3,development
8223,2018-01-10 16:37:47,2018-01-10,7,29,3,development
8224,2018-01-10 16:38:18,2018-01-10,7,29,3,development
8225,2018-01-10 16:38:49,2018-01-10,7,29,3,development
8226,2018-01-10 16:39:19,2018-01-10,7,29,3,development
8227,2018-01-10 16:39:50,2018-01-10,7,29,3,development
8228,2018-01-10 16:40:21,2018-01-10,7,29,3,development
8229,2018-01-10 16:40:51,2018-01-10,7,29,3,development
8230,2018-01-10 16:41:22,2018-01-10,7,29,3,development
8231,2018-01-10 16:41:52,2018-01-10,7,29,3,development
8232,2018-01-10 16:42:23,2018-01-10,7,29,3,development
8233,2018-01-10 16:42:54,2018-01-10,7,29,3,development
8234,2018-01-10 16:43:24,2018-01-10,7,29,3,development
8235,2018-01-10 16:43:55,2018-01-10,7,29,3,development
8236,2018-01-10 16:44:26,2018-01-10,7,29,3,development
8237,2018-01-10 16:44:56,2018-01-10,7,29,3,development
8238,2018-01-10 16:45:27,2018-01-10,7,29,3,development
8239,2018-01-10 16:45:58,2018-01-10,7,29,3,development
8240,2018-01-10 16:46:28,2018-01-10,7,29,3,development
8241,2018-01-10 16:46:59,2018-01-10,7,29,3,development
8242,2018-01-10 16:47:29,2018-01-10,7,29,3,development
8243,2018-01-10 16:48:00,2018-01-10,7,29,3,development
8244,2018-01-10 16:48:31,2018-01-10,7,29,3,development
8245,2018-01-10 16:49:01,2018-01-10,7,29,3,development
8246,2018-01-10 16:49:32,2018-01-10,7,29,3,development
8247,2018-01-10 16:50:03,2018-01-10,7,29,3,development
8248,2018-01-10 16:50:33,2018-01-10,7,29,3,development
8249,2018-01-10 16:51:04,2018-01-10,7,29,3,development
8250,2018-01-10 16:51:35,2018-01-10,7,29,3,development
8251,2018-01-10 16:52:05,2018-01-10,7,29,3,development
8252,2018-01-10 16:52:36,2018-01-10,7,29,3,development
8253,2018-01-10 16:53:06,2018-01-10,7,29,3,development
8254,2018-01-10 16:53:37,2018-01-10,7,29,3,development
8255,2018-01-10 16:54:08,2018-01-10,7,29,3,development
8256,2018-01-10 16:54:38,2018-01-10,7,29,3,development
8257,2018-01-10 16:55:09,2018-01-10,7,29,3,development
8258,2018-01-10 16:55:40,2018-01-10,7,29,3,development
8259,2018-01-10 16:56:10,2018-01-10,7,29,3,development
8260,2018-01-10 16:56:41,2018-01-10,7,29,3,development
8261,2018-01-10 16:57:12,2018-01-10,7,29,3,development
8262,2018-01-10 16:57:42,2018-01-10,7,29,3,development
8263,2018-01-10 16:58:13,2018-01-10,7,29,3,development
8264,2018-01-10 16:58:43,2018-01-10,7,29,3,development
8265,2018-01-10 16:59:14,2018-01-10,7,29,3,development
8266,2018-01-10 16:59:45,2018-01-10,7,29,3,development
8267,2018-01-10 17:00:15,2018-01-10,7,29,3,development
8268,2018-01-10 17:00:46,2018-01-10,7,29,3,development
8269,2018-01-10 17:01:17,2018-01-10,7,29,3,development
8270,2018-01-10 17:01:47,2018-01-10,7,29,3,development
8271,2018-01-10 17:02:18,2018-01-10,7,29,3,development
8272,2018-01-10 17:02:49,2018-01-10,7,29,3,development
8273,2018-01-10 17:03:19,2018-01-10,7,29,3,development
8274,2018-01-10 17:03:50,2018-01-10,7,29,3,development
8275,2018-01-10 17:04:20,2018-01-10,7,29,3,development
8276,2018-01-10 17:04:51,2018-01-10,7,29,3,development
8277,2018-01-10 17:05:22,2018-01-10,7,29,3,development
8278,2018-01-10 17:05:52,2018-01-10,7,29,3,development
8279,2018-01-10 17:06:23,2018-01-10,7,29,3,development
8280,2018-01-10 17:06:54,2018-01-10,7,29,3,development
8281,2018-01-10 17:07:55,2018-01-10,7,29,3,development
8282,2018-01-10 17:08:26,2018-01-10,7,29,3,development
8283,2018-01-10 17:08:56,2018-01-10,7,30,2,development
8284,2018-01-10 17:09:27,2018-01-10,7,30,2,development
8285,2018-01-10 17:09:58,2018-01-10,7,30,2,development
8286,2018-01-10 17:10:28,2018-01-10,7,30,2,development
8287,2018-01-10 17:10:59,2018-01-10,7,30,2,development
8288,2018-01-10 17:11:30,2018-01-10,7,30,2,development
8289,2018-01-10 17:12:00,2018-01-10,7,30,2,development
8290,2018-01-10 17:12:31,2018-01-10,7,30,2,development
8291,2018-01-10 17:13:01,2018-01-10,7,30,2,development
8292,2018-01-10 17:13:32,2018-01-10,7,30,2,development
8293,2018-01-10 17:14:03,2018-01-10,7,30,2,development
8294,2018-01-10 17:14:33,2018-01-10,7,30,2,development
8295,2018-01-10 17:15:04,2018-01-10,7,30,2,development
8296,2018-01-10 17:15:35,2018-01-10,7,30,2,development
8297,2018-01-10 17:16:05,2018-01-10,7,30,2,development
8298,2018-01-10 17:16:36,2018-01-10,7,30,2,development
8299,2018-01-10 17:17:07,2018-01-10,7,30,2,development
8300,2018-01-10 17:17:37,2018-01-10,7,30,2,development
8301,2018-01-10 17:18:08,2018-01-10,7,30,2,development
8302,2018-01-10 17:18:38,2018-01-10,7,30,2,development
8303,2018-01-10 17:19:09,2018-01-10,7,30,2,development
8304,2018-01-10 17:19:40,2018-01-10,7,30,2,development
8305,2018-01-10 17:20:10,2018-01-10,7,30,2,development
8306,2018-01-10 17:20:41,2018-01-10,7,30,2,development
8307,2018-01-10 17:21:12,2018-01-10,7,30,2,development
8308,2018-01-10 17:21:42,2018-01-10,7,30,2,development
8309,2018-01-10 17:22:13,2018-01-10,7,30,2,development
8310,2018-01-10 17:22:43,2018-01-10,7,30,2,development
8311,2018-01-10 17:23:14,2018-01-10,7,30,2,development
8312,2018-01-10 17:23:45,2018-01-10,7,30,2,development
8313,2018-01-10 17:24:15,2018-01-10,7,30,2,development
8314,2018-01-10 17:24:46,2018-01-10,7,30,2,development
8315,2018-01-10 17:25:17,2018-01-10,7,30,2,development
8316,2018-01-10 17:25:47,2018-01-10,7,30,2,development
8317,2018-01-10 17:26:18,2018-01-10,7,30,2,development
8318,2018-01-10 17:26:49,2018-01-10,7,30,2,development
8319,2018-01-10 17:27:19,2018-01-10,7,30,2,development
8320,2018-01-10 17:27:50,2018-01-10,7,30,2,development
8321,2018-01-10 17:28:20,2018-01-10,7,30,2,development
8322,2018-01-10 17:28:51,2018-01-10,7,30,2,development
8323,2018-01-10 17:29:22,2018-01-10,7,30,2,development
8324,2018-01-10 17:29:52,2018-01-10,7,30,2,development
8325,2018-01-10 17:30:23,2018-01-10,7,30,2,development
8326,2018-01-10 17:30:54,2018-01-10,7,30,2,development
8327,2018-01-10 17:31:24,2018-01-10,7,30,2,development
8328,2018-01-10 17:31:55,2018-01-10,7,30,2,development
8329,2018-01-10 17:32:26,2018-01-10,7,30,2,development
8330,2018-01-10 17:32:56,2018-01-10,7,30,2,development
8331,2018-01-10 17:33:27,2018-01-10,7,30,2,development
8332,2018-01-10 17:33:57,2018-01-10,7,30,2,development
8333,2018-01-10 17:34:28,2018-01-10,7,30,2,development
8334,2018-01-10 17:34:59,2018-01-10,7,30,2,development
8335,2018-01-10 17:35:29,2018-01-10,7,30,2,development
8336,2018-01-10 17:36:00,2018-01-10,7,30,2,development
8337,2018-01-10 17:36:31,2018-01-10,7,30,2,development
8338,2018-01-10 17:37:01,2018-01-10,7,31,3,development
8339,2018-01-10 17:37:32,2018-01-10,7,31,3,development
8340,2018-01-10 17:38:03,2018-01-10,7,32,2,development
8341,2018-01-10 17:38:33,2018-01-10,7,32,2,development
8342,2018-01-10 17:39:04,2018-01-10,7,32,2,development
8343,2018-01-10 17:39:34,2018-01-10,7,32,2,development
8344,2018-01-10 17:40:05,2018-01-10,7,32,2,development
8345,2018-01-10 17:40:36,2018-01-10,7,32,2,development
8346,2018-01-10 17:41:06,2018-01-10,7,32,2,development
8347,2018-01-10 17:41:37,2018-01-10,7,32,2,development
8348,2018-01-10 17:42:08,2018-01-10,7,32,2,development
8349,2018-01-10 17:42:38,2018-01-10,7,32,2,development
8350,2018-01-10 17:43:09,2018-01-10,7,32,2,development
8351,2018-01-10 17:43:40,2018-01-10,7,32,2,development
8352,2018-01-10 17:44:10,2018-01-10,7,32,2,development
8353,2018-01-10 17:44:41,2018-01-10,7,32,2,development
8354,2018-01-10 17:45:11,2018-01-10,7,32,2,development
8355,2018-01-10 17:45:42,2018-01-10,7,32,2,development
8356,2018-01-10 17:46:13,2018-01-10,7,32,2,development
8357,2018-01-10 17:46:43,2018-01-10,7,32,2,development
8358,2018-01-10 17:47:14,2018-01-10,7,32,2,development
8359,2018-01-10 17:47:45,2018-01-10,7,32,2,development
8360,2018-01-10 17:48:15,2018-01-10,7,32,2,development
8361,2018-01-10 17:48:46,2018-01-10,7,32,2,development
8362,2018-01-10 17:49:17,2018-01-10,7,32,2,development
8363,2018-01-10 17:49:47,2018-01-10,7,32,2,development
8364,2018-01-10 17:50:18,2018-01-10,7,32,2,development
8365,2018-01-10 17:50:48,2018-01-10,7,32,2,development
8366,2018-01-10 17:51:19,2018-01-10,7,32,2,development
8367,2018-01-10 17:51:50,2018-01-10,7,32,2,development
8368,2018-01-10 17:52:20,2018-01-10,7,32,2,development
8369,2018-01-10 17:52:51,2018-01-10,7,32,2,development
8370,2018-01-10 17:53:22,2018-01-10,7,32,2,development
8371,2018-01-10 17:53:52,2018-01-10,7,32,2,development
8372,2018-01-10 17:54:23,2018-01-10,7,32,2,development
8373,2018-01-10 17:54:53,2018-01-10,7,32,2,development
8374,2018-01-10 17:55:24,2018-01-10,7,32,2,development
8375,2018-01-10 17:55:55,2018-01-10,7,32,2,development
8376,2018-01-10 17:56:25,2018-01-10,7,32,2,development
8377,2018-01-10 17:56:56,2018-01-10,7,32,2,development
8378,2018-01-10 17:57:27,2018-01-10,7,33,0,development
8379,2018-01-10 17:57:57,2018-01-10,7,33,0,development
8380,2018-01-10 17:58:28,2018-01-10,7,33,0,development
8381,2018-01-10 17:58:59,2018-01-10,7,33,0,development
8382,2018-01-10 17:59:29,2018-01-10,7,33,0,development
8383,2018-01-10 18:00:00,2018-01-10,7,33,0,development
8384,2018-01-10 18:00:30,2018-01-10,7,33,0,development
8385,2018-01-10 18:01:01,2018-01-10,7,33,0,development
8386,2018-01-10 18:01:32,2018-01-10,7,33,0,development
8387,2018-01-10 18:02:02,2018-01-10,7,33,0,development
8388,2018-01-10 18:02:33,2018-01-10,7,33,0,development
8389,2018-01-10 18:03:04,2018-01-10,7,33,0,development
8390,2018-01-10 18:04:05,2018-01-10,7,33,0,development
8391,2018-01-10 18:04:36,2018-01-10,7,33,0,development
8392,2018-01-10 18:05:06,2018-01-10,7,33,0,development
8393,2018-01-10 18:05:37,2018-01-10,7,33,0,development
8394,2018-01-10 18:06:07,2018-01-10,7,33,0,development
8395,2018-01-10 18:06:38,2018-01-10,7,33,0,development
8396,2018-01-10 18:07:09,2018-01-10,7,33,0,development
8397,2018-01-10 18:07:39,2018-01-10,7,33,0,development
8398,2018-01-10 18:08:10,2018-01-10,7,33,0,development
8399,2018-01-10 18:08:41,2018-01-10,7,33,0,development
8400,2018-01-10 18:09:11,2018-01-10,7,33,0,development
8401,2018-01-10 18:09:42,2018-01-10,7,33,0,development
8402,2018-01-10 18:10:13,2018-01-10,7,33,0,development
8403,2018-01-10 18:10:43,2018-01-10,7,33,0,development
8404,2018-01-10 18:11:14,2018-01-10,7,33,0,development
8405,2018-01-10 18:11:44,2018-01-10,7,33,0,development
8406,2018-01-10 18:12:15,2018-01-10,7,33,0,development
8407,2018-01-10 18:12:46,2018-01-10,7,33,0,development
8408,2018-01-10 18:13:16,2018-01-10,7,33,0,development
8409,2018-01-10 18:13:47,2018-01-10,7,33,0,development
8410,2018-01-10 18:14:18,2018-01-10,7,33,0,development
8411,2018-01-10 18:14:48,2018-01-10,7,33,0,development
8412,2018-01-10 18:15:19,2018-01-10,7,33,0,development
8413,2018-01-10 18:15:50,2018-01-10,7,33,0,development
8414,2018-01-10 18:16:20,2018-01-10,7,33,0,development
8415,2018-01-10 18:16:51,2018-01-10,7,33,0,development
8416,2018-01-10 18:17:21,2018-01-10,7,33,0,development
8417,2018-01-10 18:17:52,2018-01-10,7,33,0,development
8418,2018-01-10 18:18:23,2018-01-10,7,33,0,development
8419,2018-01-10 18:18:53,2018-01-10,7,33,0,development
8420,2018-01-10 18:19:24,2018-01-10,7,33,0,development
8421,2018-01-10 18:19:55,2018-01-10,7,33,0,development
8422,2018-01-10 18:20:25,2018-01-10,7,33,0,development
8423,2018-01-10 18:20:56,2018-01-10,7,33,0,development
8424,2018-01-10 18:21:27,2018-01-10,7,33,0,development
8425,2018-01-10 18:21:57,2018-01-10,7,33,0,development
8426,2018-01-10 18:22:28,2018-01-10,7,33,0,development
8427,2018-01-10 18:22:58,2018-01-10,7,33,0,development
8428,2018-01-10 18:23:29,2018-01-10,7,33,0,development
8429,2018-01-10 18:24:00,2018-01-10,7,33,0,development
8430,2018-01-10 18:24:30,2018-01-10,7,33,0,development
8431,2018-01-10 18:25:01,2018-01-10,7,33,0,development
8432,2018-01-10 18:25:32,2018-01-10,7,33,0,development
8433,2018-01-10 18:26:02,2018-01-10,7,33,0,development
8434,2018-01-10 18:26:33,2018-01-10,7,33,0,development
8435,2018-01-10 18:27:04,2018-01-10,7,33,0,development
8436,2018-01-10 18:27:34,2018-01-10,7,33,0,development
8437,2018-01-10 18:28:05,2018-01-10,7,33,0,development
8438,2018-01-10 18:28:35,2018-01-10,7,33,0,development
8439,2018-01-10 18:29:06,2018-01-10,7,33,0,development
8440,2018-01-10 18:29:37,2018-01-10,7,33,0,development
8441,2018-01-10 18:30:07,2018-01-10,7,33,0,development
8442,2018-01-10 18:30:38,2018-01-10,7,33,0,development
8443,2018-01-10 18:31:09,2018-01-10,7,33,0,development
8444,2018-01-10 18:31:39,2018-01-10,7,33,0,development
8445,2018-01-10 18:32:10,2018-01-10,7,33,0,development
8446,2018-01-10 18:32:40,2018-01-10,7,33,0,development
8447,2018-01-10 18:33:11,2018-01-10,7,33,0,development
8448,2018-01-10 18:33:42,2018-01-10,7,33,0,development
8449,2018-01-10 18:34:12,2018-01-10,7,33,0,development
8450,2018-01-10 18:34:43,2018-01-10,7,33,0,development
8451,2018-01-10 18:35:14,2018-01-10,7,33,0,development
8452,2018-01-10 18:35:44,2018-01-10,7,33,0,development
8453,2018-01-10 18:36:15,2018-01-10,7,33,0,development
8454,2018-01-10 18:36:46,2018-01-10,7,33,0,development
8455,2018-01-10 18:37:16,2018-01-10,7,33,0,development
8456,2018-01-10 18:37:47,2018-01-10,7,33,0,development
8457,2018-01-10 18:38:17,2018-01-10,7,33,0,development
8458,2018-01-10 18:38:48,2018-01-10,7,33,0,development
8459,2018-01-10 18:39:19,2018-01-10,7,33,0,development
8460,2018-01-10 18:39:49,2018-01-10,7,33,0,development
8461,2018-01-10 18:40:20,2018-01-10,7,33,0,development
8462,2018-01-10 18:40:51,2018-01-10,7,33,0,development
8463,2018-01-10 18:41:21,2018-01-10,7,33,0,development
8464,2018-01-10 18:41:52,2018-01-10,7,33,0,development
8465,2018-01-10 18:42:23,2018-01-10,7,33,0,development
8466,2018-01-10 18:42:53,2018-01-10,7,33,0,development
8467,2018-01-10 18:43:24,2018-01-10,7,33,0,development
8468,2018-01-10 18:43:54,2018-01-10,7,33,0,development
8469,2018-01-10 18:44:25,2018-01-10,7,33,0,development
8470,2018-01-10 18:44:56,2018-01-10,7,33,0,development
8471,2018-01-10 18:45:26,2018-01-10,7,33,0,development
8472,2018-01-10 18:45:57,2018-01-10,7,33,0,development
8473,2018-01-10 18:46:28,2018-01-10,7,33,0,development
8474,2018-01-10 18:46:58,2018-01-10,7,33,0,development
8475,2018-01-10 18:47:29,2018-01-10,7,33,0,development
8476,2018-01-10 18:48:00,2018-01-10,7,33,0,development
8477,2018-01-10 18:48:30,2018-01-10,7,33,0,development
8478,2018-01-10 18:49:01,2018-01-10,7,33,0,development
8479,2018-01-10 18:49:31,2018-01-10,7,33,0,development
8480,2018-01-10 18:50:02,2018-01-10,7,33,0,development
8481,2018-01-10 18:50:33,2018-01-10,7,33,0,development
8482,2018-01-10 18:51:03,2018-01-10,7,33,0,development
8483,2018-01-10 18:51:34,2018-01-10,7,33,0,development
8484,2018-01-10 18:52:05,2018-01-10,7,33,0,development
8485,2018-01-10 18:52:35,2018-01-10,7,33,0,development
8486,2018-01-10 18:53:06,2018-01-10,7,33,0,development
8487,2018-01-10 18:53:37,2018-01-10,7,33,0,development
8488,2018-01-10 18:54:07,2018-01-10,7,33,0,development
8489,2018-01-10 18:54:38,2018-01-10,7,33,0,development
8490,2018-01-10 18:55:08,2018-01-10,7,33,0,development
8491,2018-01-10 18:55:39,2018-01-10,7,33,0,development
8492,2018-01-10 18:56:10,2018-01-10,7,33,0,development
8493,2018-01-10 18:56:40,2018-01-10,7,33,0,development
8494,2018-01-10 18:57:11,2018-01-10,7,33,0,development
8495,2018-01-10 18:57:42,2018-01-10,7,33,0,development
8496,2018-01-10 18:58:12,2018-01-10,7,33,0,development
8497,2018-01-10 18:58:43,2018-01-10,7,33,0,development
8498,2018-01-10 18:59:14,2018-01-10,7,33,0,development
8499,2018-01-10 19:00:15,2018-01-10,7,33,0,development
8500,2018-01-10 19:00:45,2018-01-10,7,33,0,development
8501,2018-01-10 19:01:16,2018-01-10,7,33,0,development
8502,2018-01-10 19:01:47,2018-01-10,7,33,0,development
8503,2018-01-10 19:02:17,2018-01-10,7,33,0,development
8504,2018-01-10 19:02:48,2018-01-10,7,33,0,development
8505,2018-01-10 19:03:19,2018-01-10,7,33,0,development
8506,2018-01-10 19:03:49,2018-01-10,7,33,0,development
8507,2018-01-10 19:04:20,2018-01-10,7,33,0,development
8508,2018-01-10 19:04:51,2018-01-10,7,33,0,development
8509,2018-01-10 19:05:21,2018-01-10,7,33,0,development
8510,2018-01-10 19:05:52,2018-01-10,7,33,0,development
8511,2018-01-10 19:06:22,2018-01-10,7,33,0,development
8512,2018-01-10 19:06:53,2018-01-10,7,33,0,development
8513,2018-01-10 19:07:24,2018-01-10,7,33,0,development
8514,2018-01-10 19:07:54,2018-01-10,7,33,0,development
8515,2018-01-10 19:08:25,2018-01-10,7,33,0,development
8516,2018-01-10 19:08:56,2018-01-10,7,33,0,development
8517,2018-01-10 19:09:26,2018-01-10,7,33,0,development
8518,2018-01-10 19:09:57,2018-01-10,7,33,0,development
8519,2018-01-10 19:10:27,2018-01-10,7,33,0,development
8520,2018-01-10 19:10:58,2018-01-10,7,33,0,development
8521,2018-01-10 19:11:29,2018-01-10,7,33,0,development
8522,2018-01-10 19:11:59,2018-01-10,7,33,0,development
8523,2018-01-10 19:12:30,2018-01-10,7,33,0,development
8524,2018-01-10 19:13:01,2018-01-10,7,33,0,development
8525,2018-01-10 19:13:31,2018-01-10,7,33,0,development
8526,2018-01-10 19:14:02,2018-01-10,7,33,0,development
8527,2018-01-10 19:14:33,2018-01-10,7,33,0,development
8528,2018-01-10 19:15:03,2018-01-10,7,33,0,development
8529,2018-01-10 19:15:34,2018-01-10,7,33,0,development
8530,2018-01-10 19:16:04,2018-01-10,7,33,0,development
8531,2018-01-10 19:16:35,2018-01-10,7,33,0,development
8532,2018-01-10 19:17:06,2018-01-10,7,33,0,development
8533,2018-01-10 19:17:36,2018-01-10,7,33,0,development
8534,2018-01-10 19:18:07,2018-01-10,7,33,0,development
8535,2018-01-10 19:18:38,2018-01-10,7,33,0,development
8536,2018-01-10 19:19:08,2018-01-10,7,33,0,development
8537,2018-01-10 19:19:39,2018-01-10,7,33,0,development
8538,2018-01-10 19:20:10,2018-01-10,7,33,0,development
8539,2018-01-10 19:20:40,2018-01-10,7,33,0,development
8540,2018-01-10 19:21:11,2018-01-10,7,33,0,development
8541,2018-01-10 19:21:41,2018-01-10,7,33,0,development
8542,2018-01-10 19:22:12,2018-01-10,7,33,0,development
8543,2018-01-10 19:22:43,2018-01-10,7,33,0,development
8544,2018-01-10 19:23:13,2018-01-10,7,33,0,development
8545,2018-01-10 19:23:44,2018-01-10,7,33,0,development
8546,2018-01-10 19:24:15,2018-01-10,7,33,0,development
8547,2018-01-10 19:24:45,2018-01-10,7,33,0,development
8548,2018-01-10 19:25:16,2018-01-10,7,33,0,development
8549,2018-01-10 19:25:47,2018-01-10,7,33,0,development
8550,2018-01-10 19:26:17,2018-01-10,7,33,0,development
8551,2018-01-10 19:26:48,2018-01-10,7,33,0,development
8552,2018-01-10 19:27:18,2018-01-10,7,33,0,development
8553,2018-01-10 19:27:49,2018-01-10,7,33,0,development
8554,2018-01-10 19:28:20,2018-01-10,7,33,0,development
8555,2018-01-10 19:28:50,2018-01-10,7,33,0,development
8556,2018-01-10 19:29:21,2018-01-10,7,33,0,development
8557,2018-01-10 19:29:52,2018-01-10,7,33,0,development
8558,2018-01-10 19:30:22,2018-01-10,7,33,0,development
8559,2018-01-10 19:30:53,2018-01-10,7,33,0,development
8560,2018-01-10 19:31:24,2018-01-10,7,33,0,development
8561,2018-01-10 19:31:54,2018-01-10,7,33,0,development
8562,2018-01-10 19:32:25,2018-01-10,7,33,0,development
8563,2018-01-10 19:32:55,2018-01-10,7,33,0,development
8564,2018-01-10 19:33:26,2018-01-10,7,33,0,development
8565,2018-01-10 19:33:57,2018-01-10,7,33,0,development
8566,2018-01-10 19:34:27,2018-01-10,7,33,0,development
8567,2018-01-10 19:34:58,2018-01-10,7,33,0,development
8568,2018-01-10 19:35:29,2018-01-10,7,33,0,development
8569,2018-01-10 19:35:59,2018-01-10,7,33,0,development
8570,2018-01-10 19:36:30,2018-01-10,7,33,0,development
8571,2018-01-10 19:37:01,2018-01-10,7,33,0,development
8572,2018-01-10 19:37:31,2018-01-10,7,33,0,development
8573,2018-01-10 19:38:02,2018-01-10,7,33,0,development
8574,2018-01-10 19:38:32,2018-01-10,7,33,0,development
8575,2018-01-10 19:39:03,2018-01-10,7,33,0,development
8576,2018-01-10 19:39:34,2018-01-10,7,33,0,development
8577,2018-01-10 19:40:04,2018-01-10,7,33,0,development
8578,2018-01-10 19:40:35,2018-01-10,7,33,0,development
8579,2018-01-10 19:41:06,2018-01-10,7,33,0,development
8580,2018-01-10 19:41:36,2018-01-10,7,33,0,development
8581,2018-01-10 19:42:07,2018-01-10,7,33,0,development
8582,2018-01-10 19:42:37,2018-01-10,7,33,0,development
8583,2018-01-10 19:43:08,2018-01-10,7,33,0,development
8584,2018-01-10 19:43:39,2018-01-10,7,33,0,development
8585,2018-01-10 19:44:09,2018-01-10,7,33,0,development
8586,2018-01-10 19:44:40,2018-01-10,7,33,0,development
8587,2018-01-10 19:45:11,2018-01-10,7,33,0,development
8588,2018-01-10 19:45:41,2018-01-10,7,33,0,development
8589,2018-01-10 19:46:12,2018-01-10,7,33,0,development
8590,2018-01-10 19:46:43,2018-01-10,7,33,0,development
8591,2018-01-10 19:47:13,2018-01-10,7,33,0,development
8592,2018-01-10 19:47:44,2018-01-10,7,33,0,development
8593,2018-01-10 19:48:14,2018-01-10,7,33,0,development
8594,2018-01-10 19:48:45,2018-01-10,7,33,0,development
8595,2018-01-10 19:49:16,2018-01-10,7,33,0,development
8596,2018-01-10 19:49:46,2018-01-10,7,33,0,development
8597,2018-01-10 19:50:17,2018-01-10,7,33,0,development
8598,2018-01-10 19:50:48,2018-01-10,7,33,0,development
8599,2018-01-10 19:51:18,2018-01-10,7,33,0,development
8600,2018-01-10 19:51:49,2018-01-10,7,33,0,development
8601,2018-01-10 19:52:20,2018-01-10,7,33,0,development
8602,2018-01-10 19:52:50,2018-01-10,7,33,0,development
8603,2018-01-10 19:53:21,2018-01-10,7,33,0,development
8604,2018-01-10 19:53:51,2018-01-10,7,33,0,development
8605,2018-01-10 19:54:22,2018-01-10,7,33,0,development
8606,2018-01-10 19:54:53,2018-01-10,7,33,0,development
8607,2018-01-10 19:55:23,2018-01-10,7,33,0,development
8608,2018-01-10 19:55:54,2018-01-10,7,33,0,development
8609,2018-01-10 19:56:25,2018-01-10,7,33,0,development
8610,2018-01-10 19:57:26,2018-01-10,7,33,0,development
8611,2018-01-10 19:57:57,2018-01-10,7,33,0,development
8612,2018-01-10 19:58:27,2018-01-10,7,33,0,development
8613,2018-01-10 19:58:58,2018-01-10,7,33,0,development
8614,2018-01-10 19:59:28,2018-01-10,7,33,0,development
8615,2018-01-10 19:59:59,2018-01-10,7,33,0,development
8616,2018-01-10 20:00:30,2018-01-10,7,33,0,development
8617,2018-01-10 20:01:00,2018-01-10,7,33,0,development
8618,2018-01-10 20:01:31,2018-01-10,7,33,0,development
8619,2018-01-10 20:02:02,2018-01-10,7,33,0,development
8620,2018-01-10 20:02:32,2018-01-10,7,33,0,development
8621,2018-01-10 20:03:03,2018-01-10,7,33,0,development
8622,2018-01-10 20:03:34,2018-01-10,7,33,0,development
8623,2018-01-10 20:04:04,2018-01-10,7,33,0,development
8624,2018-01-10 20:04:35,2018-01-10,7,33,0,development
8625,2018-01-10 20:05:05,2018-01-10,7,33,0,development
8626,2018-01-10 20:05:36,2018-01-10,7,33,0,development
8627,2018-01-10 20:06:07,2018-01-10,7,33,0,development
8628,2018-01-10 20:06:37,2018-01-10,7,33,0,development
8629,2018-01-10 20:07:08,2018-01-10,7,33,0,development
8630,2018-01-10 20:07:39,2018-01-10,7,33,0,development
8631,2018-01-10 20:08:09,2018-01-10,7,33,0,development
8632,2018-01-10 20:08:40,2018-01-10,7,33,0,development
8633,2018-01-10 20:09:11,2018-01-10,7,33,0,development
8634,2018-01-10 20:09:41,2018-01-10,7,33,0,development
8635,2018-01-10 20:10:12,2018-01-10,7,33,0,development
8636,2018-01-10 20:10:42,2018-01-10,7,33,0,development
8637,2018-01-10 20:11:13,2018-01-10,7,33,0,development
8638,2018-01-10 20:11:44,2018-01-10,7,33,0,development
8639,2018-01-10 20:12:14,2018-01-10,7,33,0,development
8640,2018-01-10 20:12:45,2018-01-10,7,33,0,development
8641,2018-01-10 20:13:16,2018-01-10,7,33,0,development
8642,2018-01-10 20:13:46,2018-01-10,7,33,0,development
8643,2018-01-10 20:14:17,2018-01-10,7,33,0,development
8644,2018-01-10 20:14:48,2018-01-10,7,33,0,development
8645,2018-01-10 20:15:18,2018-01-10,7,33,0,development
8646,2018-01-10 20:15:49,2018-01-10,7,33,0,development
8647,2018-01-10 20:16:19,2018-01-10,7,33,0,development
8648,2018-01-10 20:16:50,2018-01-10,7,33,0,development
8649,2018-01-10 20:17:21,2018-01-10,7,33,0,development
8650,2018-01-10 20:17:51,2018-01-10,7,33,0,development
8651,2018-01-10 20:18:22,2018-01-10,7,33,0,development
8652,2018-01-10 20:18:53,2018-01-10,7,33,0,development
8653,2018-01-10 20:19:23,2018-01-10,7,33,0,development
8654,2018-01-10 20:19:54,2018-01-10,7,33,0,development
8655,2018-01-10 20:20:24,2018-01-10,7,33,0,development
8656,2018-01-10 20:20:55,2018-01-10,7,33,0,development
8657,2018-01-10 20:21:26,2018-01-10,7,33,0,development
8658,2018-01-10 20:21:56,2018-01-10,7,33,0,development
8659,2018-01-10 20:22:27,2018-01-10,7,33,0,development
8660,2018-01-10 20:22:58,2018-01-10,7,33,0,development
8661,2018-01-10 20:23:28,2018-01-10,7,33,0,development
8662,2018-01-10 20:23:59,2018-01-10,7,33,0,development
8663,2018-01-10 20:24:30,2018-01-10,7,33,0,development
8664,2018-01-10 20:25:00,2018-01-10,7,33,0,development
8665,2018-01-10 20:25:31,2018-01-10,7,33,0,development
8666,2018-01-10 20:26:01,2018-01-10,7,33,0,development
8667,2018-01-10 20:26:32,2018-01-10,7,33,0,development
8668,2018-01-10 20:27:03,2018-01-10,7,33,0,development
8669,2018-01-10 20:27:33,2018-01-10,7,33,0,development
8670,2018-01-10 20:28:04,2018-01-10,7,33,0,development
8671,2018-01-10 20:28:35,2018-01-10,7,33,0,development
8672,2018-01-10 20:29:05,2018-01-10,7,33,0,development
8673,2018-01-10 20:29:36,2018-01-10,7,33,0,development
8674,2018-01-10 20:30:07,2018-01-10,7,33,0,development
8675,2018-01-10 20:30:37,2018-01-10,7,33,0,development
8676,2018-01-10 20:31:08,2018-01-10,7,33,0,development
8677,2018-01-10 20:31:38,2018-01-10,7,33,0,development
8678,2018-01-10 20:32:09,2018-01-10,7,33,0,development
8679,2018-01-10 20:32:40,2018-01-10,7,33,0,development
8680,2018-01-10 20:33:10,2018-01-10,7,33,0,development
8681,2018-01-10 20:33:41,2018-01-10,7,33,0,development
8682,2018-01-10 20:34:12,2018-01-10,7,33,0,development
8683,2018-01-10 20:34:42,2018-01-10,7,33,0,development
8684,2018-01-10 20:35:13,2018-01-10,7,33,0,development
8685,2018-01-10 20:35:44,2018-01-10,7,33,0,development
8686,2018-01-10 20:36:14,2018-01-10,7,33,0,development
8687,2018-01-10 20:36:45,2018-01-10,7,33,0,development
8688,2018-01-10 20:37:15,2018-01-10,7,33,0,development
8689,2018-01-10 20:37:46,2018-01-10,7,33,0,development
8690,2018-01-10 20:38:17,2018-01-10,7,33,0,development
8691,2018-01-10 20:38:47,2018-01-10,7,33,0,development
8692,2018-01-10 20:39:18,2018-01-10,7,33,0,development
8693,2018-01-10 20:39:49,2018-01-10,7,33,0,development
8694,2018-01-10 20:40:19,2018-01-10,7,33,0,development
8695,2018-01-10 20:40:50,2018-01-10,7,33,0,development
8696,2018-01-10 20:41:21,2018-01-10,7,33,0,development
8697,2018-01-10 20:41:51,2018-01-10,7,33,0,development
8698,2018-01-10 20:42:22,2018-01-10,7,33,0,development
8699,2018-01-10 20:42:52,2018-01-10,7,33,0,development
8700,2018-01-10 20:43:23,2018-01-10,7,33,0,development
8701,2018-01-10 20:43:54,2018-01-10,7,33,0,development
8702,2018-01-10 20:44:24,2018-01-10,7,33,0,development
8703,2018-01-10 20:44:55,2018-01-10,7,33,0,development
8704,2018-01-10 20:45:26,2018-01-10,7,33,0,development
8705,2018-01-10 20:45:56,2018-01-10,7,33,0,development
8706,2018-01-10 20:46:27,2018-01-10,7,33,0,development
8707,2018-01-10 20:46:58,2018-01-10,7,33,0,development
8708,2018-01-10 20:47:28,2018-01-10,7,33,0,development
8709,2018-01-10 20:47:59,2018-01-10,7,33,0,development
8710,2018-01-10 20:48:29,2018-01-10,7,33,0,development
8711,2018-01-10 20:49:00,2018-01-10,7,33,0,development
8712,2018-01-10 20:49:31,2018-01-10,7,33,0,development
8713,2018-01-10 20:50:01,2018-01-10,7,33,0,development
8714,2018-01-10 20:50:32,2018-01-10,7,33,0,development
8715,2018-01-10 20:51:03,2018-01-10,7,33,0,development
8716,2018-01-10 20:51:33,2018-01-10,7,33,0,development
8717,2018-01-10 20:52:04,2018-01-10,7,33,0,development
8718,2018-01-10 20:53:05,2018-01-10,7,33,0,development
8719,2018-01-10 20:53:36,2018-01-10,7,33,0,development
8720,2018-01-10 20:54:06,2018-01-10,7,33,0,development
8721,2018-01-10 20:54:37,2018-01-10,7,33,0,development
8722,2018-01-10 20:55:08,2018-01-10,7,33,0,development
8723,2018-01-10 20:55:38,2018-01-10,7,33,0,development
8724,2018-01-10 20:56:09,2018-01-10,7,33,0,development
8725,2018-01-10 20:56:40,2018-01-10,7,33,0,development
8726,2018-01-10 20:57:10,2018-01-10,7,33,0,development
8727,2018-01-10 20:57:41,2018-01-10,7,33,0,development
8728,2018-01-10 20:58:11,2018-01-10,7,33,0,development
8729,2018-01-10 20:58:42,2018-01-10,7,33,0,development
8730,2018-01-10 20:59:13,2018-01-10,7,33,0,development
8731,2018-01-10 20:59:43,2018-01-10,7,33,0,development
8732,2018-01-10 21:00:14,2018-01-10,7,33,0,development
8733,2018-01-10 21:00:45,2018-01-10,7,33,0,development
8734,2018-01-10 21:01:15,2018-01-10,7,33,0,development
8735,2018-01-10 21:01:46,2018-01-10,7,33,0,development
8736,2018-01-10 21:02:17,2018-01-10,7,33,0,development
8737,2018-01-10 21:02:47,2018-01-10,7,33,0,development
8738,2018-01-10 21:03:18,2018-01-10,7,33,0,development
8739,2018-01-10 21:03:48,2018-01-10,7,33,0,development
8740,2018-01-10 21:04:19,2018-01-10,7,33,0,development
8741,2018-01-10 21:04:50,2018-01-10,7,33,0,development
8742,2018-01-10 21:05:20,2018-01-10,7,33,0,development
8743,2018-01-10 21:05:51,2018-01-10,7,33,0,development
8744,2018-01-10 21:06:22,2018-01-10,7,33,0,development
8745,2018-01-10 21:06:52,2018-01-10,7,33,0,development
8746,2018-01-10 21:07:23,2018-01-10,7,33,0,development
8747,2018-01-10 21:07:54,2018-01-10,7,33,0,development
8748,2018-01-10 21:08:24,2018-01-10,7,33,0,development
8749,2018-01-10 21:08:55,2018-01-10,7,33,0,development
8750,2018-01-10 21:09:25,2018-01-10,7,33,0,development
8751,2018-01-10 21:09:56,2018-01-10,7,33,0,development
8752,2018-01-10 21:10:27,2018-01-10,7,33,0,development
8753,2018-01-10 21:10:57,2018-01-10,7,33,0,development
8754,2018-01-10 21:11:28,2018-01-10,7,33,0,development
8755,2018-01-10 21:11:59,2018-01-10,7,33,0,development
8756,2018-01-10 21:12:29,2018-01-10,7,33,0,development
8757,2018-01-10 21:13:00,2018-01-10,7,33,0,development
8758,2018-01-10 21:13:31,2018-01-10,7,33,0,development
8759,2018-01-10 21:14:01,2018-01-10,7,33,0,development
8760,2018-01-10 21:14:32,2018-01-10,7,33,0,development
8761,2018-01-10 21:15:02,2018-01-10,7,33,0,development
8762,2018-01-10 21:15:33,2018-01-10,7,33,0,development
8763,2018-01-10 21:16:04,2018-01-10,7,33,0,development
8764,2018-01-10 21:16:34,2018-01-10,7,33,0,development
8765,2018-01-10 21:17:05,2018-01-10,7,33,0,development
8766,2018-01-10 21:17:36,2018-01-10,7,33,0,development
8767,2018-01-10 21:18:06,2018-01-10,7,33,0,development
8768,2018-01-10 21:18:37,2018-01-10,7,33,0,development
8769,2018-01-10 21:19:08,2018-01-10,7,33,0,development
8770,2018-01-10 21:19:38,2018-01-10,7,33,0,development
8771,2018-01-10 21:20:09,2018-01-10,7,33,0,development
8772,2018-01-10 21:20:39,2018-01-10,7,33,0,development
8773,2018-01-10 21:21:10,2018-01-10,7,33,0,development
8774,2018-01-10 21:21:41,2018-01-10,7,33,0,development
8775,2018-01-10 21:22:11,2018-01-10,7,33,0,development
8776,2018-01-10 21:22:42,2018-01-10,7,33,0,development
8777,2018-01-10 21:23:13,2018-01-10,7,33,0,development
8778,2018-01-10 21:23:43,2018-01-10,7,33,0,development
8779,2018-01-10 21:24:14,2018-01-10,7,33,0,development
8780,2018-01-10 21:24:44,2018-01-10,7,33,0,development
8781,2018-01-10 21:25:15,2018-01-10,7,33,0,development
8782,2018-01-10 21:25:46,2018-01-10,7,33,0,development
8783,2018-01-10 21:26:16,2018-01-10,7,33,0,development
8784,2018-01-10 21:26:47,2018-01-10,7,33,0,development
8785,2018-01-10 21:27:18,2018-01-10,7,33,0,development
8786,2018-01-10 21:27:48,2018-01-10,7,33,0,development
8787,2018-01-10 21:28:19,2018-01-10,7,33,0,development
8788,2018-01-10 21:28:50,2018-01-10,7,33,0,development
8789,2018-01-10 21:29:20,2018-01-10,7,33,0,development
8790,2018-01-10 21:29:51,2018-01-10,7,33,0,development
8791,2018-01-10 21:30:21,2018-01-10,7,33,0,development
8792,2018-01-10 21:30:52,2018-01-10,7,33,0,development
8793,2018-01-10 21:31:23,2018-01-10,7,33,0,development
8794,2018-01-10 21:31:53,2018-01-10,7,33,0,development
8795,2018-01-10 21:32:24,2018-01-10,7,33,0,development
8796,2018-01-10 21:32:55,2018-01-10,7,33,0,development
8797,2018-01-10 21:33:25,2018-01-10,7,33,0,development
8798,2018-01-10 21:33:56,2018-01-10,7,33,0,development
8799,2018-01-10 21:34:27,2018-01-10,7,33,0,development
8800,2018-01-10 21:34:57,2018-01-10,7,33,0,development
8801,2018-01-10 21:35:28,2018-01-10,7,33,0,development
8802,2018-01-10 21:35:58,2018-01-10,7,33,0,development
8803,2018-01-10 21:36:29,2018-01-10,7,33,0,development
8804,2018-01-10 21:37:00,2018-01-10,7,33,0,development
8805,2018-01-10 21:37:30,2018-01-10,7,33,0,development
8806,2018-01-10 21:38:01,2018-01-10,7,33,0,development
8807,2018-01-10 21:38:32,2018-01-10,7,33,0,development
8808,2018-01-10 21:39:02,2018-01-10,7,33,0,development
8809,2018-01-10 21:39:33,2018-01-10,7,33,0,development
8810,2018-01-10 21:40:04,2018-01-10,7,33,0,development
8811,2018-01-10 21:40:34,2018-01-10,7,33,0,development
8812,2018-01-10 21:41:05,2018-01-10,7,33,0,development
8813,2018-01-10 21:41:35,2018-01-10,7,33,0,development
8814,2018-01-10 21:42:06,2018-01-10,7,33,0,development
8815,2018-01-10 21:42:37,2018-01-10,7,33,0,development
8816,2018-01-10 21:43:07,2018-01-10,7,33,0,development
8817,2018-01-10 21:43:38,2018-01-10,7,33,0,development
8818,2018-01-10 21:44:09,2018-01-10,7,33,0,development
8819,2018-01-10 21:44:39,2018-01-10,7,33,0,development
8820,2018-01-10 21:45:10,2018-01-10,7,33,0,development
8821,2018-01-10 21:45:41,2018-01-10,7,33,0,development
8822,2018-01-10 21:46:11,2018-01-10,7,33,0,development
8823,2018-01-10 21:46:42,2018-01-10,7,33,0,development
8824,2018-01-10 21:47:12,2018-01-10,7,33,0,development
8825,2018-01-10 21:47:43,2018-01-10,7,33,0,development
8826,2018-01-10 21:48:14,2018-01-10,7,33,0,development
8827,2018-01-10 21:49:15,2018-01-10,7,33,0,development
8828,2018-01-10 21:49:46,2018-01-10,7,33,0,development
8829,2018-01-10 21:50:16,2018-01-10,7,33,0,development
8830,2018-01-10 21:50:47,2018-01-10,7,33,0,development
8831,2018-01-10 21:51:18,2018-01-10,7,33,0,development
8832,2018-01-10 21:51:48,2018-01-10,7,33,0,development
8833,2018-01-10 21:52:19,2018-01-10,7,33,0,development
8834,2018-01-10 21:52:49,2018-01-10,7,33,0,development
8835,2018-01-10 21:53:20,2018-01-10,7,33,0,development
8836,2018-01-10 21:53:51,2018-01-10,7,33,0,development
8837,2018-01-10 21:54:21,2018-01-10,7,33,0,development
8838,2018-01-10 21:54:52,2018-01-10,7,33,0,development
8839,2018-01-10 21:55:23,2018-01-10,7,33,0,development
8840,2018-01-10 21:55:53,2018-01-10,7,33,0,development
8841,2018-01-10 21:56:24,2018-01-10,7,33,0,development
8842,2018-01-10 21:56:54,2018-01-10,7,33,0,development
8843,2018-01-10 21:57:25,2018-01-10,7,33,0,development
8844,2018-01-10 21:57:56,2018-01-10,7,33,0,development
8845,2018-01-10 21:58:26,2018-01-10,7,33,0,development
8846,2018-01-10 21:58:57,2018-01-10,7,33,0,development
8847,2018-01-10 21:59:28,2018-01-10,7,33,0,development
8848,2018-01-10 21:59:58,2018-01-10,7,33,0,development
8849,2018-01-10 22:00:29,2018-01-10,7,33,0,development
8850,2018-01-10 22:01:00,2018-01-10,7,33,0,development
8851,2018-01-10 22:01:30,2018-01-10,7,33,0,development
8852,2018-01-10 22:02:01,2018-01-10,7,33,0,development
8853,2018-01-10 22:02:31,2018-01-10,7,33,0,development
8854,2018-01-10 22:03:02,2018-01-10,7,33,0,development
8855,2018-01-10 22:03:33,2018-01-10,7,33,0,development
8856,2018-01-10 22:04:03,2018-01-10,7,33,0,development
8857,2018-01-10 22:04:34,2018-01-10,7,33,0,development
8858,2018-01-10 22:05:05,2018-01-10,7,33,0,development
8859,2018-01-10 22:05:35,2018-01-10,7,33,0,development
8860,2018-01-10 22:06:06,2018-01-10,7,33,0,development
8861,2018-01-10 22:06:37,2018-01-10,7,33,0,development
8862,2018-01-10 22:07:07,2018-01-10,7,33,0,development
8863,2018-01-10 22:07:38,2018-01-10,7,33,0,development
8864,2018-01-10 22:08:08,2018-01-10,7,33,0,development
8865,2018-01-10 22:08:39,2018-01-10,7,33,0,development
8866,2018-01-10 22:09:10,2018-01-10,7,33,0,development
8867,2018-01-10 22:09:40,2018-01-10,7,33,0,development
8868,2018-01-10 22:10:11,2018-01-10,7,33,0,development
8869,2018-01-10 22:10:42,2018-01-10,7,33,0,development
8870,2018-01-10 22:11:12,2018-01-10,7,33,0,development
8871,2018-01-10 22:11:43,2018-01-10,7,33,0,development
8872,2018-01-10 22:12:14,2018-01-10,7,33,0,development
8873,2018-01-10 22:12:44,2018-01-10,7,33,0,development
8874,2018-01-10 22:13:15,2018-01-10,7,33,0,development
8875,2018-01-10 22:13:45,2018-01-10,7,33,0,development
8876,2018-01-10 22:14:16,2018-01-10,7,33,0,development
8877,2018-01-10 22:14:47,2018-01-10,7,33,0,development
8878,2018-01-10 22:15:17,2018-01-10,7,33,0,development
8879,2018-01-10 22:15:48,2018-01-10,7,33,0,development
8880,2018-01-10 22:16:19,2018-01-10,7,33,0,development
8881,2018-01-10 22:16:49,2018-01-10,7,33,0,development
8882,2018-01-10 22:17:20,2018-01-10,7,33,0,development
8883,2018-01-10 22:17:51,2018-01-10,7,33,0,development
8884,2018-01-10 22:18:21,2018-01-10,7,33,0,development
8885,2018-01-10 22:18:52,2018-01-10,7,33,0,development
8886,2018-01-10 22:19:22,2018-01-10,7,33,0,development
8887,2018-01-10 22:19:53,2018-01-10,7,33,0,development
8888,2018-01-10 22:20:24,2018-01-10,7,33,0,development
8889,2018-01-10 22:20:54,2018-01-10,7,33,0,development
8890,2018-01-10 22:21:25,2018-01-10,7,33,0,development
8891,2018-01-10 22:21:56,2018-01-10,7,33,0,development
8892,2018-01-10 22:22:26,2018-01-10,7,33,0,development
8893,2018-01-10 22:22:57,2018-01-10,7,33,0,development
8894,2018-01-10 22:23:28,2018-01-10,7,33,0,development
8895,2018-01-10 22:23:58,2018-01-10,7,33,0,development
8896,2018-01-10 22:24:29,2018-01-10,7,33,0,development
8897,2018-01-10 22:24:59,2018-01-10,7,33,0,development
8898,2018-01-10 22:25:30,2018-01-10,7,33,0,development
8899,2018-01-10 22:26:01,2018-01-10,7,33,0,development
8900,2018-01-10 22:26:31,2018-01-10,7,33,0,development
8901,2018-01-10 22:27:02,2018-01-10,7,33,0,development
8902,2018-01-10 22:27:33,2018-01-10,7,33,0,development
8903,2018-01-10 22:28:03,2018-01-10,7,33,0,development
8904,2018-01-10 22:28:34,2018-01-10,7,33,0,development
8905,2018-01-10 22:29:04,2018-01-10,7,33,0,development
8906,2018-01-10 22:29:35,2018-01-10,7,33,0,development
8907,2018-01-10 22:30:06,2018-01-10,7,33,0,development
8908,2018-01-10 22:30:36,2018-01-10,7,33,0,development
8909,2018-01-10 22:31:07,2018-01-10,7,33,0,development
8910,2018-01-10 22:31:38,2018-01-10,7,33,0,development
8911,2018-01-10 22:32:08,2018-01-10,7,33,0,development
8912,2018-01-10 22:32:39,2018-01-10,7,33,0,development
8913,2018-01-10 22:33:10,2018-01-10,7,33,0,development
8914,2018-01-10 22:33:40,2018-01-10,7,33,0,development
8915,2018-01-10 22:34:11,2018-01-10,7,33,0,development
8916,2018-01-10 22:34:41,2018-01-10,7,33,0,development
8917,2018-01-10 22:35:12,2018-01-10,7,33,0,development
8918,2018-01-10 22:35:43,2018-01-10,7,33,0,development
8919,2018-01-10 22:36:13,2018-01-10,7,33,0,development
8920,2018-01-10 22:36:44,2018-01-10,7,33,0,development
8921,2018-01-10 22:37:15,2018-01-10,7,33,0,development
8922,2018-01-10 22:37:45,2018-01-10,7,33,0,development
8923,2018-01-10 22:38:16,2018-01-10,7,33,0,development
8924,2018-01-10 22:38:47,2018-01-10,7,33,0,development
8925,2018-01-10 22:39:17,2018-01-10,7,33,0,development
8926,2018-01-10 22:39:48,2018-01-10,7,33,0,development
8927,2018-01-10 22:40:18,2018-01-10,7,33,0,development
8928,2018-01-10 22:40:49,2018-01-10,7,33,0,development
8929,2018-01-10 22:41:20,2018-01-10,7,33,0,development
8930,2018-01-10 22:41:50,2018-01-10,7,33,0,development
8931,2018-01-10 22:42:21,2018-01-10,7,33,0,development
8932,2018-01-10 22:42:52,2018-01-10,7,33,0,development
8933,2018-01-10 22:43:22,2018-01-10,7,33,0,development
8934,2018-01-10 22:43:53,2018-01-10,7,33,0,development
8935,2018-01-10 22:44:24,2018-01-10,7,33,0,development
8936,2018-01-10 22:44:54,2018-01-10,7,33,0,development
8937,2018-01-10 22:45:25,2018-01-10,7,33,0,development
8938,2018-01-10 22:46:26,2018-01-10,7,33,0,development
8939,2018-01-10 22:46:57,2018-01-10,7,33,0,development
8940,2018-01-10 22:47:27,2018-01-10,7,33,0,development
8941,2018-01-10 22:47:58,2018-01-10,7,33,0,development
8942,2018-01-10 22:48:29,2018-01-10,7,33,0,development
8943,2018-01-10 22:48:59,2018-01-10,7,33,0,development
8944,2018-01-10 22:49:30,2018-01-10,7,33,0,development
8945,2018-01-10 22:50:01,2018-01-10,7,33,0,development
8946,2018-01-10 22:50:31,2018-01-10,7,33,0,development
8947,2018-01-10 22:51:02,2018-01-10,7,33,0,development
8948,2018-01-10 22:51:32,2018-01-10,7,33,0,development
8949,2018-01-10 22:52:03,2018-01-10,7,33,0,development
8950,2018-01-10 22:52:34,2018-01-10,7,33,0,development
8951,2018-01-10 22:53:04,2018-01-10,7,33,0,development
8952,2018-01-10 22:53:35,2018-01-10,7,33,0,development
8953,2018-01-10 22:54:06,2018-01-10,7,33,0,development
8954,2018-01-10 22:54:36,2018-01-10,7,33,0,development
8955,2018-01-10 22:55:07,2018-01-10,7,33,0,development
8956,2018-01-10 22:55:38,2018-01-10,7,33,0,development
8957,2018-01-10 22:56:08,2018-01-10,7,33,0,development
8958,2018-01-10 22:56:39,2018-01-10,7,33,0,development
8959,2018-01-10 22:57:09,2018-01-10,7,33,0,development
8960,2018-01-10 22:57:40,2018-01-10,7,33,0,development
8961,2018-01-10 22:58:11,2018-01-10,7,33,0,development
8962,2018-01-10 22:58:41,2018-01-10,7,33,0,development
8963,2018-01-10 22:59:12,2018-01-10,7,33,0,development
8964,2018-01-10 22:59:43,2018-01-10,7,33,0,development
8965,2018-01-10 23:00:13,2018-01-10,7,33,0,development
8966,2018-01-10 23:00:44,2018-01-10,7,33,0,development
8967,2018-01-10 23:01:14,2018-01-10,7,33,0,development
8968,2018-01-10 23:01:45,2018-01-10,7,33,0,development
8969,2018-01-10 23:02:16,2018-01-10,7,33,0,development
8970,2018-01-10 23:02:46,2018-01-10,7,33,0,development
8971,2018-01-10 23:03:17,2018-01-10,7,33,0,development
8972,2018-01-10 23:03:48,2018-01-10,7,33,0,development
8973,2018-01-10 23:04:18,2018-01-10,7,33,0,development
8974,2018-01-10 23:04:49,2018-01-10,7,33,0,development
8975,2018-01-10 23:05:20,2018-01-10,7,33,0,development
8976,2018-01-10 23:05:50,2018-01-10,7,33,0,development
8977,2018-01-10 23:06:21,2018-01-10,7,33,0,development
8978,2018-01-10 23:06:51,2018-01-10,7,33,0,development
8979,2018-01-10 23:07:22,2018-01-10,7,33,0,development
8980,2018-01-10 23:07:53,2018-01-10,7,33,0,development
8981,2018-01-10 23:08:23,2018-01-10,7,33,0,development
8982,2018-01-10 23:08:54,2018-01-10,7,33,0,development
8983,2018-01-10 23:09:25,2018-01-10,7,33,0,development
8984,2018-01-10 23:09:55,2018-01-10,7,33,0,development
8985,2018-01-10 23:10:26,2018-01-10,7,33,0,development
8986,2018-01-10 23:10:57,2018-01-10,7,33,0,development
8987,2018-01-10 23:11:27,2018-01-10,7,33,0,development
8988,2018-01-10 23:11:58,2018-01-10,7,33,0,development
8989,2018-01-10 23:12:59,2018-01-10,7,33,0,development
8990,2018-01-10 23:13:30,2018-01-10,7,33,0,development
8991,2018-01-10 23:14:00,2018-01-10,7,33,0,development
8992,2018-01-10 23:14:31,2018-01-10,7,33,0,development
8993,2018-01-10 23:15:02,2018-01-10,7,33,0,development
8994,2018-01-10 23:15:32,2018-01-10,7,33,0,development
8995,2018-01-10 23:16:03,2018-01-10,7,33,0,development
8996,2018-01-10 23:16:34,2018-01-10,7,33,0,development
8997,2018-01-10 23:17:04,2018-01-10,7,33,0,development
8998,2018-01-10 23:17:35,2018-01-10,7,33,0,development
8999,2018-01-10 23:18:05,2018-01-10,7,33,0,development
9000,2018-01-10 23:18:36,2018-01-10,7,33,0,development
9001,2018-01-10 23:19:07,2018-01-10,7,33,0,development
9002,2018-01-10 23:19:37,2018-01-10,7,33,0,development
9003,2018-01-10 23:20:08,2018-01-10,7,33,0,development
9004,2018-01-10 23:20:39,2018-01-10,7,33,0,development
9005,2018-01-10 23:21:09,2018-01-10,7,33,0,development
9006,2018-01-10 23:21:40,2018-01-10,7,33,0,development
9007,2018-01-10 23:22:11,2018-01-10,7,33,0,development
9008,2018-01-10 23:22:41,2018-01-10,7,33,0,development
9009,2018-01-10 23:23:12,2018-01-10,7,33,0,development
9010,2018-01-10 23:23:42,2018-01-10,7,33,0,development
9011,2018-01-10 23:24:13,2018-01-10,7,33,0,development
9012,2018-01-10 23:24:44,2018-01-10,7,33,0,development
9013,2018-01-10 23:25:14,2018-01-10,7,33,0,development
9014,2018-01-10 23:25:45,2018-01-10,7,33,0,development
9015,2018-01-10 23:26:16,2018-01-10,7,33,0,development
9016,2018-01-10 23:26:46,2018-01-10,7,33,0,development
9017,2018-01-10 23:27:17,2018-01-10,7,33,0,development
9018,2018-01-10 23:27:48,2018-01-10,7,33,0,development
9019,2018-01-10 23:28:18,2018-01-10,7,33,0,development
9020,2018-01-10 23:28:49,2018-01-10,7,33,0,development
9021,2018-01-10 23:29:19,2018-01-10,7,33,0,development
9022,2018-01-10 23:29:50,2018-01-10,7,33,0,development
9023,2018-01-10 23:30:21,2018-01-10,7,33,0,development
9024,2018-01-10 23:30:51,2018-01-10,7,33,0,development
9025,2018-01-10 23:31:22,2018-01-10,7,33,0,development
9026,2018-01-10 23:31:53,2018-01-10,7,33,0,development
9027,2018-01-10 23:32:23,2018-01-10,7,33,0,development
9028,2018-01-10 23:32:54,2018-01-10,7,33,0,development
9029,2018-01-10 23:33:24,2018-01-10,7,33,0,development
9030,2018-01-10 23:33:55,2018-01-10,7,33,0,development
9031,2018-01-10 23:34:26,2018-01-10,7,33,0,development
9032,2018-01-10 23:34:56,2018-01-10,7,33,0,development
9033,2018-01-10 23:35:27,2018-01-10,7,33,0,development
9034,2018-01-10 23:35:58,2018-01-10,7,33,0,development
9035,2018-01-10 23:36:28,2018-01-10,7,33,0,development
9036,2018-01-10 23:36:59,2018-01-10,7,33,0,development
9037,2018-01-10 23:37:30,2018-01-10,7,33,0,development
9038,2018-01-10 23:38:00,2018-01-10,7,33,0,development
9039,2018-01-10 23:38:31,2018-01-10,7,33,0,development
9040,2018-01-10 23:39:01,2018-01-10,7,33,0,development
9041,2018-01-10 23:39:32,2018-01-10,7,33,0,development
9042,2018-01-10 23:40:03,2018-01-10,7,33,0,development
9043,2018-01-10 23:40:33,2018-01-10,7,33,0,development
9044,2018-01-10 23:41:04,2018-01-10,7,33,0,development
9045,2018-01-10 23:41:35,2018-01-10,7,33,0,development
9046,2018-01-10 23:42:36,2018-01-10,7,33,0,development
9047,2018-01-10 23:43:07,2018-01-10,7,33,0,development
9048,2018-01-10 23:43:37,2018-01-10,7,33,0,development
9049,2018-01-10 23:44:08,2018-01-10,7,33,0,development
9050,2018-01-10 23:44:38,2018-01-10,7,33,0,development
9051,2018-01-10 23:45:09,2018-01-10,7,33,0,development
9052,2018-01-10 23:45:40,2018-01-10,7,33,0,development
9053,2018-01-10 23:46:10,2018-01-10,7,33,0,development
9054,2018-01-10 23:46:41,2018-01-10,7,33,0,development
9055,2018-01-10 23:47:12,2018-01-10,7,33,0,development
9056,2018-01-10 23:47:42,2018-01-10,7,33,0,development
9057,2018-01-10 23:48:13,2018-01-10,7,33,0,development
9058,2018-01-10 23:48:44,2018-01-10,7,33,0,development
9059,2018-01-10 23:49:14,2018-01-10,7,33,0,development
9060,2018-01-10 23:49:45,2018-01-10,7,33,0,development
9061,2018-01-10 23:50:15,2018-01-10,7,33,0,development
9062,2018-01-10 23:50:46,2018-01-10,7,33,0,development
9063,2018-01-10 23:51:17,2018-01-10,7,33,0,development
9064,2018-01-10 23:51:47,2018-01-10,7,33,0,development
9065,2018-01-10 23:52:18,2018-01-10,7,33,0,development
9066,2018-01-10 23:52:49,2018-01-10,7,33,0,development
9067,2018-01-10 23:53:19,2018-01-10,7,33,0,development
9068,2018-01-10 23:53:50,2018-01-10,7,33,0,development
9069,2018-01-10 23:54:21,2018-01-10,7,33,0,development
9070,2018-01-10 23:54:51,2018-01-10,7,33,0,development
9071,2018-01-10 23:55:22,2018-01-10,7,33,0,development
9072,2018-01-10 23:55:52,2018-01-10,7,33,0,development
9073,2018-01-10 23:56:23,2018-01-10,7,33,0,development
9074,2018-01-10 23:56:54,2018-01-10,7,33,0,development
9075,2018-01-10 23:57:24,2018-01-10,7,33,0,development
9076,2018-01-10 23:57:55,2018-01-10,7,33,0,development
9077,2018-01-10 23:58:26,2018-01-10,7,33,0,development
9078,2018-01-10 23:58:56,2018-01-10,7,33,0,development
9079,2018-01-10 23:59:27,2018-01-10,7,33,0,development
9080,2018-01-10 23:59:58,2018-01-10,7,33,0,development
9081,2018-01-11 00:00:28,2018-01-11,7,33,0,development
9082,2018-01-11 00:00:59,2018-01-11,7,33,0,development
9083,2018-01-11 00:01:29,2018-01-11,7,33,0,development
9084,2018-01-11 00:02:00,2018-01-11,7,33,0,development
9085,2018-01-11 00:02:31,2018-01-11,7,33,0,development
9086,2018-01-11 00:03:01,2018-01-11,7,33,0,development
9087,2018-01-11 00:03:32,2018-01-11,7,33,0,development
9088,2018-01-11 00:04:03,2018-01-11,7,33,0,development
9089,2018-01-11 00:04:33,2018-01-11,7,33,0,development
9090,2018-01-11 00:05:04,2018-01-11,7,33,0,development
9091,2018-01-11 00:05:34,2018-01-11,7,33,0,development
9092,2018-01-11 00:06:05,2018-01-11,7,33,0,development
9093,2018-01-11 00:06:36,2018-01-11,7,33,0,development
9094,2018-01-11 00:07:06,2018-01-11,7,33,0,development
9095,2018-01-11 00:07:37,2018-01-11,7,33,0,development
9096,2018-01-11 00:08:08,2018-01-11,7,33,0,development
9097,2018-01-11 00:08:38,2018-01-11,7,33,0,development
9098,2018-01-11 00:09:09,2018-01-11,7,33,0,development
9099,2018-01-11 00:09:40,2018-01-11,7,33,0,development
9100,2018-01-11 00:10:10,2018-01-11,7,33,0,development
9101,2018-01-11 00:10:41,2018-01-11,7,33,0,development
9102,2018-01-11 00:11:11,2018-01-11,7,33,0,development
9103,2018-01-11 00:11:42,2018-01-11,7,33,0,development
9104,2018-01-11 00:12:13,2018-01-11,7,33,0,development
9105,2018-01-11 00:12:43,2018-01-11,7,33,0,development
9106,2018-01-11 00:13:14,2018-01-11,7,33,0,development
9107,2018-01-11 00:13:45,2018-01-11,7,33,0,development
9108,2018-01-11 00:14:15,2018-01-11,7,33,0,development
9109,2018-01-11 00:14:46,2018-01-11,7,33,0,development
9110,2018-01-11 00:15:17,2018-01-11,7,33,0,development
9111,2018-01-11 00:15:47,2018-01-11,7,33,0,development
9112,2018-01-11 00:16:18,2018-01-11,7,33,0,development
9113,2018-01-11 00:16:48,2018-01-11,7,33,0,development
9114,2018-01-11 00:17:19,2018-01-11,7,33,0,development
9115,2018-01-11 00:17:50,2018-01-11,7,33,0,development
9116,2018-01-11 00:18:20,2018-01-11,7,33,0,development
9117,2018-01-11 00:18:51,2018-01-11,7,33,0,development
9118,2018-01-11 00:19:22,2018-01-11,7,33,0,development
9119,2018-01-11 00:19:52,2018-01-11,7,33,0,development
9120,2018-01-11 00:20:23,2018-01-11,7,33,0,development
9121,2018-01-11 00:20:54,2018-01-11,7,33,0,development
9122,2018-01-11 00:21:24,2018-01-11,7,33,0,development
9123,2018-01-11 00:21:55,2018-01-11,7,33,0,development
9124,2018-01-11 00:22:25,2018-01-11,7,33,0,development
9125,2018-01-11 00:22:56,2018-01-11,7,33,0,development
9126,2018-01-11 00:23:27,2018-01-11,7,33,0,development
9127,2018-01-11 00:23:57,2018-01-11,7,33,0,development
9128,2018-01-11 00:24:28,2018-01-11,7,33,0,development
9129,2018-01-11 00:24:59,2018-01-11,7,33,0,development
9130,2018-01-11 00:25:29,2018-01-11,7,33,0,development
9131,2018-01-11 00:26:00,2018-01-11,7,33,0,development
9132,2018-01-11 00:26:31,2018-01-11,7,33,0,development
9133,2018-01-11 00:27:01,2018-01-11,7,33,0,development
9134,2018-01-11 00:27:32,2018-01-11,7,33,0,development
9135,2018-01-11 00:28:02,2018-01-11,7,33,0,development
9136,2018-01-11 00:28:33,2018-01-11,7,33,0,development
9137,2018-01-11 00:29:04,2018-01-11,7,33,0,development
9138,2018-01-11 00:29:34,2018-01-11,7,33,0,development
9139,2018-01-11 00:30:05,2018-01-11,7,33,0,development
9140,2018-01-11 00:30:36,2018-01-11,7,33,0,development
9141,2018-01-11 00:31:06,2018-01-11,7,33,0,development
9142,2018-01-11 00:31:37,2018-01-11,7,33,0,development
9143,2018-01-11 00:32:07,2018-01-11,7,33,0,development
9144,2018-01-11 00:32:38,2018-01-11,7,33,0,development
9145,2018-01-11 00:33:09,2018-01-11,7,33,0,development
9146,2018-01-11 00:33:39,2018-01-11,7,33,0,development
9147,2018-01-11 00:34:10,2018-01-11,7,33,0,development
9148,2018-01-11 00:34:41,2018-01-11,7,33,0,development
9149,2018-01-11 00:35:11,2018-01-11,7,33,0,development
9150,2018-01-11 00:35:42,2018-01-11,7,33,0,development
9151,2018-01-11 00:36:13,2018-01-11,7,33,0,development
9152,2018-01-11 00:36:43,2018-01-11,7,33,0,development
9153,2018-01-11 00:37:14,2018-01-11,7,33,0,development
9154,2018-01-11 00:37:44,2018-01-11,7,33,0,development
9155,2018-01-11 00:38:15,2018-01-11,7,33,0,development
9156,2018-01-11 00:38:46,2018-01-11,7,33,0,development
9157,2018-01-11 00:39:47,2018-01-11,7,33,0,development
9158,2018-01-11 00:40:18,2018-01-11,7,33,0,development
9159,2018-01-11 00:40:48,2018-01-11,7,33,0,development
9160,2018-01-11 00:41:19,2018-01-11,7,33,0,development
9161,2018-01-11 00:41:50,2018-01-11,7,33,0,development
9162,2018-01-11 00:42:20,2018-01-11,7,33,0,development
9163,2018-01-11 00:42:51,2018-01-11,7,33,0,development
9164,2018-01-11 00:43:21,2018-01-11,7,33,0,development
9165,2018-01-11 00:43:52,2018-01-11,7,33,0,development
9166,2018-01-11 00:44:23,2018-01-11,7,33,0,development
9167,2018-01-11 00:44:53,2018-01-11,7,33,0,development
9168,2018-01-11 00:45:24,2018-01-11,7,33,0,development
9169,2018-01-11 00:45:55,2018-01-11,7,33,0,development
9170,2018-01-11 00:46:25,2018-01-11,7,33,0,development
9171,2018-01-11 00:46:56,2018-01-11,7,33,0,development
9172,2018-01-11 00:47:27,2018-01-11,7,33,0,development
9173,2018-01-11 00:47:57,2018-01-11,7,33,0,development
9174,2018-01-11 00:48:28,2018-01-11,7,33,0,development
9175,2018-01-11 00:48:58,2018-01-11,7,33,0,development
9176,2018-01-11 00:49:29,2018-01-11,7,33,0,development
9177,2018-01-11 00:50:00,2018-01-11,7,33,0,development
9178,2018-01-11 00:50:30,2018-01-11,7,33,0,development
9179,2018-01-11 00:51:01,2018-01-11,7,33,0,development
9180,2018-01-11 00:51:32,2018-01-11,7,33,0,development
9181,2018-01-11 00:52:02,2018-01-11,7,33,0,development
9182,2018-01-11 00:52:33,2018-01-11,7,33,0,development
9183,2018-01-11 00:53:04,2018-01-11,7,33,0,development
9184,2018-01-11 00:53:34,2018-01-11,7,33,0,development
9185,2018-01-11 00:54:05,2018-01-11,7,33,0,development
9186,2018-01-11 00:54:35,2018-01-11,7,33,0,development
9187,2018-01-11 00:55:06,2018-01-11,7,33,0,development
9188,2018-01-11 00:55:37,2018-01-11,7,33,0,development
9189,2018-01-11 00:56:07,2018-01-11,7,33,0,development
9190,2018-01-11 00:56:38,2018-01-11,7,33,0,development
9191,2018-01-11 00:57:09,2018-01-11,7,33,0,development
9192,2018-01-11 00:57:39,2018-01-11,7,33,0,development
9193,2018-01-11 00:58:10,2018-01-11,7,33,0,development
9194,2018-01-11 00:58:41,2018-01-11,7,33,0,development
9195,2018-01-11 00:59:11,2018-01-11,7,33,0,development
9196,2018-01-11 00:59:42,2018-01-11,7,33,0,development
9197,2018-01-11 01:00:12,2018-01-11,7,33,0,development
9198,2018-01-11 01:00:43,2018-01-11,7,33,0,development
9199,2018-01-11 01:01:14,2018-01-11,7,33,0,development
9200,2018-01-11 01:01:44,2018-01-11,7,33,0,development
9201,2018-01-11 01:02:15,2018-01-11,7,33,0,development
9202,2018-01-11 01:02:46,2018-01-11,7,33,0,development
9203,2018-01-11 01:03:16,2018-01-11,7,33,0,development
9204,2018-01-11 01:03:47,2018-01-11,7,33,0,development
9205,2018-01-11 01:04:18,2018-01-11,7,33,0,development
9206,2018-01-11 01:04:48,2018-01-11,7,33,0,development
9207,2018-01-11 01:05:19,2018-01-11,7,33,0,development
9208,2018-01-11 01:05:49,2018-01-11,7,33,0,development
9209,2018-01-11 01:06:20,2018-01-11,7,33,0,development
9210,2018-01-11 01:06:51,2018-01-11,7,33,0,development
9211,2018-01-11 01:07:21,2018-01-11,7,33,0,development
9212,2018-01-11 01:07:52,2018-01-11,7,33,0,development
9213,2018-01-11 01:08:23,2018-01-11,7,33,0,development
9214,2018-01-11 01:08:53,2018-01-11,7,33,0,development
9215,2018-01-11 01:09:24,2018-01-11,7,33,0,development
9216,2018-01-11 01:09:55,2018-01-11,7,33,0,development
9217,2018-01-11 01:10:25,2018-01-11,7,33,0,development
9218,2018-01-11 01:10:56,2018-01-11,7,33,0,development
9219,2018-01-11 01:11:26,2018-01-11,7,33,0,development
9220,2018-01-11 01:11:57,2018-01-11,7,33,0,development
9221,2018-01-11 01:12:28,2018-01-11,7,33,0,development
9222,2018-01-11 01:12:58,2018-01-11,7,33,0,development
9223,2018-01-11 01:13:29,2018-01-11,7,33,0,development
9224,2018-01-11 01:14:00,2018-01-11,7,33,0,development
9225,2018-01-11 01:14:30,2018-01-11,7,33,0,development
9226,2018-01-11 01:15:01,2018-01-11,7,33,0,development
9227,2018-01-11 01:15:31,2018-01-11,7,33,0,development
9228,2018-01-11 01:16:02,2018-01-11,7,33,0,development
9229,2018-01-11 01:16:33,2018-01-11,7,33,0,development
9230,2018-01-11 01:17:03,2018-01-11,7,33,0,development
9231,2018-01-11 01:17:34,2018-01-11,7,33,0,development
9232,2018-01-11 01:18:05,2018-01-11,7,33,0,development
9233,2018-01-11 01:18:35,2018-01-11,7,33,0,development
9234,2018-01-11 01:19:06,2018-01-11,7,33,0,development
9235,2018-01-11 01:19:37,2018-01-11,7,33,0,development
9236,2018-01-11 01:20:07,2018-01-11,7,33,0,development
9237,2018-01-11 01:20:38,2018-01-11,7,33,0,development
9238,2018-01-11 01:21:08,2018-01-11,7,33,0,development
9239,2018-01-11 01:21:39,2018-01-11,7,33,0,development
9240,2018-01-11 01:22:10,2018-01-11,7,33,0,development
9241,2018-01-11 01:22:40,2018-01-11,7,33,0,development
9242,2018-01-11 01:23:11,2018-01-11,7,33,0,development
9243,2018-01-11 01:23:42,2018-01-11,7,33,0,development
9244,2018-01-11 01:24:12,2018-01-11,7,33,0,development
9245,2018-01-11 01:24:43,2018-01-11,7,33,0,development
9246,2018-01-11 01:25:14,2018-01-11,7,33,0,development
9247,2018-01-11 01:25:44,2018-01-11,7,33,0,development
9248,2018-01-11 01:26:15,2018-01-11,7,33,0,development
9249,2018-01-11 01:26:45,2018-01-11,7,33,0,development
9250,2018-01-11 01:27:16,2018-01-11,7,33,0,development
9251,2018-01-11 01:27:47,2018-01-11,7,33,0,development
9252,2018-01-11 01:28:17,2018-01-11,7,33,0,development
9253,2018-01-11 01:28:48,2018-01-11,7,33,0,development
9254,2018-01-11 01:29:19,2018-01-11,7,33,0,development
9255,2018-01-11 01:29:49,2018-01-11,7,33,0,development
9256,2018-01-11 01:30:20,2018-01-11,7,33,0,development
9257,2018-01-11 01:30:51,2018-01-11,7,33,0,development
9258,2018-01-11 01:31:21,2018-01-11,7,33,0,development
9259,2018-01-11 01:31:52,2018-01-11,7,33,0,development
9260,2018-01-11 01:32:22,2018-01-11,7,33,0,development
9261,2018-01-11 01:32:53,2018-01-11,7,33,0,development
9262,2018-01-11 01:33:24,2018-01-11,7,33,0,development
9263,2018-01-11 01:33:54,2018-01-11,7,33,0,development
9264,2018-01-11 01:34:25,2018-01-11,7,33,0,development
9265,2018-01-11 01:34:56,2018-01-11,7,33,0,development
9266,2018-01-11 01:35:57,2018-01-11,7,33,0,development
9267,2018-01-11 01:36:28,2018-01-11,7,33,0,development
9268,2018-01-11 01:36:58,2018-01-11,7,33,0,development
9269,2018-01-11 01:37:29,2018-01-11,7,33,0,development
9270,2018-01-11 01:37:59,2018-01-11,7,33,0,development
9271,2018-01-11 01:38:30,2018-01-11,7,33,0,development
9272,2018-01-11 01:39:01,2018-01-11,7,33,0,development
9273,2018-01-11 01:39:31,2018-01-11,7,33,0,development
9274,2018-01-11 01:40:02,2018-01-11,7,33,0,development
9275,2018-01-11 01:40:33,2018-01-11,7,33,0,development
9276,2018-01-11 01:41:03,2018-01-11,7,33,0,development
9277,2018-01-11 01:41:34,2018-01-11,7,33,0,development
9278,2018-01-11 01:42:05,2018-01-11,7,33,0,development
9279,2018-01-11 01:42:35,2018-01-11,7,33,0,development
9280,2018-01-11 01:43:06,2018-01-11,7,33,0,development
9281,2018-01-11 01:43:36,2018-01-11,7,33,0,development
9282,2018-01-11 01:44:07,2018-01-11,7,33,0,development
9283,2018-01-11 01:44:38,2018-01-11,7,33,0,development
9284,2018-01-11 01:45:08,2018-01-11,7,33,0,development
9285,2018-01-11 01:45:39,2018-01-11,7,33,0,development
9286,2018-01-11 01:46:10,2018-01-11,7,33,0,development
9287,2018-01-11 01:46:40,2018-01-11,7,33,0,development
9288,2018-01-11 01:47:11,2018-01-11,7,33,0,development
9289,2018-01-11 01:47:41,2018-01-11,7,33,0,development
9290,2018-01-11 01:48:12,2018-01-11,7,33,0,development
9291,2018-01-11 01:48:43,2018-01-11,7,33,0,development
9292,2018-01-11 01:49:13,2018-01-11,7,33,0,development
9293,2018-01-11 01:49:44,2018-01-11,7,33,0,development
9294,2018-01-11 01:50:15,2018-01-11,7,33,0,development
9295,2018-01-11 01:50:45,2018-01-11,7,33,0,development
9296,2018-01-11 01:51:16,2018-01-11,7,33,0,development
9297,2018-01-11 01:51:47,2018-01-11,7,33,0,development
9298,2018-01-11 01:52:17,2018-01-11,7,33,0,development
9299,2018-01-11 01:52:48,2018-01-11,7,33,0,development
9300,2018-01-11 01:53:18,2018-01-11,7,33,0,development
9301,2018-01-11 01:53:49,2018-01-11,7,33,0,development
9302,2018-01-11 01:54:20,2018-01-11,7,33,0,development
9303,2018-01-11 01:54:50,2018-01-11,7,33,0,development
9304,2018-01-11 01:55:21,2018-01-11,7,33,0,development
9305,2018-01-11 01:55:52,2018-01-11,7,33,0,development
9306,2018-01-11 01:56:22,2018-01-11,7,33,0,development
9307,2018-01-11 01:56:53,2018-01-11,7,33,0,development
9308,2018-01-11 01:57:24,2018-01-11,7,33,0,development
9309,2018-01-11 01:57:54,2018-01-11,7,33,0,development
9310,2018-01-11 01:58:25,2018-01-11,7,33,0,development
9311,2018-01-11 01:58:55,2018-01-11,7,33,0,development
9312,2018-01-11 01:59:26,2018-01-11,7,33,0,development
9313,2018-01-11 01:59:57,2018-01-11,7,33,0,development
9314,2018-01-11 02:00:27,2018-01-11,7,33,0,development
9315,2018-01-11 02:00:58,2018-01-11,7,33,0,development
9316,2018-01-11 02:01:29,2018-01-11,7,33,0,development
9317,2018-01-11 02:01:59,2018-01-11,7,33,0,development
9318,2018-01-11 02:02:30,2018-01-11,7,33,0,development
9319,2018-01-11 02:03:01,2018-01-11,7,33,0,development
9320,2018-01-11 02:03:31,2018-01-11,7,33,0,development
9321,2018-01-11 02:04:02,2018-01-11,7,33,0,development
9322,2018-01-11 02:04:32,2018-01-11,7,33,0,development
9323,2018-01-11 02:05:03,2018-01-11,7,33,0,development
9324,2018-01-11 02:05:34,2018-01-11,7,33,0,development
9325,2018-01-11 02:06:04,2018-01-11,7,33,0,development
9326,2018-01-11 02:06:35,2018-01-11,7,33,0,development
9327,2018-01-11 02:07:06,2018-01-11,7,33,0,development
9328,2018-01-11 02:07:36,2018-01-11,7,33,0,development
9329,2018-01-11 02:08:07,2018-01-11,7,33,0,development
9330,2018-01-11 02:08:38,2018-01-11,7,33,0,development
9331,2018-01-11 02:09:08,2018-01-11,7,33,0,development
9332,2018-01-11 02:09:39,2018-01-11,7,33,0,development
9333,2018-01-11 02:10:09,2018-01-11,7,33,0,development
9334,2018-01-11 02:10:40,2018-01-11,7,33,0,development
9335,2018-01-11 02:11:11,2018-01-11,7,33,0,development
9336,2018-01-11 02:11:41,2018-01-11,7,33,0,development
9337,2018-01-11 02:12:12,2018-01-11,7,33,0,development
9338,2018-01-11 02:12:43,2018-01-11,7,33,0,development
9339,2018-01-11 02:13:13,2018-01-11,7,33,0,development
9340,2018-01-11 02:13:44,2018-01-11,7,33,0,development
9341,2018-01-11 02:14:15,2018-01-11,7,33,0,development
9342,2018-01-11 02:14:45,2018-01-11,7,33,0,development
9343,2018-01-11 02:15:16,2018-01-11,7,33,0,development
9344,2018-01-11 02:15:46,2018-01-11,7,33,0,development
9345,2018-01-11 02:16:17,2018-01-11,7,33,0,development
9346,2018-01-11 02:16:48,2018-01-11,7,33,0,development
9347,2018-01-11 02:17:18,2018-01-11,7,33,0,development
9348,2018-01-11 02:17:49,2018-01-11,7,33,0,development
9349,2018-01-11 02:18:20,2018-01-11,7,33,0,development
9350,2018-01-11 02:18:50,2018-01-11,7,33,0,development
9351,2018-01-11 02:19:21,2018-01-11,7,33,0,development
9352,2018-01-11 02:19:52,2018-01-11,7,33,0,development
9353,2018-01-11 02:20:22,2018-01-11,7,33,0,development
9354,2018-01-11 02:20:53,2018-01-11,7,33,0,development
9355,2018-01-11 02:21:23,2018-01-11,7,33,0,development
9356,2018-01-11 02:21:54,2018-01-11,7,33,0,development
9357,2018-01-11 02:22:25,2018-01-11,7,33,0,development
9358,2018-01-11 02:22:55,2018-01-11,7,33,0,development
9359,2018-01-11 02:23:26,2018-01-11,7,33,0,development
9360,2018-01-11 02:23:57,2018-01-11,7,33,0,development
9361,2018-01-11 02:24:27,2018-01-11,7,33,0,development
9362,2018-01-11 02:24:58,2018-01-11,7,33,0,development
9363,2018-01-11 02:25:29,2018-01-11,7,33,0,development
9364,2018-01-11 02:25:59,2018-01-11,7,33,0,development
9365,2018-01-11 02:26:30,2018-01-11,7,33,0,development
9366,2018-01-11 02:27:00,2018-01-11,7,33,0,development
9367,2018-01-11 02:27:31,2018-01-11,7,33,0,development
9368,2018-01-11 02:28:02,2018-01-11,7,33,0,development
9369,2018-01-11 02:28:32,2018-01-11,7,33,0,development
9370,2018-01-11 02:29:03,2018-01-11,7,33,0,development
9371,2018-01-11 02:29:34,2018-01-11,7,33,0,development
9372,2018-01-11 02:30:04,2018-01-11,7,33,0,development
9373,2018-01-11 02:30:35,2018-01-11,7,33,0,development
9374,2018-01-11 02:31:06,2018-01-11,7,33,0,development
9375,2018-01-11 02:31:36,2018-01-11,7,33,0,development
9376,2018-01-11 02:32:07,2018-01-11,7,33,0,development
9377,2018-01-11 02:33:08,2018-01-11,7,33,0,development
9378,2018-01-11 02:33:39,2018-01-11,7,33,0,development
9379,2018-01-11 02:34:09,2018-01-11,7,33,0,development
9380,2018-01-11 02:34:40,2018-01-11,7,33,0,development
9381,2018-01-11 02:35:11,2018-01-11,7,33,0,development
9382,2018-01-11 02:35:41,2018-01-11,7,33,0,development
9383,2018-01-11 02:36:12,2018-01-11,7,33,0,development
9384,2018-01-11 02:36:42,2018-01-11,7,33,0,development
9385,2018-01-11 02:37:13,2018-01-11,7,33,0,development
9386,2018-01-11 02:37:44,2018-01-11,7,33,0,development
9387,2018-01-11 02:38:14,2018-01-11,7,33,0,development
9388,2018-01-11 02:38:45,2018-01-11,7,33,0,development
9389,2018-01-11 02:39:16,2018-01-11,7,33,0,development
9390,2018-01-11 02:39:46,2018-01-11,7,33,0,development
9391,2018-01-11 02:40:17,2018-01-11,7,33,0,development
9392,2018-01-11 02:40:48,2018-01-11,7,33,0,development
9393,2018-01-11 02:41:18,2018-01-11,7,33,0,development
9394,2018-01-11 02:41:49,2018-01-11,7,33,0,development
9395,2018-01-11 02:42:19,2018-01-11,7,33,0,development
9396,2018-01-11 02:42:50,2018-01-11,7,33,0,development
9397,2018-01-11 02:43:21,2018-01-11,7,33,0,development
9398,2018-01-11 02:43:51,2018-01-11,7,33,0,development
9399,2018-01-11 02:44:22,2018-01-11,7,33,0,development
9400,2018-01-11 02:44:53,2018-01-11,7,33,0,development
9401,2018-01-11 02:45:23,2018-01-11,7,33,0,development
9402,2018-01-11 02:45:54,2018-01-11,7,33,0,development
9403,2018-01-11 02:46:25,2018-01-11,7,33,0,development
9404,2018-01-11 02:46:55,2018-01-11,7,33,0,development
9405,2018-01-11 02:47:26,2018-01-11,7,33,0,development
9406,2018-01-11 02:47:56,2018-01-11,7,33,0,development
9407,2018-01-11 02:48:27,2018-01-11,7,33,0,development
9408,2018-01-11 02:48:58,2018-01-11,7,33,0,development
9409,2018-01-11 02:49:28,2018-01-11,7,33,0,development
9410,2018-01-11 02:49:59,2018-01-11,7,33,0,development
9411,2018-01-11 02:50:30,2018-01-11,7,33,0,development
9412,2018-01-11 02:51:00,2018-01-11,7,33,0,development
9413,2018-01-11 02:51:31,2018-01-11,7,33,0,development
9414,2018-01-11 02:52:02,2018-01-11,7,33,0,development
9415,2018-01-11 02:52:32,2018-01-11,7,33,0,development
9416,2018-01-11 02:53:03,2018-01-11,7,33,0,development
9417,2018-01-11 02:53:33,2018-01-11,7,33,0,development
9418,2018-01-11 02:54:04,2018-01-11,7,33,0,development
9419,2018-01-11 02:54:35,2018-01-11,7,33,0,development
9420,2018-01-11 02:55:05,2018-01-11,7,33,0,development
9421,2018-01-11 02:55:36,2018-01-11,7,33,0,development
9422,2018-01-11 02:56:07,2018-01-11,7,33,0,development
9423,2018-01-11 02:56:37,2018-01-11,7,33,0,development
9424,2018-01-11 02:57:08,2018-01-11,7,33,0,development
9425,2018-01-11 02:57:39,2018-01-11,7,33,0,development
9426,2018-01-11 02:58:09,2018-01-11,7,33,0,development
9427,2018-01-11 02:58:40,2018-01-11,7,33,0,development
9428,2018-01-11 02:59:10,2018-01-11,7,33,0,development
9429,2018-01-11 02:59:41,2018-01-11,7,33,0,development
9430,2018-01-11 03:00:12,2018-01-11,7,33,0,development
9431,2018-01-11 03:00:42,2018-01-11,7,33,0,development
9432,2018-01-11 03:01:13,2018-01-11,7,33,0,development
9433,2018-01-11 03:01:44,2018-01-11,7,33,0,development
9434,2018-01-11 03:02:14,2018-01-11,7,33,0,development
9435,2018-01-11 03:02:45,2018-01-11,7,33,0,development
9436,2018-01-11 03:03:16,2018-01-11,7,33,0,development
9437,2018-01-11 03:03:46,2018-01-11,7,33,0,development
9438,2018-01-11 03:04:17,2018-01-11,7,33,0,development
9439,2018-01-11 03:04:47,2018-01-11,7,33,0,development
9440,2018-01-11 03:05:18,2018-01-11,7,33,0,development
9441,2018-01-11 03:05:49,2018-01-11,7,33,0,development
9442,2018-01-11 03:06:19,2018-01-11,7,33,0,development
9443,2018-01-11 03:06:50,2018-01-11,7,33,0,development
9444,2018-01-11 03:07:21,2018-01-11,7,33,0,development
9445,2018-01-11 03:07:51,2018-01-11,7,33,0,development
9446,2018-01-11 03:08:22,2018-01-11,7,33,0,development
9447,2018-01-11 03:08:52,2018-01-11,7,33,0,development
9448,2018-01-11 03:09:23,2018-01-11,7,33,0,development
9449,2018-01-11 03:09:54,2018-01-11,7,33,0,development
9450,2018-01-11 03:10:24,2018-01-11,7,33,0,development
9451,2018-01-11 03:10:55,2018-01-11,7,33,0,development
9452,2018-01-11 03:11:26,2018-01-11,7,33,0,development
9453,2018-01-11 03:11:56,2018-01-11,7,33,0,development
9454,2018-01-11 03:12:27,2018-01-11,7,33,0,development
9455,2018-01-11 03:12:58,2018-01-11,7,33,0,development
9456,2018-01-11 03:13:28,2018-01-11,7,33,0,development
9457,2018-01-11 03:13:59,2018-01-11,7,33,0,development
9458,2018-01-11 03:14:29,2018-01-11,7,33,0,development
9459,2018-01-11 03:15:00,2018-01-11,7,33,0,development
9460,2018-01-11 03:15:31,2018-01-11,7,33,0,development
9461,2018-01-11 03:16:01,2018-01-11,7,33,0,development
9462,2018-01-11 03:16:32,2018-01-11,7,33,0,development
9463,2018-01-11 03:17:03,2018-01-11,7,33,0,development
9464,2018-01-11 03:17:33,2018-01-11,7,33,0,development
9465,2018-01-11 03:18:04,2018-01-11,7,33,0,development
9466,2018-01-11 03:18:35,2018-01-11,7,33,0,development
9467,2018-01-11 03:19:05,2018-01-11,7,33,0,development
9468,2018-01-11 03:19:36,2018-01-11,7,33,0,development
9469,2018-01-11 03:20:06,2018-01-11,7,33,0,development
9470,2018-01-11 03:20:37,2018-01-11,7,33,0,development
9471,2018-01-11 03:21:08,2018-01-11,7,33,0,development
9472,2018-01-11 03:21:38,2018-01-11,7,33,0,development
9473,2018-01-11 03:22:09,2018-01-11,7,33,0,development
9474,2018-01-11 03:22:40,2018-01-11,7,33,0,development
9475,2018-01-11 03:23:10,2018-01-11,7,33,0,development
9476,2018-01-11 03:23:41,2018-01-11,7,33,0,development
9477,2018-01-11 03:24:12,2018-01-11,7,33,0,development
9478,2018-01-11 03:24:42,2018-01-11,7,33,0,development
9479,2018-01-11 03:25:13,2018-01-11,7,33,0,development
9480,2018-01-11 03:25:43,2018-01-11,7,33,0,development
9481,2018-01-11 03:26:14,2018-01-11,7,33,0,development
9482,2018-01-11 03:26:45,2018-01-11,7,33,0,development
9483,2018-01-11 03:27:15,2018-01-11,7,33,0,development
9484,2018-01-11 03:27:46,2018-01-11,7,33,0,development
9485,2018-01-11 03:28:17,2018-01-11,7,33,0,development
9486,2018-01-11 03:29:18,2018-01-11,7,33,0,development
9487,2018-01-11 03:29:49,2018-01-11,7,33,0,development
9488,2018-01-11 03:30:19,2018-01-11,7,33,0,development
9489,2018-01-11 03:30:50,2018-01-11,7,33,0,development
9490,2018-01-11 03:31:20,2018-01-11,7,33,0,development
9491,2018-01-11 03:31:51,2018-01-11,7,33,0,development
9492,2018-01-11 03:32:22,2018-01-11,7,33,0,development
9493,2018-01-11 03:32:52,2018-01-11,7,33,0,development
9494,2018-01-11 03:33:23,2018-01-11,7,33,0,development
9495,2018-01-11 03:33:54,2018-01-11,7,33,0,development
9496,2018-01-11 03:34:24,2018-01-11,7,33,0,development
9497,2018-01-11 03:34:55,2018-01-11,7,33,0,development
9498,2018-01-11 03:35:26,2018-01-11,7,33,0,development
9499,2018-01-11 03:35:56,2018-01-11,7,33,0,development
9500,2018-01-11 03:36:27,2018-01-11,7,33,0,development
9501,2018-01-11 03:36:57,2018-01-11,7,33,0,development
9502,2018-01-11 03:37:28,2018-01-11,7,33,0,development
9503,2018-01-11 03:37:59,2018-01-11,7,33,0,development
9504,2018-01-11 03:38:29,2018-01-11,7,33,0,development
9505,2018-01-11 03:39:00,2018-01-11,7,33,0,development
9506,2018-01-11 03:39:31,2018-01-11,7,33,0,development
9507,2018-01-11 03:40:01,2018-01-11,7,33,0,development
9508,2018-01-11 03:40:32,2018-01-11,7,33,0,development
9509,2018-01-11 03:41:03,2018-01-11,7,33,0,development
9510,2018-01-11 03:41:33,2018-01-11,7,33,0,development
9511,2018-01-11 03:42:04,2018-01-11,7,33,0,development
9512,2018-01-11 03:42:34,2018-01-11,7,33,0,development
9513,2018-01-11 03:43:05,2018-01-11,7,33,0,development
9514,2018-01-11 03:43:36,2018-01-11,7,33,0,development
9515,2018-01-11 03:44:06,2018-01-11,7,33,0,development
9516,2018-01-11 03:44:37,2018-01-11,7,33,0,development
9517,2018-01-11 03:45:08,2018-01-11,7,33,0,development
9518,2018-01-11 03:45:38,2018-01-11,7,33,0,development
9519,2018-01-11 03:46:09,2018-01-11,7,33,0,development
9520,2018-01-11 03:46:40,2018-01-11,7,33,0,development
9521,2018-01-11 03:47:10,2018-01-11,7,33,0,development
9522,2018-01-11 03:47:41,2018-01-11,7,33,0,development
9523,2018-01-11 03:48:11,2018-01-11,7,33,0,development
9524,2018-01-11 03:48:42,2018-01-11,7,33,0,development
9525,2018-01-11 03:49:13,2018-01-11,7,33,0,development
9526,2018-01-11 03:49:43,2018-01-11,7,33,0,development
9527,2018-01-11 03:50:14,2018-01-11,7,33,0,development
9528,2018-01-11 03:50:45,2018-01-11,7,33,0,development
9529,2018-01-11 03:51:15,2018-01-11,7,33,0,development
9530,2018-01-11 03:51:46,2018-01-11,7,33,0,development
9531,2018-01-11 03:52:16,2018-01-11,7,33,0,development
9532,2018-01-11 03:52:47,2018-01-11,7,33,0,development
9533,2018-01-11 03:53:18,2018-01-11,7,33,0,development
9534,2018-01-11 03:53:48,2018-01-11,7,33,0,development
9535,2018-01-11 03:54:19,2018-01-11,7,33,0,development
9536,2018-01-11 03:54:50,2018-01-11,7,33,0,development
9537,2018-01-11 03:55:20,2018-01-11,7,33,0,development
9538,2018-01-11 03:55:51,2018-01-11,7,33,0,development
9539,2018-01-11 03:56:22,2018-01-11,7,33,0,development
9540,2018-01-11 03:56:52,2018-01-11,7,33,0,development
9541,2018-01-11 03:57:23,2018-01-11,7,33,0,development
9542,2018-01-11 03:57:53,2018-01-11,7,33,0,development
9543,2018-01-11 03:58:24,2018-01-11,7,33,0,development
9544,2018-01-11 03:58:55,2018-01-11,7,33,0,development
9545,2018-01-11 03:59:25,2018-01-11,7,33,0,development
9546,2018-01-11 03:59:56,2018-01-11,7,33,0,development
9547,2018-01-11 04:00:27,2018-01-11,7,33,0,development
9548,2018-01-11 04:00:57,2018-01-11,7,33,0,development
9549,2018-01-11 04:01:28,2018-01-11,7,33,0,development
9550,2018-01-11 04:01:59,2018-01-11,7,33,0,development
9551,2018-01-11 04:02:29,2018-01-11,7,33,0,development
9552,2018-01-11 04:03:00,2018-01-11,7,33,0,development
9553,2018-01-11 04:03:30,2018-01-11,7,33,0,development
9554,2018-01-11 04:04:01,2018-01-11,7,33,0,development
9555,2018-01-11 04:04:32,2018-01-11,7,33,0,development
9556,2018-01-11 04:05:02,2018-01-11,7,33,0,development
9557,2018-01-11 04:05:33,2018-01-11,7,33,0,development
9558,2018-01-11 04:06:04,2018-01-11,7,33,0,development
9559,2018-01-11 04:06:34,2018-01-11,7,33,0,development
9560,2018-01-11 04:07:05,2018-01-11,7,33,0,development
9561,2018-01-11 04:07:36,2018-01-11,7,33,0,development
9562,2018-01-11 04:08:06,2018-01-11,7,33,0,development
9563,2018-01-11 04:08:37,2018-01-11,7,33,0,development
9564,2018-01-11 04:09:07,2018-01-11,7,33,0,development
9565,2018-01-11 04:09:38,2018-01-11,7,33,0,development
9566,2018-01-11 04:10:09,2018-01-11,7,33,0,development
9567,2018-01-11 04:10:39,2018-01-11,7,33,0,development
9568,2018-01-11 04:11:10,2018-01-11,7,33,0,development
9569,2018-01-11 04:11:41,2018-01-11,7,33,0,development
9570,2018-01-11 04:12:11,2018-01-11,7,33,0,development
9571,2018-01-11 04:12:42,2018-01-11,7,33,0,development
9572,2018-01-11 04:13:13,2018-01-11,7,33,0,development
9573,2018-01-11 04:13:43,2018-01-11,7,33,0,development
9574,2018-01-11 04:14:14,2018-01-11,7,33,0,development
9575,2018-01-11 04:14:44,2018-01-11,7,33,0,development
9576,2018-01-11 04:15:15,2018-01-11,7,33,0,development
9577,2018-01-11 04:15:46,2018-01-11,7,33,0,development
9578,2018-01-11 04:16:16,2018-01-11,7,33,0,development
9579,2018-01-11 04:16:47,2018-01-11,7,33,0,development
9580,2018-01-11 04:17:18,2018-01-11,7,33,0,development
9581,2018-01-11 04:17:48,2018-01-11,7,33,0,development
9582,2018-01-11 04:18:19,2018-01-11,7,33,0,development
9583,2018-01-11 04:18:50,2018-01-11,7,33,0,development
9584,2018-01-11 04:19:20,2018-01-11,7,33,0,development
9585,2018-01-11 04:19:51,2018-01-11,7,33,0,development
9586,2018-01-11 04:20:21,2018-01-11,7,33,0,development
9587,2018-01-11 04:20:52,2018-01-11,7,33,0,development
9588,2018-01-11 04:21:23,2018-01-11,7,33,0,development
9589,2018-01-11 04:21:53,2018-01-11,7,33,0,development
9590,2018-01-11 04:22:24,2018-01-11,7,33,0,development
9591,2018-01-11 04:22:55,2018-01-11,7,33,0,development
9592,2018-01-11 04:23:25,2018-01-11,7,33,0,development
9593,2018-01-11 04:23:56,2018-01-11,7,33,0,development
9594,2018-01-11 04:24:27,2018-01-11,7,33,0,development
9595,2018-01-11 04:24:57,2018-01-11,7,33,0,development
9596,2018-01-11 04:25:28,2018-01-11,7,33,0,development
9597,2018-01-11 04:26:29,2018-01-11,7,33,0,development
9598,2018-01-11 04:27:00,2018-01-11,7,33,0,development
9599,2018-01-11 04:27:30,2018-01-11,7,33,0,development
9600,2018-01-11 04:28:01,2018-01-11,7,33,0,development
9601,2018-01-11 04:28:32,2018-01-11,7,33,0,development
9602,2018-01-11 04:29:02,2018-01-11,7,33,0,development
9603,2018-01-11 04:29:33,2018-01-11,7,33,0,development
9604,2018-01-11 04:30:03,2018-01-11,7,33,0,development
9605,2018-01-11 04:30:34,2018-01-11,7,33,0,development
9606,2018-01-11 04:31:05,2018-01-11,7,33,0,development
9607,2018-01-11 04:31:35,2018-01-11,7,33,0,development
9608,2018-01-11 04:32:06,2018-01-11,7,33,0,development
9609,2018-01-11 04:32:37,2018-01-11,7,33,0,development
9610,2018-01-11 04:33:07,2018-01-11,7,33,0,development
9611,2018-01-11 04:33:38,2018-01-11,7,33,0,development
9612,2018-01-11 04:34:09,2018-01-11,7,33,0,development
9613,2018-01-11 04:34:39,2018-01-11,7,33,0,development
9614,2018-01-11 04:35:10,2018-01-11,7,33,0,development
9615,2018-01-11 04:35:40,2018-01-11,7,33,0,development
9616,2018-01-11 04:36:11,2018-01-11,7,33,0,development
9617,2018-01-11 04:36:42,2018-01-11,7,33,0,development
9618,2018-01-11 04:37:12,2018-01-11,7,33,0,development
9619,2018-01-11 04:37:43,2018-01-11,7,33,0,development
9620,2018-01-11 04:38:14,2018-01-11,7,33,0,development
9621,2018-01-11 04:38:44,2018-01-11,7,33,0,development
9622,2018-01-11 04:39:15,2018-01-11,7,33,0,development
9623,2018-01-11 04:39:46,2018-01-11,7,33,0,development
9624,2018-01-11 04:40:16,2018-01-11,7,33,0,development
9625,2018-01-11 04:40:47,2018-01-11,7,33,0,development
9626,2018-01-11 04:41:17,2018-01-11,7,33,0,development
9627,2018-01-11 04:41:48,2018-01-11,7,33,0,development
9628,2018-01-11 04:42:19,2018-01-11,7,33,0,development
9629,2018-01-11 04:42:49,2018-01-11,7,33,0,development
9630,2018-01-11 04:43:20,2018-01-11,7,33,0,development
9631,2018-01-11 04:43:51,2018-01-11,7,33,0,development
9632,2018-01-11 04:44:21,2018-01-11,7,33,0,development
9633,2018-01-11 04:44:52,2018-01-11,7,33,0,development
9634,2018-01-11 04:45:23,2018-01-11,7,33,0,development
9635,2018-01-11 04:45:53,2018-01-11,7,33,0,development
9636,2018-01-11 04:46:24,2018-01-11,7,33,0,development
9637,2018-01-11 04:46:54,2018-01-11,7,33,0,development
9638,2018-01-11 04:47:25,2018-01-11,7,33,0,development
9639,2018-01-11 04:47:56,2018-01-11,7,33,0,development
9640,2018-01-11 04:48:26,2018-01-11,7,33,0,development
9641,2018-01-11 04:48:57,2018-01-11,7,33,0,development
9642,2018-01-11 04:49:28,2018-01-11,7,33,0,development
9643,2018-01-11 04:49:58,2018-01-11,7,33,0,development
9644,2018-01-11 04:50:29,2018-01-11,7,33,0,development
9645,2018-01-11 04:51:00,2018-01-11,7,33,0,development
9646,2018-01-11 04:51:30,2018-01-11,7,33,0,development
9647,2018-01-11 04:52:01,2018-01-11,7,33,0,development
9648,2018-01-11 04:52:31,2018-01-11,7,33,0,development
9649,2018-01-11 04:53:02,2018-01-11,7,33,0,development
9650,2018-01-11 04:53:33,2018-01-11,7,33,0,development
9651,2018-01-11 04:54:03,2018-01-11,7,33,0,development
9652,2018-01-11 04:54:34,2018-01-11,7,33,0,development
9653,2018-01-11 04:55:05,2018-01-11,7,33,0,development
9654,2018-01-11 04:55:35,2018-01-11,7,33,0,development
9655,2018-01-11 04:56:06,2018-01-11,7,33,0,development
9656,2018-01-11 04:56:36,2018-01-11,7,33,0,development
9657,2018-01-11 04:57:07,2018-01-11,7,33,0,development
9658,2018-01-11 04:57:38,2018-01-11,7,33,0,development
9659,2018-01-11 04:58:08,2018-01-11,7,33,0,development
9660,2018-01-11 04:58:39,2018-01-11,7,33,0,development
9661,2018-01-11 04:59:10,2018-01-11,7,33,0,development
9662,2018-01-11 04:59:40,2018-01-11,7,33,0,development
9663,2018-01-11 05:00:11,2018-01-11,7,33,0,development
9664,2018-01-11 05:00:42,2018-01-11,7,33,0,development
9665,2018-01-11 05:01:12,2018-01-11,7,33,0,development
9666,2018-01-11 05:01:43,2018-01-11,7,33,0,development
9667,2018-01-11 05:02:13,2018-01-11,7,33,0,development
9668,2018-01-11 05:02:44,2018-01-11,7,33,0,development
9669,2018-01-11 05:03:15,2018-01-11,7,33,0,development
9670,2018-01-11 05:03:45,2018-01-11,7,33,0,development
9671,2018-01-11 05:04:16,2018-01-11,7,33,0,development
9672,2018-01-11 05:04:47,2018-01-11,7,33,0,development
9673,2018-01-11 05:05:17,2018-01-11,7,33,0,development
9674,2018-01-11 05:05:48,2018-01-11,7,33,0,development
9675,2018-01-11 05:06:19,2018-01-11,7,33,0,development
9676,2018-01-11 05:06:49,2018-01-11,7,33,0,development
9677,2018-01-11 05:07:20,2018-01-11,7,33,0,development
9678,2018-01-11 05:07:50,2018-01-11,7,33,0,development
9679,2018-01-11 05:08:21,2018-01-11,7,33,0,development
9680,2018-01-11 05:08:52,2018-01-11,7,33,0,development
9681,2018-01-11 05:09:22,2018-01-11,7,33,0,development
9682,2018-01-11 05:09:53,2018-01-11,7,33,0,development
9683,2018-01-11 05:10:24,2018-01-11,7,33,0,development
9684,2018-01-11 05:10:54,2018-01-11,7,33,0,development
9685,2018-01-11 05:11:25,2018-01-11,7,33,0,development
9686,2018-01-11 05:11:56,2018-01-11,7,33,0,development
9687,2018-01-11 05:12:26,2018-01-11,7,33,0,development
9688,2018-01-11 05:12:57,2018-01-11,7,33,0,development
9689,2018-01-11 05:13:27,2018-01-11,7,33,0,development
9690,2018-01-11 05:13:58,2018-01-11,7,33,0,development
9691,2018-01-11 05:14:29,2018-01-11,7,33,0,development
9692,2018-01-11 05:14:59,2018-01-11,7,33,0,development
9693,2018-01-11 05:15:30,2018-01-11,7,33,0,development
9694,2018-01-11 05:16:01,2018-01-11,7,33,0,development
9695,2018-01-11 05:16:31,2018-01-11,7,33,0,development
9696,2018-01-11 05:17:02,2018-01-11,7,33,0,development
9697,2018-01-11 05:17:33,2018-01-11,7,33,0,development
9698,2018-01-11 05:18:03,2018-01-11,7,33,0,development
9699,2018-01-11 05:18:34,2018-01-11,7,33,0,development
9700,2018-01-11 05:19:04,2018-01-11,7,33,0,development
9701,2018-01-11 05:19:35,2018-01-11,7,33,0,development
9702,2018-01-11 05:20:06,2018-01-11,7,33,0,development
9703,2018-01-11 05:20:36,2018-01-11,7,33,0,development
9704,2018-01-11 05:21:07,2018-01-11,7,33,0,development
9705,2018-01-11 05:21:38,2018-01-11,7,33,0,development
9706,2018-01-11 05:22:08,2018-01-11,7,33,0,development
9707,2018-01-11 05:22:39,2018-01-11,7,33,0,development
9708,2018-01-11 05:23:10,2018-01-11,7,33,0,development
9709,2018-01-11 05:24:11,2018-01-11,7,33,0,development
9710,2018-01-11 05:24:41,2018-01-11,7,33,0,development
9711,2018-01-11 05:25:12,2018-01-11,7,33,0,development
9712,2018-01-11 05:25:43,2018-01-11,7,33,0,development
9713,2018-01-11 05:26:13,2018-01-11,7,33,0,development
9714,2018-01-11 05:26:44,2018-01-11,7,33,0,development
9715,2018-01-11 05:27:15,2018-01-11,7,33,0,development
9716,2018-01-11 05:27:45,2018-01-11,7,33,0,development
9717,2018-01-11 05:28:16,2018-01-11,7,33,0,development
9718,2018-01-11 05:28:46,2018-01-11,7,33,0,development
9719,2018-01-11 05:29:17,2018-01-11,7,33,0,development
9720,2018-01-11 05:29:48,2018-01-11,7,33,0,development
9721,2018-01-11 05:30:18,2018-01-11,7,33,0,development
9722,2018-01-11 05:30:49,2018-01-11,7,33,0,development
9723,2018-01-11 05:31:20,2018-01-11,7,33,0,development
9724,2018-01-11 05:31:50,2018-01-11,7,33,0,development
9725,2018-01-11 05:32:21,2018-01-11,7,33,0,development
9726,2018-01-11 05:32:52,2018-01-11,7,33,0,development
9727,2018-01-11 05:33:22,2018-01-11,7,33,0,development
9728,2018-01-11 05:33:53,2018-01-11,7,33,0,development
9729,2018-01-11 05:34:23,2018-01-11,7,33,0,development
9730,2018-01-11 05:34:54,2018-01-11,7,33,0,development
9731,2018-01-11 05:35:25,2018-01-11,7,33,0,development
9732,2018-01-11 05:35:55,2018-01-11,7,33,0,development
9733,2018-01-11 05:36:26,2018-01-11,7,33,0,development
9734,2018-01-11 05:36:57,2018-01-11,7,33,0,development
9735,2018-01-11 05:37:27,2018-01-11,7,33,0,development
9736,2018-01-11 05:37:58,2018-01-11,7,33,0,development
9737,2018-01-11 05:38:29,2018-01-11,7,33,0,development
9738,2018-01-11 05:38:59,2018-01-11,7,33,0,development
9739,2018-01-11 05:39:30,2018-01-11,7,33,0,development
9740,2018-01-11 05:40:00,2018-01-11,7,33,0,development
9741,2018-01-11 05:40:31,2018-01-11,7,33,0,development
9742,2018-01-11 05:41:02,2018-01-11,7,33,0,development
9743,2018-01-11 05:41:32,2018-01-11,7,33,0,development
9744,2018-01-11 05:42:03,2018-01-11,7,33,0,development
9745,2018-01-11 05:42:34,2018-01-11,7,33,0,development
9746,2018-01-11 05:43:04,2018-01-11,7,33,0,development
9747,2018-01-11 05:43:35,2018-01-11,7,33,0,development
9748,2018-01-11 05:44:06,2018-01-11,7,33,0,development
9749,2018-01-11 05:44:36,2018-01-11,7,33,0,development
9750,2018-01-11 05:45:07,2018-01-11,7,33,0,development
9751,2018-01-11 05:45:37,2018-01-11,7,33,0,development
9752,2018-01-11 05:46:08,2018-01-11,7,33,0,development
9753,2018-01-11 05:46:39,2018-01-11,7,33,0,development
9754,2018-01-11 05:47:09,2018-01-11,7,33,0,development
9755,2018-01-11 05:47:40,2018-01-11,7,33,0,development
9756,2018-01-11 05:48:11,2018-01-11,7,33,0,development
9757,2018-01-11 05:48:41,2018-01-11,7,33,0,development
9758,2018-01-11 05:49:12,2018-01-11,7,33,0,development
9759,2018-01-11 05:49:43,2018-01-11,7,33,0,development
9760,2018-01-11 05:50:13,2018-01-11,7,33,0,development
9761,2018-01-11 05:50:44,2018-01-11,7,33,0,development
9762,2018-01-11 05:51:14,2018-01-11,7,33,0,development
9763,2018-01-11 05:51:45,2018-01-11,7,33,0,development
9764,2018-01-11 05:52:16,2018-01-11,7,33,0,development
9765,2018-01-11 05:52:46,2018-01-11,7,33,0,development
9766,2018-01-11 05:53:17,2018-01-11,7,33,0,development
9767,2018-01-11 05:53:48,2018-01-11,7,33,0,development
9768,2018-01-11 05:54:18,2018-01-11,7,33,0,development
9769,2018-01-11 05:54:49,2018-01-11,7,33,0,development
9770,2018-01-11 05:55:20,2018-01-11,7,33,0,development
9771,2018-01-11 05:55:50,2018-01-11,7,33,0,development
9772,2018-01-11 05:56:21,2018-01-11,7,33,0,development
9773,2018-01-11 05:56:51,2018-01-11,7,33,0,development
9774,2018-01-11 05:57:22,2018-01-11,7,33,0,development
9775,2018-01-11 05:57:53,2018-01-11,7,33,0,development
9776,2018-01-11 05:58:23,2018-01-11,7,33,0,development
9777,2018-01-11 05:58:54,2018-01-11,7,33,0,development
9778,2018-01-11 05:59:25,2018-01-11,7,33,0,development
9779,2018-01-11 05:59:55,2018-01-11,7,33,0,development
9780,2018-01-11 06:00:26,2018-01-11,7,33,0,development
9781,2018-01-11 06:00:56,2018-01-11,7,33,0,development
9782,2018-01-11 06:01:27,2018-01-11,7,33,0,development
9783,2018-01-11 06:01:58,2018-01-11,7,33,0,development
9784,2018-01-11 06:02:28,2018-01-11,7,33,0,development
9785,2018-01-11 06:02:59,2018-01-11,7,33,0,development
9786,2018-01-11 06:03:30,2018-01-11,7,33,0,development
9787,2018-01-11 06:04:00,2018-01-11,7,33,0,development
9788,2018-01-11 06:04:31,2018-01-11,7,33,0,development
9789,2018-01-11 06:05:02,2018-01-11,7,33,0,development
9790,2018-01-11 06:05:32,2018-01-11,7,33,0,development
9791,2018-01-11 06:06:03,2018-01-11,7,33,0,development
9792,2018-01-11 06:06:33,2018-01-11,7,33,0,development
9793,2018-01-11 06:07:04,2018-01-11,7,33,0,development
9794,2018-01-11 06:07:35,2018-01-11,7,33,0,development
9795,2018-01-11 06:08:05,2018-01-11,7,33,0,development
9796,2018-01-11 06:08:36,2018-01-11,7,33,0,development
9797,2018-01-11 06:09:07,2018-01-11,7,33,0,development
9798,2018-01-11 06:09:37,2018-01-11,7,33,0,development
9799,2018-01-11 06:10:08,2018-01-11,7,33,0,development
9800,2018-01-11 06:10:39,2018-01-11,7,33,0,development
9801,2018-01-11 06:11:09,2018-01-11,7,33,0,development
9802,2018-01-11 06:11:40,2018-01-11,7,33,0,development
9803,2018-01-11 06:12:10,2018-01-11,7,33,0,development
9804,2018-01-11 06:12:41,2018-01-11,7,33,0,development
9805,2018-01-11 06:13:12,2018-01-11,7,33,0,development
9806,2018-01-11 06:13:42,2018-01-11,7,33,0,development
9807,2018-01-11 06:14:13,2018-01-11,7,33,0,development
9808,2018-01-11 06:14:44,2018-01-11,7,33,0,development
9809,2018-01-11 06:15:14,2018-01-11,7,33,0,development
9810,2018-01-11 06:15:45,2018-01-11,7,33,0,development
9811,2018-01-11 06:16:16,2018-01-11,7,33,0,development
9812,2018-01-11 06:16:46,2018-01-11,7,33,0,development
9813,2018-01-11 06:17:17,2018-01-11,7,33,0,development
9814,2018-01-11 06:17:47,2018-01-11,7,33,0,development
9815,2018-01-11 06:18:18,2018-01-11,7,33,0,development
9816,2018-01-11 06:18:49,2018-01-11,7,33,0,development
9817,2018-01-11 06:19:19,2018-01-11,7,33,0,development
9818,2018-01-11 06:19:50,2018-01-11,7,33,0,development
9819,2018-01-11 06:20:21,2018-01-11,7,33,0,development
9820,2018-01-11 06:21:22,2018-01-11,7,33,0,development
9821,2018-01-11 06:21:53,2018-01-11,7,33,0,development
9822,2018-01-11 06:22:23,2018-01-11,7,33,0,development
9823,2018-01-11 06:22:54,2018-01-11,7,33,0,development
9824,2018-01-11 06:23:24,2018-01-11,7,33,0,development
9825,2018-01-11 06:23:55,2018-01-11,7,33,0,development
9826,2018-01-11 06:24:26,2018-01-11,7,33,0,development
9827,2018-01-11 06:24:56,2018-01-11,7,33,0,development
9828,2018-01-11 06:25:27,2018-01-11,7,33,0,development
9829,2018-01-11 06:25:58,2018-01-11,7,33,0,development
9830,2018-01-11 06:26:28,2018-01-11,7,33,0,development
9831,2018-01-11 06:26:59,2018-01-11,7,33,0,development
9832,2018-01-11 06:27:30,2018-01-11,7,33,0,development
9833,2018-01-11 06:28:00,2018-01-11,7,33,0,development
9834,2018-01-11 06:28:31,2018-01-11,7,33,0,development
9835,2018-01-11 06:29:01,2018-01-11,7,33,0,development
9836,2018-01-11 06:29:32,2018-01-11,7,33,0,development
9837,2018-01-11 06:30:03,2018-01-11,7,33,0,development
9838,2018-01-11 06:30:33,2018-01-11,7,33,0,development
9839,2018-01-11 06:31:04,2018-01-11,7,33,0,development
9840,2018-01-11 06:31:35,2018-01-11,7,33,0,development
9841,2018-01-11 06:32:05,2018-01-11,7,33,0,development
9842,2018-01-11 06:32:36,2018-01-11,7,33,0,development
9843,2018-01-11 06:33:06,2018-01-11,7,33,0,development
9844,2018-01-11 06:33:37,2018-01-11,7,33,0,development
9845,2018-01-11 06:34:08,2018-01-11,7,33,0,development
9846,2018-01-11 06:34:38,2018-01-11,7,33,0,development
9847,2018-01-11 06:35:09,2018-01-11,7,33,0,development
9848,2018-01-11 06:35:40,2018-01-11,7,33,0,development
9849,2018-01-11 06:36:10,2018-01-11,7,33,0,development
9850,2018-01-11 06:36:41,2018-01-11,7,33,0,development
9851,2018-01-11 06:37:12,2018-01-11,7,33,0,development
9852,2018-01-11 06:37:42,2018-01-11,7,33,0,development
9853,2018-01-11 06:38:13,2018-01-11,7,33,0,development
9854,2018-01-11 06:38:43,2018-01-11,7,33,0,development
9855,2018-01-11 06:39:14,2018-01-11,7,33,0,development
9856,2018-01-11 06:39:45,2018-01-11,7,33,0,development
9857,2018-01-11 06:40:15,2018-01-11,7,33,0,development
9858,2018-01-11 06:40:46,2018-01-11,7,33,0,development
9859,2018-01-11 06:41:17,2018-01-11,7,33,0,development
9860,2018-01-11 06:41:47,2018-01-11,7,33,0,development
9861,2018-01-11 06:42:18,2018-01-11,7,33,0,development
9862,2018-01-11 06:42:49,2018-01-11,7,33,0,development
9863,2018-01-11 06:43:19,2018-01-11,7,33,0,development
9864,2018-01-11 06:43:50,2018-01-11,7,33,0,development
9865,2018-01-11 06:44:20,2018-01-11,7,33,0,development
9866,2018-01-11 06:44:51,2018-01-11,7,33,0,development
9867,2018-01-11 06:45:22,2018-01-11,7,33,0,development
9868,2018-01-11 06:45:52,2018-01-11,7,33,0,development
9869,2018-01-11 06:46:23,2018-01-11,7,33,0,development
9870,2018-01-11 06:46:54,2018-01-11,7,33,0,development
9871,2018-01-11 06:47:24,2018-01-11,7,33,0,development
9872,2018-01-11 06:47:55,2018-01-11,7,33,0,development
9873,2018-01-11 06:48:26,2018-01-11,7,33,0,development
9874,2018-01-11 06:48:56,2018-01-11,7,33,0,development
9875,2018-01-11 06:49:27,2018-01-11,7,33,0,development
9876,2018-01-11 06:49:57,2018-01-11,7,33,0,development
9877,2018-01-11 06:50:28,2018-01-11,7,33,0,development
9878,2018-01-11 06:50:59,2018-01-11,7,33,0,development
9879,2018-01-11 06:51:29,2018-01-11,7,33,0,development
9880,2018-01-11 06:52:00,2018-01-11,7,33,0,development
9881,2018-01-11 06:52:31,2018-01-11,7,33,0,development
9882,2018-01-11 06:53:01,2018-01-11,7,33,0,development
9883,2018-01-11 06:53:32,2018-01-11,7,33,0,development
9884,2018-01-11 06:54:03,2018-01-11,7,33,0,development
9885,2018-01-11 06:54:33,2018-01-11,7,33,0,development
9886,2018-01-11 06:55:04,2018-01-11,7,33,0,development
9887,2018-01-11 06:55:34,2018-01-11,7,33,0,development
9888,2018-01-11 06:56:05,2018-01-11,7,33,0,development
9889,2018-01-11 06:56:36,2018-01-11,7,33,0,development
9890,2018-01-11 06:57:06,2018-01-11,7,33,0,development
9891,2018-01-11 06:57:37,2018-01-11,7,33,0,development
9892,2018-01-11 06:58:08,2018-01-11,7,33,0,development
9893,2018-01-11 06:58:38,2018-01-11,7,33,0,development
9894,2018-01-11 06:59:09,2018-01-11,7,33,0,development
9895,2018-01-11 06:59:39,2018-01-11,7,33,0,development
9896,2018-01-11 07:00:10,2018-01-11,7,33,0,development
9897,2018-01-11 07:00:41,2018-01-11,7,33,0,development
9898,2018-01-11 07:01:11,2018-01-11,7,33,0,development
9899,2018-01-11 07:01:42,2018-01-11,7,33,0,development
9900,2018-01-11 07:02:13,2018-01-11,7,33,0,development
9901,2018-01-11 07:02:43,2018-01-11,7,33,0,development
9902,2018-01-11 07:03:14,2018-01-11,7,33,0,development
9903,2018-01-11 07:03:45,2018-01-11,7,33,0,development
9904,2018-01-11 07:04:15,2018-01-11,7,33,0,development
9905,2018-01-11 07:04:46,2018-01-11,7,33,0,development
9906,2018-01-11 07:05:16,2018-01-11,7,33,0,development
9907,2018-01-11 07:05:47,2018-01-11,7,33,0,development
9908,2018-01-11 07:06:18,2018-01-11,7,33,0,development
9909,2018-01-11 07:06:48,2018-01-11,7,33,0,development
9910,2018-01-11 07:07:19,2018-01-11,7,33,0,development
9911,2018-01-11 07:07:50,2018-01-11,7,33,0,development
9912,2018-01-11 07:08:20,2018-01-11,7,33,0,development
9913,2018-01-11 07:08:51,2018-01-11,7,33,0,development
9914,2018-01-11 07:09:22,2018-01-11,7,33,0,development
9915,2018-01-11 07:09:52,2018-01-11,7,33,0,development
9916,2018-01-11 07:10:23,2018-01-11,7,33,0,development
9917,2018-01-11 07:10:53,2018-01-11,7,33,0,development
9918,2018-01-11 07:11:24,2018-01-11,7,33,0,development
9919,2018-01-11 07:11:55,2018-01-11,7,33,0,development
9920,2018-01-11 07:12:25,2018-01-11,7,33,0,development
9921,2018-01-11 07:12:56,2018-01-11,7,33,0,development
9922,2018-01-11 07:13:27,2018-01-11,7,33,0,development
9923,2018-01-11 07:13:57,2018-01-11,7,33,0,development
9924,2018-01-11 07:14:28,2018-01-11,7,33,0,development
9925,2018-01-11 07:14:59,2018-01-11,7,33,0,development
9926,2018-01-11 07:15:29,2018-01-11,7,33,0,development
9927,2018-01-11 07:16:00,2018-01-11,7,33,0,development
9928,2018-01-11 07:16:30,2018-01-11,7,33,0,development
9929,2018-01-11 07:17:01,2018-01-11,7,33,0,development
9930,2018-01-11 07:17:32,2018-01-11,7,33,0,development
9931,2018-01-11 07:18:33,2018-01-11,7,33,0,development
9932,2018-01-11 07:19:04,2018-01-11,7,33,0,development
9933,2018-01-11 07:19:34,2018-01-11,7,33,0,development
9934,2018-01-11 07:20:05,2018-01-11,7,33,0,development
9935,2018-01-11 07:20:36,2018-01-11,7,33,0,development
9936,2018-01-11 07:21:06,2018-01-11,7,33,0,development
9937,2018-01-11 07:21:37,2018-01-11,7,33,0,development
9938,2018-01-11 07:22:07,2018-01-11,7,33,0,development
9939,2018-01-11 07:22:38,2018-01-11,7,33,0,development
9940,2018-01-11 07:23:09,2018-01-11,7,33,0,development
9941,2018-01-11 07:23:39,2018-01-11,7,33,0,development
9942,2018-01-11 07:24:10,2018-01-11,7,33,0,development
9943,2018-01-11 07:24:41,2018-01-11,7,33,0,development
9944,2018-01-11 07:25:11,2018-01-11,7,33,0,development
9945,2018-01-11 07:25:42,2018-01-11,7,33,0,development
9946,2018-01-11 07:26:13,2018-01-11,7,33,0,development
9947,2018-01-11 07:26:43,2018-01-11,7,33,0,development
9948,2018-01-11 07:27:14,2018-01-11,7,33,0,development
9949,2018-01-11 07:27:44,2018-01-11,7,33,0,development
9950,2018-01-11 07:28:15,2018-01-11,7,33,0,development
9951,2018-01-11 07:28:46,2018-01-11,7,33,0,development
9952,2018-01-11 07:29:16,2018-01-11,7,33,0,development
9953,2018-01-11 07:29:47,2018-01-11,7,33,0,development
9954,2018-01-11 07:30:18,2018-01-11,7,33,0,development
9955,2018-01-11 07:30:48,2018-01-11,7,33,0,development
9956,2018-01-11 07:31:19,2018-01-11,7,33,0,development
9957,2018-01-11 07:31:49,2018-01-11,7,33,0,development
9958,2018-01-11 07:32:20,2018-01-11,7,33,0,development
9959,2018-01-11 07:32:51,2018-01-11,7,33,0,development
9960,2018-01-11 07:33:21,2018-01-11,7,33,0,development
9961,2018-01-11 07:33:52,2018-01-11,7,33,0,development
9962,2018-01-11 07:34:23,2018-01-11,7,33,0,development
9963,2018-01-11 07:34:53,2018-01-11,7,33,0,development
9964,2018-01-11 07:35:24,2018-01-11,7,33,0,development
9965,2018-01-11 07:35:55,2018-01-11,7,33,0,development
9966,2018-01-11 07:36:25,2018-01-11,7,33,0,development
9967,2018-01-11 07:36:56,2018-01-11,7,33,0,development
9968,2018-01-11 07:37:26,2018-01-11,7,33,0,development
9969,2018-01-11 07:37:57,2018-01-11,7,33,0,development
9970,2018-01-11 07:38:28,2018-01-11,7,33,0,development
9971,2018-01-11 07:38:58,2018-01-11,7,33,0,development
9972,2018-01-11 07:39:29,2018-01-11,7,33,0,development
9973,2018-01-11 07:40:00,2018-01-11,7,33,0,development
9974,2018-01-11 07:40:30,2018-01-11,7,33,0,development
9975,2018-01-11 07:41:01,2018-01-11,7,33,0,development
9976,2018-01-11 07:41:32,2018-01-11,7,33,0,development
9977,2018-01-11 07:42:02,2018-01-11,7,33,0,development
9978,2018-01-11 07:42:33,2018-01-11,7,33,0,development
9979,2018-01-11 07:43:03,2018-01-11,7,33,0,development
9980,2018-01-11 07:43:34,2018-01-11,7,33,0,development
9981,2018-01-11 07:44:05,2018-01-11,7,33,0,development
9982,2018-01-11 07:44:35,2018-01-11,7,33,0,development
9983,2018-01-11 07:45:06,2018-01-11,7,33,0,development
9984,2018-01-11 07:45:37,2018-01-11,7,33,0,development
9985,2018-01-11 07:46:07,2018-01-11,7,33,0,development
9986,2018-01-11 07:46:38,2018-01-11,7,33,0,development
9987,2018-01-11 07:47:09,2018-01-11,7,33,0,development
9988,2018-01-11 07:47:39,2018-01-11,7,33,0,development
9989,2018-01-11 07:48:10,2018-01-11,7,33,0,development
9990,2018-01-11 07:48:40,2018-01-11,7,33,0,development
9991,2018-01-11 07:49:11,2018-01-11,7,33,0,development
9992,2018-01-11 07:49:42,2018-01-11,7,33,0,development
9993,2018-01-11 07:50:12,2018-01-11,7,33,0,development
9994,2018-01-11 07:50:43,2018-01-11,7,33,0,development
9995,2018-01-11 07:51:14,2018-01-11,7,33,0,development
9996,2018-01-11 07:51:44,2018-01-11,7,33,0,development
9997,2018-01-11 07:52:15,2018-01-11,7,33,0,development
9998,2018-01-11 07:52:46,2018-01-11,7,33,0,development
9999,2018-01-11 07:53:16,2018-01-11,7,33,0,development
10000,2018-01-11 07:53:47,2018-01-11,7,33,0,development
10001,2018-01-11 07:54:17,2018-01-11,7,33,0,development
10002,2018-01-11 07:54:48,2018-01-11,7,33,0,development
10003,2018-01-11 07:55:19,2018-01-11,7,33,0,development
10004,2018-01-11 07:55:49,2018-01-11,7,33,0,development
10005,2018-01-11 07:56:20,2018-01-11,7,33,0,development
10006,2018-01-11 07:56:51,2018-01-11,7,33,0,development
10007,2018-01-11 07:57:21,2018-01-11,7,33,0,development
10008,2018-01-11 07:57:52,2018-01-11,7,33,0,development
10009,2018-01-11 07:58:23,2018-01-11,7,33,0,development
10010,2018-01-11 07:58:53,2018-01-11,7,33,0,development
10011,2018-01-11 07:59:24,2018-01-11,7,33,0,development
10012,2018-01-11 07:59:54,2018-01-11,7,33,0,development
10013,2018-01-11 08:00:25,2018-01-11,7,33,0,development
10014,2018-01-11 08:00:56,2018-01-11,7,33,0,development
10015,2018-01-11 08:01:26,2018-01-11,7,33,0,development
10016,2018-01-11 08:01:57,2018-01-11,7,33,0,development
10017,2018-01-11 08:02:28,2018-01-11,7,33,0,development
10018,2018-01-11 08:02:58,2018-01-11,7,33,0,development
10019,2018-01-11 08:03:29,2018-01-11,7,33,0,development
10020,2018-01-11 08:03:59,2018-01-11,7,33,0,development
10021,2018-01-11 08:04:30,2018-01-11,7,33,0,development
10022,2018-01-11 08:05:01,2018-01-11,7,33,0,development
10023,2018-01-11 08:05:31,2018-01-11,7,33,0,development
10024,2018-01-11 08:06:02,2018-01-11,7,33,0,development
10025,2018-01-11 08:06:33,2018-01-11,7,33,0,development
10026,2018-01-11 08:07:03,2018-01-11,7,33,0,development
10027,2018-01-11 08:07:34,2018-01-11,7,33,0,development
10028,2018-01-11 08:08:05,2018-01-11,7,33,0,development
10029,2018-01-11 08:08:35,2018-01-11,7,33,0,development
10030,2018-01-11 08:09:06,2018-01-11,7,33,0,development
10031,2018-01-11 08:09:36,2018-01-11,7,33,0,development
10032,2018-01-11 08:10:07,2018-01-11,7,33,0,development
10033,2018-01-11 08:10:38,2018-01-11,7,33,0,development
10034,2018-01-11 08:11:08,2018-01-11,7,33,0,development
10035,2018-01-11 08:11:39,2018-01-11,7,33,0,development
10036,2018-01-11 08:12:10,2018-01-11,7,33,0,development
10037,2018-01-11 08:12:40,2018-01-11,7,33,0,development
10038,2018-01-11 08:13:11,2018-01-11,7,33,0,development
10039,2018-01-11 08:13:42,2018-01-11,7,33,0,development
10040,2018-01-11 08:14:12,2018-01-11,7,33,0,development
10041,2018-01-11 08:14:43,2018-01-11,7,33,0,development
10042,2018-01-11 08:15:44,2018-01-11,7,33,0,development
10043,2018-01-11 08:16:15,2018-01-11,7,33,0,development
10044,2018-01-11 08:16:45,2018-01-11,7,33,0,development
10045,2018-01-11 08:17:16,2018-01-11,7,33,0,development
10046,2018-01-11 08:17:47,2018-01-11,7,33,0,development
10047,2018-01-11 08:18:17,2018-01-11,7,33,0,development
10048,2018-01-11 08:18:48,2018-01-11,7,33,0,development
10049,2018-01-11 08:19:19,2018-01-11,7,33,0,development
10050,2018-01-11 08:19:49,2018-01-11,7,33,0,development
10051,2018-01-11 08:20:20,2018-01-11,7,33,0,development
10052,2018-01-11 08:20:50,2018-01-11,7,33,0,development
10053,2018-01-11 08:21:21,2018-01-11,7,33,0,development
10054,2018-01-11 08:21:52,2018-01-11,7,33,0,development
10055,2018-01-11 08:22:22,2018-01-11,7,33,0,development
10056,2018-01-11 08:22:53,2018-01-11,7,33,0,development
10057,2018-01-11 08:23:24,2018-01-11,7,33,0,development
10058,2018-01-11 08:23:54,2018-01-11,7,33,0,development
10059,2018-01-11 08:24:25,2018-01-11,7,33,0,development
10060,2018-01-11 08:24:56,2018-01-11,7,33,0,development
10061,2018-01-11 08:25:26,2018-01-11,7,33,0,development
10062,2018-01-11 08:25:57,2018-01-11,7,33,0,development
10063,2018-01-11 08:26:27,2018-01-11,7,33,0,development
10064,2018-01-11 08:26:58,2018-01-11,7,33,0,development
10065,2018-01-11 08:27:29,2018-01-11,7,33,0,development
10066,2018-01-11 08:27:59,2018-01-11,7,33,0,development
10067,2018-01-11 08:28:30,2018-01-11,7,33,0,development
10068,2018-01-11 08:29:01,2018-01-11,7,33,0,development
10069,2018-01-11 08:29:31,2018-01-11,7,33,0,development
10070,2018-01-11 08:30:02,2018-01-11,7,33,0,development
10071,2018-01-11 08:30:33,2018-01-11,7,33,0,development
10072,2018-01-11 08:31:03,2018-01-11,7,33,0,development
10073,2018-01-11 08:31:34,2018-01-11,7,33,0,development
10074,2018-01-11 08:32:04,2018-01-11,7,33,0,development
10075,2018-01-11 08:32:35,2018-01-11,7,33,0,development
10076,2018-01-11 08:33:06,2018-01-11,7,33,0,development
10077,2018-01-11 08:33:36,2018-01-11,7,33,0,development
10078,2018-01-11 08:34:07,2018-01-11,7,33,0,development
10079,2018-01-11 08:34:38,2018-01-11,7,33,0,development
10080,2018-01-11 08:35:08,2018-01-11,7,33,0,development
10081,2018-01-11 08:35:39,2018-01-11,7,33,0,development
10082,2018-01-11 08:36:10,2018-01-11,7,33,0,development
10083,2018-01-11 08:36:40,2018-01-11,7,33,0,development
10084,2018-01-11 08:37:11,2018-01-11,7,33,0,development
10085,2018-01-11 08:37:41,2018-01-11,7,33,0,development
10086,2018-01-11 08:38:12,2018-01-11,7,33,0,development
10087,2018-01-11 08:38:43,2018-01-11,7,33,0,development
10088,2018-01-11 08:39:13,2018-01-11,7,33,0,development
10089,2018-01-11 08:39:44,2018-01-11,7,33,0,development
10090,2018-01-11 08:40:15,2018-01-11,7,33,0,development
10091,2018-01-11 08:40:45,2018-01-11,7,33,0,development
10092,2018-01-11 08:41:16,2018-01-11,7,33,0,development
10093,2018-01-11 08:41:46,2018-01-11,7,33,0,development
10094,2018-01-11 08:42:17,2018-01-11,7,33,0,development
10095,2018-01-11 08:42:48,2018-01-11,7,33,0,development
10096,2018-01-11 08:43:18,2018-01-11,7,33,0,development
10097,2018-01-11 08:43:49,2018-01-11,7,33,0,development
10098,2018-01-11 08:44:20,2018-01-11,7,33,0,development
10099,2018-01-11 08:44:50,2018-01-11,7,33,0,development
10100,2018-01-11 08:45:21,2018-01-11,7,33,0,development
10101,2018-01-11 08:45:52,2018-01-11,7,33,0,development
10102,2018-01-11 08:46:22,2018-01-11,7,33,0,development
10103,2018-01-11 08:46:53,2018-01-11,7,33,0,development
10104,2018-01-11 08:47:23,2018-01-11,7,33,0,development
10105,2018-01-11 08:47:54,2018-01-11,7,33,0,development
10106,2018-01-11 08:48:25,2018-01-11,7,33,0,development
10107,2018-01-11 08:48:55,2018-01-11,7,33,0,development
10108,2018-01-11 08:49:26,2018-01-11,7,33,0,development
10109,2018-01-11 08:49:57,2018-01-11,7,33,0,development
10110,2018-01-11 08:50:27,2018-01-11,7,33,0,development
10111,2018-01-11 08:50:58,2018-01-11,7,33,0,development
10112,2018-01-11 08:51:29,2018-01-11,7,33,0,development
10113,2018-01-11 08:51:59,2018-01-11,7,33,0,development
10114,2018-01-11 08:52:30,2018-01-11,7,33,0,development
10115,2018-01-11 08:53:31,2018-01-11,7,33,0,development
10116,2018-01-11 08:54:02,2018-01-11,7,33,0,development
10117,2018-01-11 08:54:32,2018-01-11,7,33,0,development
10118,2018-01-11 08:55:03,2018-01-11,7,33,0,development
10119,2018-01-11 08:55:34,2018-01-11,7,33,0,development
10120,2018-01-11 08:56:04,2018-01-11,7,33,0,development
10121,2018-01-11 08:56:35,2018-01-11,7,33,0,development
10122,2018-01-11 08:57:06,2018-01-11,7,33,0,development
10123,2018-01-11 08:57:36,2018-01-11,7,33,0,development
10124,2018-01-11 08:58:07,2018-01-11,7,33,0,development
10125,2018-01-11 08:58:37,2018-01-11,7,33,0,development
10126,2018-01-11 08:59:08,2018-01-11,7,33,0,development
10127,2018-01-11 08:59:39,2018-01-11,7,33,0,development
10128,2018-01-11 09:00:09,2018-01-11,7,33,0,development
